"";"IDCNTRY";"dvar";"refpctile";"comppctile";"groupvar";"refgroup";"compgroup";"gap";"gap_se";"cgap";"cgap_se";"gapdiff";"gapdiff_se";"gapdiff_t";"weight";"method";"jk2type";"shortcut";"date";"time";"reps";"npv";"selcrit"
"1";"Argentina";"ASRREA0";10;50;"ASBGSEX";"GIRL";"GIRL";137,6598152;8,28191316969984;137,6598152;8,28191316969984;0;0;NA;"TOTWGT";"JRR";"HALF";"Y";"04-MAR-26";"13h10m";75;5;"NONE"
"2";"Argentina";"ASRREA0";10;50;"ASBGSEX";"GIRL";"BOY";137,6598152;8,28191316969984;130,7341074;9,4732411947415;-6,92570780000002;10,2744105800032;-0,674073490257369;"TOTWGT";"JRR";"HALF";"Y";"04-MAR-26";"13h10m";75;5;"NONE"
"3";"Argentina";"ASRREA0";10;50;"ASBGSEX";"BOY";"GIRL";130,7341074;9,4732411947415;137,6598152;8,28191316969984;6,92570780000002;10,2744105800032;0,674073490257369;"TOTWGT";"JRR";"HALF";"Y";"04-MAR-26";"13h10m";75;5;"NONE"
"4";"Argentina";"ASRREA0";10;50;"ASBGSEX";"BOY";"BOY";130,7341074;9,4732411947415;130,7341074;9,4732411947415;0;0;NA;"TOTWGT";"JRR";"HALF";"Y";"04-MAR-26";"13h10m";75;5;"NONE"
"5";"Argentina";"ASRREA0";10;90;"ASBGSEX";"GIRL";"GIRL";250,1836142;11,163020740458;250,1836142;11,163020740458;0;0;NA;"TOTWGT";"JRR";"HALF";"Y";"04-MAR-26";"13h10m";75;5;"NONE"
"6";"Argentina";"ASRREA0";10;90;"ASBGSEX";"GIRL";"BOY";250,1836142;11,163020740458;244,7255872;10,2692127198077;-5,458027;12,1406547681252;-0,449566115192553;"TOTWGT";"JRR";"HALF";"Y";"04-MAR-26";"13h10m";75;5;"NONE"
"7";"Argentina";"ASRREA0";10;90;"ASBGSEX";"BOY";"GIRL";244,7255872;10,2692127198077;250,1836142;11,163020740458;5,458027;12,1406547681252;0,449566115192553;"TOTWGT";"JRR";"HALF";"Y";"04-MAR-26";"13h10m";75;5;"NONE"
"8";"Argentina";"ASRREA0";10;90;"ASBGSEX";"BOY";"BOY";244,7255872;10,2692127198077;244,7255872;10,2692127198077;0;0;NA;"TOTWGT";"JRR";"HALF";"Y";"04-MAR-26";"13h10m";75;5;"NONE"
"9";"Argentina";"ASRREA0";50;90;"ASBGSEX";"GIRL";"GIRL";112,523799;7,35010646821253;112,523799;7,35010646821253;0;0;NA;"TOTWGT";"JRR";"HALF";"Y";"04-MAR-26";"13h10m";75;5;"NONE"
"10";"Argentina";"ASRREA0";50;90;"ASBGSEX";"GIRL";"BOY";112,523799;7,35010646821253;113,9914798;6,21397596299815;1,46768080000002;8,66109922345093;0,169456643104388;"TOTWGT";"JRR";"HALF";"Y";"04-MAR-26";"13h10m";75;5;"NONE"
"11";"Argentina";"ASRREA0";50;90;"ASBGSEX";"BOY";"GIRL";113,9914798;6,21397596299815;112,523799;7,35010646821253;-1,46768080000002;8,66109922345093;-0,169456643104388;"TOTWGT";"JRR";"HALF";"Y";"04-MAR-26";"13h10m";75;5;"NONE"
"12";"Argentina";"ASRREA0";50;90;"ASBGSEX";"BOY";"BOY";113,9914798;6,21397596299815;113,9914798;6,21397596299815;0;0;NA;"TOTWGT";"JRR";"HALF";"Y";"04-MAR-26";"13h10m";75;5;"NONE"
"13";"Belize";"ASRREA0";10;50;"ASBGSEX";"GIRL";"GIRL";131,3089834;8,94956726811123;131,3089834;8,94956726811123;0;0;NA;"TOTWGT";"JRR";"HALF";"Y";"04-MAR-26";"13h10m";75;5;"NONE"
"14";"Belize";"ASRREA0";10;50;"ASBGSEX";"GIRL";"BOY";131,3089834;8,94956726811123;124,8963454;10,2158067010062;-6,41263800000003;10,8836308891779;-0,589200246250214;"TOTWGT";"JRR";"HALF";"Y";"04-MAR-26";"13h10m";75;5;"NONE"
"15";"Belize";"ASRREA0";10;50;"ASBGSEX";"BOY";"GIRL";124,8963454;10,2158067010062;131,3089834;8,94956726811123;6,41263800000003;10,8836308891779;0,589200246250214;"TOTWGT";"JRR";"HALF";"Y";"04-MAR-26";"13h10m";75;5;"NONE"
"16";"Belize";"ASRREA0";10;50;"ASBGSEX";"BOY";"BOY";124,8963454;10,2158067010062;124,8963454;10,2158067010062;0;0;NA;"TOTWGT";"JRR";"HALF";"Y";"04-MAR-26";"13h10m";75;5;"NONE"
"17";"Belize";"ASRREA0";10;90;"ASBGSEX";"GIRL";"GIRL";273,0641304;11,6849314406502;273,0641304;11,6849314406502;0;0;NA;"TOTWGT";"JRR";"HALF";"Y";"04-MAR-26";"13h10m";75;5;"NONE"
"18";"Belize";"ASRREA0";10;90;"ASBGSEX";"GIRL";"BOY";273,0641304;11,6849314406502;270,8036962;11,9963299277633;-2,26043419999996;14,819171487708;-0,152534451866956;"TOTWGT";"JRR";"HALF";"Y";"04-MAR-26";"13h10m";75;5;"NONE"
"19";"Belize";"ASRREA0";10;90;"ASBGSEX";"BOY";"GIRL";270,8036962;11,9963299277633;273,0641304;11,6849314406502;2,26043419999996;14,819171487708;0,152534451866956;"TOTWGT";"JRR";"HALF";"Y";"04-MAR-26";"13h10m";75;5;"NONE"
"20";"Belize";"ASRREA0";10;90;"ASBGSEX";"BOY";"BOY";270,8036962;11,9963299277633;270,8036962;11,9963299277633;0;0;NA;"TOTWGT";"JRR";"HALF";"Y";"04-MAR-26";"13h10m";75;5;"NONE"
"21";"Belize";"ASRREA0";50;90;"ASBGSEX";"GIRL";"GIRL";141,755147;11,0096077170442;141,755147;11,0096077170442;0;0;NA;"TOTWGT";"JRR";"HALF";"Y";"04-MAR-26";"13h10m";75;5;"NONE"
"22";"Belize";"ASRREA0";50;90;"ASBGSEX";"GIRL";"BOY";141,755147;11,0096077170442;145,9073508;11,0184912113188;4,15220380000003;13,4878313741758;0,307848139912985;"TOTWGT";"JRR";"HALF";"Y";"04-MAR-26";"13h10m";75;5;"NONE"
"23";"Belize";"ASRREA0";50;90;"ASBGSEX";"BOY";"GIRL";145,9073508;11,0184912113188;141,755147;11,0096077170442;-4,15220380000003;13,4878313741758;-0,307848139912985;"TOTWGT";"JRR";"HALF";"Y";"04-MAR-26";"13h10m";75;5;"NONE"
"24";"Belize";"ASRREA0";50;90;"ASBGSEX";"BOY";"BOY";145,9073508;11,0184912113188;145,9073508;11,0184912113188;0;0;NA;"TOTWGT";"JRR";"HALF";"Y";"04-MAR-26";"13h10m";75;5;"NONE"
"25";"Bulgaria";"ASRREA0";10;50;"ASBGSEX";"GIRL";"GIRL";110,8754062;7,38745533175706;110,8754062;7,38745533175706;0;0;NA;"TOTWGT";"JRR";"HALF";"Y";"04-MAR-26";"13h10m";75;5;"NONE"
"26";"Bulgaria";"ASRREA0";10;50;"ASBGSEX";"GIRL";"BOY";110,8754062;7,38745533175706;118,5553024;7,79423524920777;7,67989620000001;9,67802772962666;0,793539387833131;"TOTWGT";"JRR";"HALF";"Y";"04-MAR-26";"13h10m";75;5;"NONE"
"27";"Bulgaria";"ASRREA0";10;50;"ASBGSEX";"BOY";"GIRL";118,5553024;7,79423524920777;110,8754062;7,38745533175706;-7,67989620000001;9,67802772962666;-0,793539387833131;"TOTWGT";"JRR";"HALF";"Y";"04-MAR-26";"13h10m";75;5;"NONE"
"28";"Bulgaria";"ASRREA0";10;50;"ASBGSEX";"BOY";"BOY";118,5553024;7,79423524920777;118,5553024;7,79423524920777;0;0;NA;"TOTWGT";"JRR";"HALF";"Y";"04-MAR-26";"13h10m";75;5;"NONE"
"29";"Bulgaria";"ASRREA0";10;90;"ASBGSEX";"GIRL";"GIRL";198,7802776;8,16352448687845;198,7802776;8,16352448687845;0;0;NA;"TOTWGT";"JRR";"HALF";"Y";"04-MAR-26";"13h10m";75;5;"NONE"
"30";"Bulgaria";"ASRREA0";10;90;"ASBGSEX";"GIRL";"BOY";198,7802776;8,16352448687845;207,4059828;9,9391153053054;8,62570520000002;10,417212425776;0,8280243166259;"TOTWGT";"JRR";"HALF";"Y";"04-MAR-26";"13h10m";75;5;"NONE"
"31";"Bulgaria";"ASRREA0";10;90;"ASBGSEX";"BOY";"GIRL";207,4059828;9,9391153053054;198,7802776;8,16352448687845;-8,62570520000002;10,417212425776;-0,8280243166259;"TOTWGT";"JRR";"HALF";"Y";"04-MAR-26";"13h10m";75;5;"NONE"
"32";"Bulgaria";"ASRREA0";10;90;"ASBGSEX";"BOY";"BOY";207,4059828;9,9391153053054;207,4059828;9,9391153053054;0;0;NA;"TOTWGT";"JRR";"HALF";"Y";"04-MAR-26";"13h10m";75;5;"NONE"
"33";"Bulgaria";"ASRREA0";50;90;"ASBGSEX";"GIRL";"GIRL";87,9048714;4,7961555459743;87,9048714;4,7961555459743;0;0;NA;"TOTWGT";"JRR";"HALF";"Y";"04-MAR-26";"13h10m";75;5;"NONE"
"34";"Bulgaria";"ASRREA0";50;90;"ASBGSEX";"GIRL";"BOY";87,9048714;4,7961555459743;88,8506804;5,28690616089586;0,945809000000008;6,48269906360871;0,145897409507932;"TOTWGT";"JRR";"HALF";"Y";"04-MAR-26";"13h10m";75;5;"NONE"
"35";"Bulgaria";"ASRREA0";50;90;"ASBGSEX";"BOY";"GIRL";88,8506804;5,28690616089586;87,9048714;4,7961555459743;-0,945809000000008;6,48269906360871;-0,145897409507932;"TOTWGT";"JRR";"HALF";"Y";"04-MAR-26";"13h10m";75;5;"NONE"
"36";"Bulgaria";"ASRREA0";50;90;"ASBGSEX";"BOY";"BOY";88,8506804;5,28690616089586;88,8506804;5,28690616089586;0;0;NA;"TOTWGT";"JRR";"HALF";"Y";"04-MAR-26";"13h10m";75;5;"NONE"
"37";"Colombia";"ASRREA0";10;50;"ASBGSEX";"GIRL";"GIRL";108,7585354;6,19065225887176;108,7585354;6,19065225887176;0;0;NA;"TOTWGT";"JRR";"HALF";"Y";"04-MAR-26";"13h10m";75;5;"NONE"
"38";"Colombia";"ASRREA0";10;50;"ASBGSEX";"GIRL";"BOY";108,7585354;6,19065225887176;106,334622;13,0488382559782;-2,42391339999999;12,7618077257399;-0,189934956872222;"TOTWGT";"JRR";"HALF";"Y";"04-MAR-26";"13h10m";75;5;"NONE"
"39";"Colombia";"ASRREA0";10;50;"ASBGSEX";"BOY";"GIRL";106,334622;13,0488382559782;108,7585354;6,19065225887176;2,42391339999999;12,7618077257399;0,189934956872222;"TOTWGT";"JRR";"HALF";"Y";"04-MAR-26";"13h10m";75;5;"NONE"
"40";"Colombia";"ASRREA0";10;50;"ASBGSEX";"BOY";"BOY";106,334622;13,0488382559782;106,334622;13,0488382559782;0;0;NA;"TOTWGT";"JRR";"HALF";"Y";"04-MAR-26";"13h10m";75;5;"NONE"
"41";"Colombia";"ASRREA0";10;90;"ASBGSEX";"GIRL";"GIRL";212,6496302;8,65706552757774;212,6496302;8,65706552757774;0;0;NA;"TOTWGT";"JRR";"HALF";"Y";"04-MAR-26";"13h10m";75;5;"NONE"
"42";"Colombia";"ASRREA0";10;90;"ASBGSEX";"GIRL";"BOY";212,6496302;8,65706552757774;203,4276992;14,5620214322057;-9,22193100000004;14,3775415616113;-0,641412230351189;"TOTWGT";"JRR";"HALF";"Y";"04-MAR-26";"13h10m";75;5;"NONE"
"43";"Colombia";"ASRREA0";10;90;"ASBGSEX";"BOY";"GIRL";203,4276992;14,5620214322057;212,6496302;8,65706552757774;9,22193100000004;14,3775415616113;0,641412230351189;"TOTWGT";"JRR";"HALF";"Y";"04-MAR-26";"13h10m";75;5;"NONE"
"44";"Colombia";"ASRREA0";10;90;"ASBGSEX";"BOY";"BOY";203,4276992;14,5620214322057;203,4276992;14,5620214322057;0;0;NA;"TOTWGT";"JRR";"HALF";"Y";"04-MAR-26";"13h10m";75;5;"NONE"
"45";"Colombia";"ASRREA0";50;90;"ASBGSEX";"GIRL";"GIRL";103,8910948;5,90737843927542;103,8910948;5,90737843927542;0;0;NA;"TOTWGT";"JRR";"HALF";"Y";"04-MAR-26";"13h10m";75;5;"NONE"
"46";"Colombia";"ASRREA0";50;90;"ASBGSEX";"GIRL";"BOY";103,8910948;5,90737843927542;97,0930772;4,57931539446902;-6,79801760000005;6,85874333150947;-0,991146230646882;"TOTWGT";"JRR";"HALF";"Y";"04-MAR-26";"13h10m";75;5;"NONE"
"47";"Colombia";"ASRREA0";50;90;"ASBGSEX";"BOY";"GIRL";97,0930772;4,57931539446902;103,8910948;5,90737843927542;6,79801760000005;6,85874333150947;0,991146230646882;"TOTWGT";"JRR";"HALF";"Y";"04-MAR-26";"13h10m";75;5;"NONE"
"48";"Colombia";"ASRREA0";50;90;"ASBGSEX";"BOY";"BOY";97,0930772;4,57931539446902;97,0930772;4,57931539446902;0;0;NA;"TOTWGT";"JRR";"HALF";"Y";"04-MAR-26";"13h10m";75;5;"NONE"
"49";"Cyprus";"ASRREA0";10;50;"ASBGSEX";"GIRL";"GIRL";109,8377808;5,31273620094707;109,8377808;5,31273620094707;0;0;NA;"TOTWGT";"JRR";"HALF";"Y";"04-MAR-26";"13h10m";75;5;"NONE"
"50";"Cyprus";"ASRREA0";10;50;"ASBGSEX";"GIRL";"BOY";109,8377808;5,31273620094707;117,5522062;6,09342439343729;7,71442540000001;9,86385201876972;0,782090544882505;"TOTWGT";"JRR";"HALF";"Y";"04-MAR-26";"13h10m";75;5;"NONE"
"51";"Cyprus";"ASRREA0";10;50;"ASBGSEX";"BOY";"GIRL";117,5522062;6,09342439343729;109,8377808;5,31273620094707;-7,71442540000001;9,86385201876972;-0,782090544882505;"TOTWGT";"JRR";"HALF";"Y";"04-MAR-26";"13h10m";75;5;"NONE"
"52";"Cyprus";"ASRREA0";10;50;"ASBGSEX";"BOY";"BOY";117,5522062;6,09342439343729;117,5522062;6,09342439343729;0;0;NA;"TOTWGT";"JRR";"HALF";"Y";"04-MAR-26";"13h10m";75;5;"NONE"
"53";"Cyprus";"ASRREA0";10;90;"ASBGSEX";"GIRL";"GIRL";203,4465478;10,0727193659311;203,4465478;10,0727193659311;0;0;NA;"TOTWGT";"JRR";"HALF";"Y";"04-MAR-26";"13h10m";75;5;"NONE"
"54";"Cyprus";"ASRREA0";10;90;"ASBGSEX";"GIRL";"BOY";203,4465478;10,0727193659311;211,9289856;7,07740676666551;8,4824378;12,0734822810371;0,702567627346643;"TOTWGT";"JRR";"HALF";"Y";"04-MAR-26";"13h10m";75;5;"NONE"
"55";"Cyprus";"ASRREA0";10;90;"ASBGSEX";"BOY";"GIRL";211,9289856;7,07740676666551;203,4465478;10,0727193659311;-8,4824378;12,0734822810371;-0,702567627346643;"TOTWGT";"JRR";"HALF";"Y";"04-MAR-26";"13h10m";75;5;"NONE"
"56";"Cyprus";"ASRREA0";10;90;"ASBGSEX";"BOY";"BOY";211,9289856;7,07740676666551;211,9289856;7,07740676666551;0;0;NA;"TOTWGT";"JRR";"HALF";"Y";"04-MAR-26";"13h10m";75;5;"NONE"
"57";"Cyprus";"ASRREA0";50;90;"ASBGSEX";"GIRL";"GIRL";93,608767;7,61289482956374;93,608767;7,61289482956374;0;0;NA;"TOTWGT";"JRR";"HALF";"Y";"04-MAR-26";"13h10m";75;5;"NONE"
"58";"Cyprus";"ASRREA0";50;90;"ASBGSEX";"GIRL";"BOY";93,608767;7,61289482956374;94,3767794;6,73764984454515;0,768012399999998;9,57311828616111;0,0802259386171208;"TOTWGT";"JRR";"HALF";"Y";"04-MAR-26";"13h10m";75;5;"NONE"
"59";"Cyprus";"ASRREA0";50;90;"ASBGSEX";"BOY";"GIRL";94,3767794;6,73764984454515;93,608767;7,61289482956374;-0,768012399999998;9,57311828616111;-0,0802259386171208;"TOTWGT";"JRR";"HALF";"Y";"04-MAR-26";"13h10m";75;5;"NONE"
"60";"Cyprus";"ASRREA0";50;90;"ASBGSEX";"BOY";"BOY";94,3767794;6,73764984454515;94,3767794;6,73764984454515;0;0;NA;"TOTWGT";"JRR";"HALF";"Y";"04-MAR-26";"13h10m";75;5;"NONE"
"61";"Czech Republic";"ASRREA0";10;50;"ASBGSEX";"GIRL";"GIRL";86,1060634;5,43784088889797;86,1060634;5,43784088889797;0;0;NA;"TOTWGT";"JRR";"HALF";"Y";"04-MAR-26";"13h10m";75;5;"NONE"
"62";"Czech Republic";"ASRREA0";10;50;"ASBGSEX";"GIRL";"BOY";86,1060634;5,43784088889797;95,7178368;5,54741395508482;9,61177340000005;7,31819566606665;1,31340754450832;"TOTWGT";"JRR";"HALF";"Y";"04-MAR-26";"13h10m";75;5;"NONE"
"63";"Czech Republic";"ASRREA0";10;50;"ASBGSEX";"BOY";"GIRL";95,7178368;5,54741395508482;86,1060634;5,43784088889797;-9,61177340000005;7,31819566606665;-1,31340754450832;"TOTWGT";"JRR";"HALF";"Y";"04-MAR-26";"13h10m";75;5;"NONE"
"64";"Czech Republic";"ASRREA0";10;50;"ASBGSEX";"BOY";"BOY";95,7178368;5,54741395508482;95,7178368;5,54741395508482;0;0;NA;"TOTWGT";"JRR";"HALF";"Y";"04-MAR-26";"13h10m";75;5;"NONE"
"65";"Czech Republic";"ASRREA0";10;90;"ASBGSEX";"GIRL";"GIRL";156,8050328;5,25198284325066;156,8050328;5,25198284325066;0;0;NA;"TOTWGT";"JRR";"HALF";"Y";"04-MAR-26";"13h10m";75;5;"NONE"
"66";"Czech Republic";"ASRREA0";10;90;"ASBGSEX";"GIRL";"BOY";156,8050328;5,25198284325066;171,5868684;8,62061443505121;14,7818356;9,32643022672664;1,58494035130825;"TOTWGT";"JRR";"HALF";"Y";"04-MAR-26";"13h10m";75;5;"NONE"
"67";"Czech Republic";"ASRREA0";10;90;"ASBGSEX";"BOY";"GIRL";171,5868684;8,62061443505121;156,8050328;5,25198284325066;-14,7818356;9,32643022672664;-1,58494035130825;"TOTWGT";"JRR";"HALF";"Y";"04-MAR-26";"13h10m";75;5;"NONE"
"68";"Czech Republic";"ASRREA0";10;90;"ASBGSEX";"BOY";"BOY";171,5868684;8,62061443505121;171,5868684;8,62061443505121;0;0;NA;"TOTWGT";"JRR";"HALF";"Y";"04-MAR-26";"13h10m";75;5;"NONE"
"69";"Czech Republic";"ASRREA0";50;90;"ASBGSEX";"GIRL";"GIRL";70,6989694;3,61785132568119;70,6989694;3,61785132568119;0;0;NA;"TOTWGT";"JRR";"HALF";"Y";"04-MAR-26";"13h10m";75;5;"NONE"
"70";"Czech Republic";"ASRREA0";50;90;"ASBGSEX";"GIRL";"BOY";70,6989694;3,61785132568119;75,8690316;5,18555799279658;5,17006219999998;6,96732487342263;0,742044083479093;"TOTWGT";"JRR";"HALF";"Y";"04-MAR-26";"13h10m";75;5;"NONE"
"71";"Czech Republic";"ASRREA0";50;90;"ASBGSEX";"BOY";"GIRL";75,8690316;5,18555799279658;70,6989694;3,61785132568119;-5,17006219999998;6,96732487342263;-0,742044083479093;"TOTWGT";"JRR";"HALF";"Y";"04-MAR-26";"13h10m";75;5;"NONE"
"72";"Czech Republic";"ASRREA0";50;90;"ASBGSEX";"BOY";"BOY";75,8690316;5,18555799279658;75,8690316;5,18555799279658;0;0;NA;"TOTWGT";"JRR";"HALF";"Y";"04-MAR-26";"13h10m";75;5;"NONE"
"73";"France";"ASRREA0";10;50;"ASBGSEX";"GIRL";"GIRL";89,997938;3,22834383888298;89,997938;3,22834383888298;0;0;NA;"TOTWGT";"JRR";"HALF";"Y";"04-MAR-26";"13h10m";75;5;"NONE"
"74";"France";"ASRREA0";10;50;"ASBGSEX";"GIRL";"BOY";89,997938;3,22834383888298;98,8898824;6,05235523181079;8,89194440000002;7,42893732009483;1,19693356086716;"TOTWGT";"JRR";"HALF";"Y";"04-MAR-26";"13h10m";75;5;"NONE"
"75";"France";"ASRREA0";10;50;"ASBGSEX";"BOY";"GIRL";98,8898824;6,05235523181079;89,997938;3,22834383888298;-8,89194440000002;7,42893732009483;-1,19693356086716;"TOTWGT";"JRR";"HALF";"Y";"04-MAR-26";"13h10m";75;5;"NONE"
"76";"France";"ASRREA0";10;50;"ASBGSEX";"BOY";"BOY";98,8898824;6,05235523181079;98,8898824;6,05235523181079;0;0;NA;"TOTWGT";"JRR";"HALF";"Y";"04-MAR-26";"13h10m";75;5;"NONE"
"77";"France";"ASRREA0";10;90;"ASBGSEX";"GIRL";"GIRL";177,4128182;4,06831789509091;177,4128182;4,06831789509091;0;0;NA;"TOTWGT";"JRR";"HALF";"Y";"04-MAR-26";"13h10m";75;5;"NONE"
"78";"France";"ASRREA0";10;90;"ASBGSEX";"GIRL";"BOY";177,4128182;4,06831789509091;181,8639986;6,25882545257204;4,45118040000001;7,30148364263467;0,609626839949181;"TOTWGT";"JRR";"HALF";"Y";"04-MAR-26";"13h10m";75;5;"NONE"
"79";"France";"ASRREA0";10;90;"ASBGSEX";"BOY";"GIRL";181,8639986;6,25882545257204;177,4128182;4,06831789509091;-4,45118040000001;7,30148364263467;-0,609626839949181;"TOTWGT";"JRR";"HALF";"Y";"04-MAR-26";"13h10m";75;5;"NONE"
"80";"France";"ASRREA0";10;90;"ASBGSEX";"BOY";"BOY";181,8639986;6,25882545257204;181,8639986;6,25882545257204;0;0;NA;"TOTWGT";"JRR";"HALF";"Y";"04-MAR-26";"13h10m";75;5;"NONE"
"81";"France";"ASRREA0";50;90;"ASBGSEX";"GIRL";"GIRL";87,4148802;3,8133133350741;87,4148802;3,8133133350741;0;0;NA;"TOTWGT";"JRR";"HALF";"Y";"04-MAR-26";"13h10m";75;5;"NONE"
"82";"France";"ASRREA0";50;90;"ASBGSEX";"GIRL";"BOY";87,4148802;3,8133133350741;82,9741162;4,36252837237042;-4,44076400000001;6,08871778466777;-0,729343050056035;"TOTWGT";"JRR";"HALF";"Y";"04-MAR-26";"13h10m";75;5;"NONE"
"83";"France";"ASRREA0";50;90;"ASBGSEX";"BOY";"GIRL";82,9741162;4,36252837237042;87,4148802;3,8133133350741;4,44076400000001;6,08871778466777;0,729343050056035;"TOTWGT";"JRR";"HALF";"Y";"04-MAR-26";"13h10m";75;5;"NONE"
"84";"France";"ASRREA0";50;90;"ASBGSEX";"BOY";"BOY";82,9741162;4,36252837237042;82,9741162;4,36252837237042;0;0;NA;"TOTWGT";"JRR";"HALF";"Y";"04-MAR-26";"13h10m";75;5;"NONE"
"85";"Germany";"ASRREA0";10;50;"ASBGSEX";"GIRL";"GIRL";93,9891266;7,00114137010976;93,9891266;7,00114137010976;0;0;NA;"TOTWGT";"JRR";"HALF";"Y";"04-MAR-26";"13h10m";75;5;"NONE"
"86";"Germany";"ASRREA0";10;50;"ASBGSEX";"GIRL";"BOY";93,9891266;7,00114137010976;95,2620538;3,86843782519347;1,27292719999998;7,60409207301774;0,167400287605251;"TOTWGT";"JRR";"HALF";"Y";"04-MAR-26";"13h10m";75;5;"NONE"
"87";"Germany";"ASRREA0";10;50;"ASBGSEX";"BOY";"GIRL";95,2620538;3,86843782519347;93,9891266;7,00114137010976;-1,27292719999998;7,60409207301774;-0,167400287605251;"TOTWGT";"JRR";"HALF";"Y";"04-MAR-26";"13h10m";75;5;"NONE"
"88";"Germany";"ASRREA0";10;50;"ASBGSEX";"BOY";"BOY";95,2620538;3,86843782519347;95,2620538;3,86843782519347;0;0;NA;"TOTWGT";"JRR";"HALF";"Y";"04-MAR-26";"13h10m";75;5;"NONE"
"89";"Germany";"ASRREA0";10;90;"ASBGSEX";"GIRL";"GIRL";169,1116732;9,07270362180786;169,1116732;9,07270362180786;0;0;NA;"TOTWGT";"JRR";"HALF";"Y";"04-MAR-26";"13h10m";75;5;"NONE"
"90";"Germany";"ASRREA0";10;90;"ASBGSEX";"GIRL";"BOY";169,1116732;9,07270362180786;171,8270382;4,8178850612464;2,71536499999997;9,72390786495345;0,279246269885649;"TOTWGT";"JRR";"HALF";"Y";"04-MAR-26";"13h10m";75;5;"NONE"
"91";"Germany";"ASRREA0";10;90;"ASBGSEX";"BOY";"GIRL";171,8270382;4,8178850612464;169,1116732;9,07270362180786;-2,71536499999997;9,72390786495345;-0,279246269885649;"TOTWGT";"JRR";"HALF";"Y";"04-MAR-26";"13h10m";75;5;"NONE"
"92";"Germany";"ASRREA0";10;90;"ASBGSEX";"BOY";"BOY";171,8270382;4,8178850612464;171,8270382;4,8178850612464;0;0;NA;"TOTWGT";"JRR";"HALF";"Y";"04-MAR-26";"13h10m";75;5;"NONE"
"93";"Germany";"ASRREA0";50;90;"ASBGSEX";"GIRL";"GIRL";75,1225466;4,71218018688582;75,1225466;4,71218018688582;0;0;NA;"TOTWGT";"JRR";"HALF";"Y";"04-MAR-26";"13h10m";75;5;"NONE"
"94";"Germany";"ASRREA0";50;90;"ASBGSEX";"GIRL";"BOY";75,1225466;4,71218018688582;76,5649844;3,15558067380026;1,44243779999999;5,15665112420998;0,279723751957523;"TOTWGT";"JRR";"HALF";"Y";"04-MAR-26";"13h10m";75;5;"NONE"
"95";"Germany";"ASRREA0";50;90;"ASBGSEX";"BOY";"GIRL";76,5649844;3,15558067380026;75,1225466;4,71218018688582;-1,44243779999999;5,15665112420998;-0,279723751957523;"TOTWGT";"JRR";"HALF";"Y";"04-MAR-26";"13h10m";75;5;"NONE"
"96";"Germany";"ASRREA0";50;90;"ASBGSEX";"BOY";"BOY";76,5649844;3,15558067380026;76,5649844;3,15558067380026;0;0;NA;"TOTWGT";"JRR";"HALF";"Y";"04-MAR-26";"13h10m";75;5;"NONE"
"97";"Greece";"ASRREA0";10;50;"ASBGSEX";"GIRL";"GIRL";92,2975984;5,71751954315605;92,2975984;5,71751954315605;0;0;NA;"TOTWGT";"JRR";"HALF";"Y";"04-MAR-26";"13h10m";75;5;"NONE"
"98";"Greece";"ASRREA0";10;50;"ASBGSEX";"GIRL";"BOY";92,2975984;5,71751954315605;107,6064094;7,56646003051225;15,308811;6,99362627899372;2,18896612276553;"TOTWGT";"JRR";"HALF";"Y";"04-MAR-26";"13h10m";75;5;"NONE"
"99";"Greece";"ASRREA0";10;50;"ASBGSEX";"BOY";"GIRL";107,6064094;7,56646003051225;92,2975984;5,71751954315605;-15,308811;6,99362627899372;-2,18896612276553;"TOTWGT";"JRR";"HALF";"Y";"04-MAR-26";"13h10m";75;5;"NONE"
"100";"Greece";"ASRREA0";10;50;"ASBGSEX";"BOY";"BOY";107,6064094;7,56646003051225;107,6064094;7,56646003051225;0;0;NA;"TOTWGT";"JRR";"HALF";"Y";"04-MAR-26";"13h10m";75;5;"NONE"
"101";"Greece";"ASRREA0";10;90;"ASBGSEX";"GIRL";"GIRL";172,8255728;3,79271707952842;172,8255728;3,79271707952842;0;0;NA;"TOTWGT";"JRR";"HALF";"Y";"04-MAR-26";"13h10m";75;5;"NONE"
"102";"Greece";"ASRREA0";10;90;"ASBGSEX";"GIRL";"BOY";172,8255728;3,79271707952842;194,530723;7,73090934586902;21,7051502;7,56426365198514;2,86943332472339;"TOTWGT";"JRR";"HALF";"Y";"04-MAR-26";"13h10m";75;5;"NONE"
"103";"Greece";"ASRREA0";10;90;"ASBGSEX";"BOY";"GIRL";194,530723;7,73090934586902;172,8255728;3,79271707952842;-21,7051502;7,56426365198514;-2,86943332472339;"TOTWGT";"JRR";"HALF";"Y";"04-MAR-26";"13h10m";75;5;"NONE"
"104";"Greece";"ASRREA0";10;90;"ASBGSEX";"BOY";"BOY";194,530723;7,73090934586902;194,530723;7,73090934586902;0;0;NA;"TOTWGT";"JRR";"HALF";"Y";"04-MAR-26";"13h10m";75;5;"NONE"
"105";"Greece";"ASRREA0";50;90;"ASBGSEX";"GIRL";"GIRL";80,5279744;4,84633337641845;80,5279744;4,84633337641845;0;0;NA;"TOTWGT";"JRR";"HALF";"Y";"04-MAR-26";"13h10m";75;5;"NONE"
"106";"Greece";"ASRREA0";50;90;"ASBGSEX";"GIRL";"BOY";80,5279744;4,84633337641845;86,9243136;7,71606141840484;6,39633920000001;8,25227426946119;0,775100171315276;"TOTWGT";"JRR";"HALF";"Y";"04-MAR-26";"13h10m";75;5;"NONE"
"107";"Greece";"ASRREA0";50;90;"ASBGSEX";"BOY";"GIRL";86,9243136;7,71606141840484;80,5279744;4,84633337641845;-6,39633920000001;8,25227426946119;-0,775100171315276;"TOTWGT";"JRR";"HALF";"Y";"04-MAR-26";"13h10m";75;5;"NONE"
"108";"Greece";"ASRREA0";50;90;"ASBGSEX";"BOY";"BOY";86,9243136;7,71606141840484;86,9243136;7,71606141840484;0;0;NA;"TOTWGT";"JRR";"HALF";"Y";"04-MAR-26";"13h10m";75;5;"NONE"
"109";"Hong Kong, SAR";"ASRREA0";10;50;"ASBGSEX";"GIRL";"GIRL";80,2024198;6,49221345101645;80,2024198;6,49221345101645;0;0;NA;"TOTWGT";"JRR";"HALF";"Y";"04-MAR-26";"13h10m";75;5;"NONE"
"110";"Hong Kong, SAR";"ASRREA0";10;50;"ASBGSEX";"GIRL";"BOY";80,2024198;6,49221345101645;92,027355;7,05563258796916;11,8249352;7,95938048061737;1,4856602506685;"TOTWGT";"JRR";"HALF";"Y";"04-MAR-26";"13h10m";75;5;"NONE"
"111";"Hong Kong, SAR";"ASRREA0";10;50;"ASBGSEX";"BOY";"GIRL";92,027355;7,05563258796916;80,2024198;6,49221345101645;-11,8249352;7,95938048061737;-1,4856602506685;"TOTWGT";"JRR";"HALF";"Y";"04-MAR-26";"13h10m";75;5;"NONE"
"112";"Hong Kong, SAR";"ASRREA0";10;50;"ASBGSEX";"BOY";"BOY";92,027355;7,05563258796916;92,027355;7,05563258796916;0;0;NA;"TOTWGT";"JRR";"HALF";"Y";"04-MAR-26";"13h10m";75;5;"NONE"
"113";"Hong Kong, SAR";"ASRREA0";10;90;"ASBGSEX";"GIRL";"GIRL";146,6427142;6,41349205586442;146,6427142;6,41349205586442;0;0;NA;"TOTWGT";"JRR";"HALF";"Y";"04-MAR-26";"13h10m";75;5;"NONE"
"114";"Hong Kong, SAR";"ASRREA0";10;90;"ASBGSEX";"GIRL";"BOY";146,6427142;6,41349205586442;163,7998528;7,92407364117436;17,1571386;8,06528533469347;2,12728228302068;"TOTWGT";"JRR";"HALF";"Y";"04-MAR-26";"13h10m";75;5;"NONE"
"115";"Hong Kong, SAR";"ASRREA0";10;90;"ASBGSEX";"BOY";"GIRL";163,7998528;7,92407364117436;146,6427142;6,41349205586442;-17,1571386;8,06528533469347;-2,12728228302068;"TOTWGT";"JRR";"HALF";"Y";"04-MAR-26";"13h10m";75;5;"NONE"
"116";"Hong Kong, SAR";"ASRREA0";10;90;"ASBGSEX";"BOY";"BOY";163,7998528;7,92407364117436;163,7998528;7,92407364117436;0;0;NA;"TOTWGT";"JRR";"HALF";"Y";"04-MAR-26";"13h10m";75;5;"NONE"
"117";"Hong Kong, SAR";"ASRREA0";50;90;"ASBGSEX";"GIRL";"GIRL";66,4402944;3,2552938016341;66,4402944;3,2552938016341;0;0;NA;"TOTWGT";"JRR";"HALF";"Y";"04-MAR-26";"13h10m";75;5;"NONE"
"118";"Hong Kong, SAR";"ASRREA0";50;90;"ASBGSEX";"GIRL";"BOY";66,4402944;3,2552938016341;71,7724978;3,67468801966106;5,3322034;3,8739073672883;1,37644060491113;"TOTWGT";"JRR";"HALF";"Y";"04-MAR-26";"13h10m";75;5;"NONE"
"119";"Hong Kong, SAR";"ASRREA0";50;90;"ASBGSEX";"BOY";"GIRL";71,7724978;3,67468801966106;66,4402944;3,2552938016341;-5,3322034;3,8739073672883;-1,37644060491113;"TOTWGT";"JRR";"HALF";"Y";"04-MAR-26";"13h10m";75;5;"NONE"
"120";"Hong Kong, SAR";"ASRREA0";50;90;"ASBGSEX";"BOY";"BOY";71,7724978;3,67468801966106;71,7724978;3,67468801966106;0;0;NA;"TOTWGT";"JRR";"HALF";"Y";"04-MAR-26";"13h10m";75;5;"NONE"
"121";"Hungary";"ASRREA0";10;50;"ASBGSEX";"GIRL";"GIRL";88,7007844;5,66983327033793;88,7007844;5,66983327033793;0;0;NA;"TOTWGT";"JRR";"HALF";"Y";"04-MAR-26";"13h10m";75;5;"NONE"
"122";"Hungary";"ASRREA0";10;50;"ASBGSEX";"GIRL";"BOY";88,7007844;5,66983327033793;93,7923602;4,7984047322016;5,09157579999999;6,17728418534824;0,824241794165239;"TOTWGT";"JRR";"HALF";"Y";"04-MAR-26";"13h10m";75;5;"NONE"
"123";"Hungary";"ASRREA0";10;50;"ASBGSEX";"BOY";"GIRL";93,7923602;4,7984047322016;88,7007844;5,66983327033793;-5,09157579999999;6,17728418534824;-0,824241794165239;"TOTWGT";"JRR";"HALF";"Y";"04-MAR-26";"13h10m";75;5;"NONE"
"124";"Hungary";"ASRREA0";10;50;"ASBGSEX";"BOY";"BOY";93,7923602;4,7984047322016;93,7923602;4,7984047322016;0;0;NA;"TOTWGT";"JRR";"HALF";"Y";"04-MAR-26";"13h10m";75;5;"NONE"
"125";"Hungary";"ASRREA0";10;90;"ASBGSEX";"GIRL";"GIRL";164,0970142;4,4914905430791;164,0970142;4,4914905430791;0;0;NA;"TOTWGT";"JRR";"HALF";"Y";"04-MAR-26";"13h10m";75;5;"NONE"
"126";"Hungary";"ASRREA0";10;90;"ASBGSEX";"GIRL";"BOY";164,0970142;4,4914905430791;171,1278064;4,13484076419993;7,03079220000002;6,13214776805665;1,14654644113838;"TOTWGT";"JRR";"HALF";"Y";"04-MAR-26";"13h10m";75;5;"NONE"
"127";"Hungary";"ASRREA0";10;90;"ASBGSEX";"BOY";"GIRL";171,1278064;4,13484076419993;164,0970142;4,4914905430791;-7,03079220000002;6,13214776805665;-1,14654644113838;"TOTWGT";"JRR";"HALF";"Y";"04-MAR-26";"13h10m";75;5;"NONE"
"128";"Hungary";"ASRREA0";10;90;"ASBGSEX";"BOY";"BOY";171,1278064;4,13484076419993;171,1278064;4,13484076419993;0;0;NA;"TOTWGT";"JRR";"HALF";"Y";"04-MAR-26";"13h10m";75;5;"NONE"
"129";"Hungary";"ASRREA0";50;90;"ASBGSEX";"GIRL";"GIRL";75,3962298;4,21726243489653;75,3962298;4,21726243489653;0;0;NA;"TOTWGT";"JRR";"HALF";"Y";"04-MAR-26";"13h10m";75;5;"NONE"
"130";"Hungary";"ASRREA0";50;90;"ASBGSEX";"GIRL";"BOY";75,3962298;4,21726243489653;77,3354462;4,05268687043337;1,93921640000003;4,5327234482808;0,427825880428587;"TOTWGT";"JRR";"HALF";"Y";"04-MAR-26";"13h10m";75;5;"NONE"
"131";"Hungary";"ASRREA0";50;90;"ASBGSEX";"BOY";"GIRL";77,3354462;4,05268687043337;75,3962298;4,21726243489653;-1,93921640000003;4,5327234482808;-0,427825880428587;"TOTWGT";"JRR";"HALF";"Y";"04-MAR-26";"13h10m";75;5;"NONE"
"132";"Hungary";"ASRREA0";50;90;"ASBGSEX";"BOY";"BOY";77,3354462;4,05268687043337;77,3354462;4,05268687043337;0;0;NA;"TOTWGT";"JRR";"HALF";"Y";"04-MAR-26";"13h10m";75;5;"NONE"
"133";"Iceland";"ASRREA0";10;50;"ASBGSEX";"GIRL";"GIRL";96,6296026;2,95659578817398;96,6296026;2,95659578817398;0;0;NA;"TOTWGT";"JRR";"HALF";"Y";"04-MAR-26";"13h10m";75;5;"NONE"
"134";"Iceland";"ASRREA0";10;50;"ASBGSEX";"GIRL";"BOY";96,6296026;2,95659578817398;109,2003252;5,99108244278168;12,5707226;6,22740031193999;2,01861482646261;"TOTWGT";"JRR";"HALF";"Y";"04-MAR-26";"13h10m";75;5;"NONE"
"135";"Iceland";"ASRREA0";10;50;"ASBGSEX";"BOY";"GIRL";109,2003252;5,99108244278168;96,6296026;2,95659578817398;-12,5707226;6,22740031193999;-2,01861482646261;"TOTWGT";"JRR";"HALF";"Y";"04-MAR-26";"13h10m";75;5;"NONE"
"136";"Iceland";"ASRREA0";10;50;"ASBGSEX";"BOY";"BOY";109,2003252;5,99108244278168;109,2003252;5,99108244278168;0;0;NA;"TOTWGT";"JRR";"HALF";"Y";"04-MAR-26";"13h10m";75;5;"NONE"
"137";"Iceland";"ASRREA0";10;90;"ASBGSEX";"GIRL";"GIRL";182,140954;3,50949114411043;182,140954;3,50949114411043;0;0;NA;"TOTWGT";"JRR";"HALF";"Y";"04-MAR-26";"13h10m";75;5;"NONE"
"138";"Iceland";"ASRREA0";10;90;"ASBGSEX";"GIRL";"BOY";182,140954;3,50949114411043;199,0082026;6,4768882797762;16,8672485999999;7,6644393433451;2,20071525709777;"TOTWGT";"JRR";"HALF";"Y";"04-MAR-26";"13h10m";75;5;"NONE"
"139";"Iceland";"ASRREA0";10;90;"ASBGSEX";"BOY";"GIRL";199,0082026;6,4768882797762;182,140954;3,50949114411043;-16,8672485999999;7,6644393433451;-2,20071525709777;"TOTWGT";"JRR";"HALF";"Y";"04-MAR-26";"13h10m";75;5;"NONE"
"140";"Iceland";"ASRREA0";10;90;"ASBGSEX";"BOY";"BOY";199,0082026;6,4768882797762;199,0082026;6,4768882797762;0;0;NA;"TOTWGT";"JRR";"HALF";"Y";"04-MAR-26";"13h10m";75;5;"NONE"
"141";"Iceland";"ASRREA0";50;90;"ASBGSEX";"GIRL";"GIRL";85,5113514;4,07148105752559;85,5113514;4,07148105752559;0;0;NA;"TOTWGT";"JRR";"HALF";"Y";"04-MAR-26";"13h10m";75;5;"NONE"
"142";"Iceland";"ASRREA0";50;90;"ASBGSEX";"GIRL";"BOY";85,5113514;4,07148105752559;89,8078774;4,08050292986422;4,29652599999997;5,87182625517631;0,731718857691398;"TOTWGT";"JRR";"HALF";"Y";"04-MAR-26";"13h10m";75;5;"NONE"
"143";"Iceland";"ASRREA0";50;90;"ASBGSEX";"BOY";"GIRL";89,8078774;4,08050292986422;85,5113514;4,07148105752559;-4,29652599999997;5,87182625517631;-0,731718857691398;"TOTWGT";"JRR";"HALF";"Y";"04-MAR-26";"13h10m";75;5;"NONE"
"144";"Iceland";"ASRREA0";50;90;"ASBGSEX";"BOY";"BOY";89,8078774;4,08050292986422;89,8078774;4,08050292986422;0;0;NA;"TOTWGT";"JRR";"HALF";"Y";"04-MAR-26";"13h10m";75;5;"NONE"
"145";"Iran, Islamic Republic of";"ASRREA0";10;50;"ASBGSEX";"GIRL";"GIRL";124,8363648;7,30053414332448;124,8363648;7,30053414332448;0;0;NA;"TOTWGT";"JRR";"HALF";"Y";"04-MAR-26";"13h10m";75;5;"NONE"
"146";"Iran, Islamic Republic of";"ASRREA0";10;50;"ASBGSEX";"GIRL";"BOY";124,8363648;7,30053414332448;118,0621196;6,61037292548756;-6,77424519999998;8,4980032579706;-0,797157284406329;"TOTWGT";"JRR";"HALF";"Y";"04-MAR-26";"13h10m";75;5;"NONE"
"147";"Iran, Islamic Republic of";"ASRREA0";10;50;"ASBGSEX";"BOY";"GIRL";118,0621196;6,61037292548756;124,8363648;7,30053414332448;6,77424519999998;8,4980032579706;0,797157284406329;"TOTWGT";"JRR";"HALF";"Y";"04-MAR-26";"13h10m";75;5;"NONE"
"148";"Iran, Islamic Republic of";"ASRREA0";10;50;"ASBGSEX";"BOY";"BOY";118,0621196;6,61037292548756;118,0621196;6,61037292548756;0;0;NA;"TOTWGT";"JRR";"HALF";"Y";"04-MAR-26";"13h10m";75;5;"NONE"
"149";"Iran, Islamic Republic of";"ASRREA0";10;90;"ASBGSEX";"GIRL";"GIRL";236,998498;7,97633492252568;236,998498;7,97633492252568;0;0;NA;"TOTWGT";"JRR";"HALF";"Y";"04-MAR-26";"13h10m";75;5;"NONE"
"150";"Iran, Islamic Republic of";"ASRREA0";10;90;"ASBGSEX";"GIRL";"BOY";236,998498;7,97633492252568;240,8098352;8,60960055960668;3,81133719999998;10,4641547255437;0,364227909464705;"TOTWGT";"JRR";"HALF";"Y";"04-MAR-26";"13h10m";75;5;"NONE"
"151";"Iran, Islamic Republic of";"ASRREA0";10;90;"ASBGSEX";"BOY";"GIRL";240,8098352;8,60960055960668;236,998498;7,97633492252568;-3,81133719999998;10,4641547255437;-0,364227909464705;"TOTWGT";"JRR";"HALF";"Y";"04-MAR-26";"13h10m";75;5;"NONE"
"152";"Iran, Islamic Republic of";"ASRREA0";10;90;"ASBGSEX";"BOY";"BOY";240,8098352;8,60960055960668;240,8098352;8,60960055960668;0;0;NA;"TOTWGT";"JRR";"HALF";"Y";"04-MAR-26";"13h10m";75;5;"NONE"
"153";"Iran, Islamic Republic of";"ASRREA0";50;90;"ASBGSEX";"GIRL";"GIRL";112,1621332;4,54182656323601;112,1621332;4,54182656323601;0;0;NA;"TOTWGT";"JRR";"HALF";"Y";"04-MAR-26";"13h10m";75;5;"NONE"
"154";"Iran, Islamic Republic of";"ASRREA0";50;90;"ASBGSEX";"GIRL";"BOY";112,1621332;4,54182656323601;122,7477156;5,85021246615628;10,5855824;7,35848985079874;1,43855364546721;"TOTWGT";"JRR";"HALF";"Y";"04-MAR-26";"13h10m";75;5;"NONE"
"155";"Iran, Islamic Republic of";"ASRREA0";50;90;"ASBGSEX";"BOY";"GIRL";122,7477156;5,85021246615628;112,1621332;4,54182656323601;-10,5855824;7,35848985079874;-1,43855364546721;"TOTWGT";"JRR";"HALF";"Y";"04-MAR-26";"13h10m";75;5;"NONE"
"156";"Iran, Islamic Republic of";"ASRREA0";50;90;"ASBGSEX";"BOY";"BOY";122,7477156;5,85021246615628;122,7477156;5,85021246615628;0;0;NA;"TOTWGT";"JRR";"HALF";"Y";"04-MAR-26";"13h10m";75;5;"NONE"
"157";"Israel";"ASRREA0";10;50;"ASBGSEX";"GIRL";"GIRL";135,5594398;4,78920485273596;135,5594398;4,78920485273596;0;0;NA;"TOTWGT";"JRR";"HALF";"Y";"04-MAR-26";"13h10m";75;5;"NONE"
"158";"Israel";"ASRREA0";10;50;"ASBGSEX";"GIRL";"BOY";135,5594398;4,78920485273596;144,1029736;7,22755336306625;8,5435338;7,53728746089623;1,13350244956481;"TOTWGT";"JRR";"HALF";"Y";"04-MAR-26";"13h10m";75;5;"NONE"
"159";"Israel";"ASRREA0";10;50;"ASBGSEX";"BOY";"GIRL";144,1029736;7,22755336306625;135,5594398;4,78920485273596;-8,5435338;7,53728746089623;-1,13350244956481;"TOTWGT";"JRR";"HALF";"Y";"04-MAR-26";"13h10m";75;5;"NONE"
"160";"Israel";"ASRREA0";10;50;"ASBGSEX";"BOY";"BOY";144,1029736;7,22755336306625;144,1029736;7,22755336306625;0;0;NA;"TOTWGT";"JRR";"HALF";"Y";"04-MAR-26";"13h10m";75;5;"NONE"
"161";"Israel";"ASRREA0";10;90;"ASBGSEX";"GIRL";"GIRL";230,122768;7,30295956315579;230,122768;7,30295956315579;0;0;NA;"TOTWGT";"JRR";"HALF";"Y";"04-MAR-26";"13h10m";75;5;"NONE"
"162";"Israel";"ASRREA0";10;90;"ASBGSEX";"GIRL";"BOY";230,122768;7,30295956315579;246,916033;8,96028962654725;16,793265;8,83319588131066;1,90115392273043;"TOTWGT";"JRR";"HALF";"Y";"04-MAR-26";"13h10m";75;5;"NONE"
"163";"Israel";"ASRREA0";10;90;"ASBGSEX";"BOY";"GIRL";246,916033;8,96028962654725;230,122768;7,30295956315579;-16,793265;8,83319588131066;-1,90115392273043;"TOTWGT";"JRR";"HALF";"Y";"04-MAR-26";"13h10m";75;5;"NONE"
"164";"Israel";"ASRREA0";10;90;"ASBGSEX";"BOY";"BOY";246,916033;8,96028962654725;246,916033;8,96028962654725;0;0;NA;"TOTWGT";"JRR";"HALF";"Y";"04-MAR-26";"13h10m";75;5;"NONE"
"165";"Israel";"ASRREA0";50;90;"ASBGSEX";"GIRL";"GIRL";94,5633282;4,73711377337333;94,5633282;4,73711377337333;0;0;NA;"TOTWGT";"JRR";"HALF";"Y";"04-MAR-26";"13h10m";75;5;"NONE"
"166";"Israel";"ASRREA0";50;90;"ASBGSEX";"GIRL";"BOY";94,5633282;4,73711377337333;102,8130594;5,13021766277165;8,24973120000001;5,81323125009353;1,4191300578086;"TOTWGT";"JRR";"HALF";"Y";"04-MAR-26";"13h10m";75;5;"NONE"
"167";"Israel";"ASRREA0";50;90;"ASBGSEX";"BOY";"GIRL";102,8130594;5,13021766277165;94,5633282;4,73711377337333;-8,24973120000001;5,81323125009353;-1,4191300578086;"TOTWGT";"JRR";"HALF";"Y";"04-MAR-26";"13h10m";75;5;"NONE"
"168";"Israel";"ASRREA0";50;90;"ASBGSEX";"BOY";"BOY";102,8130594;5,13021766277165;102,8130594;5,13021766277165;0;0;NA;"TOTWGT";"JRR";"HALF";"Y";"04-MAR-26";"13h10m";75;5;"NONE"
"169";"Italy";"ASRREA0";10;50;"ASBGSEX";"GIRL";"GIRL";99,1897132;5,14297218377795;99,1897132;5,14297218377795;0;0;NA;"TOTWGT";"JRR";"HALF";"Y";"04-MAR-26";"13h10m";75;5;"NONE"
"170";"Italy";"ASRREA0";10;50;"ASBGSEX";"GIRL";"BOY";99,1897132;5,14297218377795;97,73801;3,86079321518815;-1,45170320000003;6,09789313610213;-0,238066356296952;"TOTWGT";"JRR";"HALF";"Y";"04-MAR-26";"13h10m";75;5;"NONE"
"171";"Italy";"ASRREA0";10;50;"ASBGSEX";"BOY";"GIRL";97,73801;3,86079321518815;99,1897132;5,14297218377795;1,45170320000003;6,09789313610213;0,238066356296952;"TOTWGT";"JRR";"HALF";"Y";"04-MAR-26";"13h10m";75;5;"NONE"
"172";"Italy";"ASRREA0";10;50;"ASBGSEX";"BOY";"BOY";97,73801;3,86079321518815;97,73801;3,86079321518815;0;0;NA;"TOTWGT";"JRR";"HALF";"Y";"04-MAR-26";"13h10m";75;5;"NONE"
"173";"Italy";"ASRREA0";10;90;"ASBGSEX";"GIRL";"GIRL";176,6088516;5,33596933270229;176,6088516;5,33596933270229;0;0;NA;"TOTWGT";"JRR";"HALF";"Y";"04-MAR-26";"13h10m";75;5;"NONE"
"174";"Italy";"ASRREA0";10;90;"ASBGSEX";"GIRL";"BOY";176,6088516;5,33596933270229;182,5056156;5,36432604219567;5,89676400000004;6,57122725303725;0,897361143198104;"TOTWGT";"JRR";"HALF";"Y";"04-MAR-26";"13h10m";75;5;"NONE"
"175";"Italy";"ASRREA0";10;90;"ASBGSEX";"BOY";"GIRL";182,5056156;5,36432604219567;176,6088516;5,33596933270229;-5,89676400000004;6,57122725303725;-0,897361143198104;"TOTWGT";"JRR";"HALF";"Y";"04-MAR-26";"13h10m";75;5;"NONE"
"176";"Italy";"ASRREA0";10;90;"ASBGSEX";"BOY";"BOY";182,5056156;5,36432604219567;182,5056156;5,36432604219567;0;0;NA;"TOTWGT";"JRR";"HALF";"Y";"04-MAR-26";"13h10m";75;5;"NONE"
"177";"Italy";"ASRREA0";50;90;"ASBGSEX";"GIRL";"GIRL";77,4191384;3,73047466060715;77,4191384;3,73047466060715;0;0;NA;"TOTWGT";"JRR";"HALF";"Y";"04-MAR-26";"13h10m";75;5;"NONE"
"178";"Italy";"ASRREA0";50;90;"ASBGSEX";"GIRL";"BOY";77,4191384;3,73047466060715;84,7676056000001;3,98165825970927;7,34846720000007;4,52809419491487;1,62286093965371;"TOTWGT";"JRR";"HALF";"Y";"04-MAR-26";"13h10m";75;5;"NONE"
"179";"Italy";"ASRREA0";50;90;"ASBGSEX";"BOY";"GIRL";84,7676056000001;3,98165825970927;77,4191384;3,73047466060715;-7,34846720000007;4,52809419491487;-1,62286093965371;"TOTWGT";"JRR";"HALF";"Y";"04-MAR-26";"13h10m";75;5;"NONE"
"180";"Italy";"ASRREA0";50;90;"ASBGSEX";"BOY";"BOY";84,7676056000001;3,98165825970927;84,7676056000001;3,98165825970927;0;0;NA;"TOTWGT";"JRR";"HALF";"Y";"04-MAR-26";"13h10m";75;5;"NONE"
"181";"Kuwait";"ASRREA0";10;50;"ASBGSEX";"GIRL";"GIRL";111,8946562;4,14418487509585;111,8946562;4,14418487509585;0;0;NA;"TOTWGT";"JRR";"HALF";"Y";"04-MAR-26";"13h10m";75;5;"NONE"
"182";"Kuwait";"ASRREA0";10;50;"ASBGSEX";"GIRL";"BOY";111,8946562;4,14418487509585;120,3473542;5,41174027350656;8,452698;7,07058164010226;1,19547420993752;"TOTWGT";"JRR";"HALF";"Y";"04-MAR-26";"13h10m";75;5;"NONE"
"183";"Kuwait";"ASRREA0";10;50;"ASBGSEX";"BOY";"GIRL";120,3473542;5,41174027350656;111,8946562;4,14418487509585;-8,452698;7,07058164010226;-1,19547420993752;"TOTWGT";"JRR";"HALF";"Y";"04-MAR-26";"13h10m";75;5;"NONE"
"184";"Kuwait";"ASRREA0";10;50;"ASBGSEX";"BOY";"BOY";120,3473542;5,41174027350656;120,3473542;5,41174027350656;0;0;NA;"TOTWGT";"JRR";"HALF";"Y";"04-MAR-26";"13h10m";75;5;"NONE"
"185";"Kuwait";"ASRREA0";10;90;"ASBGSEX";"GIRL";"GIRL";211,5869738;7,60867224177495;211,5869738;7,60867224177495;0;0;NA;"TOTWGT";"JRR";"HALF";"Y";"04-MAR-26";"13h10m";75;5;"NONE"
"186";"Kuwait";"ASRREA0";10;90;"ASBGSEX";"GIRL";"BOY";211,5869738;7,60867224177495;233,0161954;7,66904067431309;21,4292216;11,175248206712;1,91756113185293;"TOTWGT";"JRR";"HALF";"Y";"04-MAR-26";"13h10m";75;5;"NONE"
"187";"Kuwait";"ASRREA0";10;90;"ASBGSEX";"BOY";"GIRL";233,0161954;7,66904067431309;211,5869738;7,60867224177495;-21,4292216;11,175248206712;-1,91756113185293;"TOTWGT";"JRR";"HALF";"Y";"04-MAR-26";"13h10m";75;5;"NONE"
"188";"Kuwait";"ASRREA0";10;90;"ASBGSEX";"BOY";"BOY";233,0161954;7,66904067431309;233,0161954;7,66904067431309;0;0;NA;"TOTWGT";"JRR";"HALF";"Y";"04-MAR-26";"13h10m";75;5;"NONE"
"189";"Kuwait";"ASRREA0";50;90;"ASBGSEX";"GIRL";"GIRL";99,6923176;5,59376559848362;99,6923176;5,59376559848362;0;0;NA;"TOTWGT";"JRR";"HALF";"Y";"04-MAR-26";"13h10m";75;5;"NONE"
"190";"Kuwait";"ASRREA0";50;90;"ASBGSEX";"GIRL";"BOY";99,6923176;5,59376559848362;112,6688412;5,8421957488806;12,9765236;8,40113028091135;1,54461639875823;"TOTWGT";"JRR";"HALF";"Y";"04-MAR-26";"13h10m";75;5;"NONE"
"191";"Kuwait";"ASRREA0";50;90;"ASBGSEX";"BOY";"GIRL";112,6688412;5,8421957488806;99,6923176;5,59376559848362;-12,9765236;8,40113028091135;-1,54461639875823;"TOTWGT";"JRR";"HALF";"Y";"04-MAR-26";"13h10m";75;5;"NONE"
"192";"Kuwait";"ASRREA0";50;90;"ASBGSEX";"BOY";"BOY";112,6688412;5,8421957488806;112,6688412;5,8421957488806;0;0;NA;"TOTWGT";"JRR";"HALF";"Y";"04-MAR-26";"13h10m";75;5;"NONE"
"193";"Latvia";"ASRREA0";10;50;"ASBGSEX";"GIRL";"GIRL";85,3763848;5,13681898137108;85,3763848;5,13681898137108;0;0;NA;"TOTWGT";"JRR";"HALF";"Y";"04-MAR-26";"13h10m";75;5;"NONE"
"194";"Latvia";"ASRREA0";10;50;"ASBGSEX";"GIRL";"BOY";85,3763848;5,13681898137108;83,0727106;5,82963338670843;-2,30367420000003;8,35259546330144;-0,275803396695269;"TOTWGT";"JRR";"HALF";"Y";"04-MAR-26";"13h10m";75;5;"NONE"
"195";"Latvia";"ASRREA0";10;50;"ASBGSEX";"BOY";"GIRL";83,0727106;5,82963338670843;85,3763848;5,13681898137108;2,30367420000003;8,35259546330144;0,275803396695269;"TOTWGT";"JRR";"HALF";"Y";"04-MAR-26";"13h10m";75;5;"NONE"
"196";"Latvia";"ASRREA0";10;50;"ASBGSEX";"BOY";"BOY";83,0727106;5,82963338670843;83,0727106;5,82963338670843;0;0;NA;"TOTWGT";"JRR";"HALF";"Y";"04-MAR-26";"13h10m";75;5;"NONE"
"197";"Latvia";"ASRREA0";10;90;"ASBGSEX";"GIRL";"GIRL";154,9887182;6,8967414183101;154,9887182;6,8967414183101;0;0;NA;"TOTWGT";"JRR";"HALF";"Y";"04-MAR-26";"13h10m";75;5;"NONE"
"198";"Latvia";"ASRREA0";10;90;"ASBGSEX";"GIRL";"BOY";154,9887182;6,8967414183101;153,2035218;5,84034013300813;-1,78519639999998;10,3058230937977;-0,173222107904643;"TOTWGT";"JRR";"HALF";"Y";"04-MAR-26";"13h10m";75;5;"NONE"
"199";"Latvia";"ASRREA0";10;90;"ASBGSEX";"BOY";"GIRL";153,2035218;5,84034013300813;154,9887182;6,8967414183101;1,78519639999998;10,3058230937977;0,173222107904643;"TOTWGT";"JRR";"HALF";"Y";"04-MAR-26";"13h10m";75;5;"NONE"
"200";"Latvia";"ASRREA0";10;90;"ASBGSEX";"BOY";"BOY";153,2035218;5,84034013300813;153,2035218;5,84034013300813;0;0;NA;"TOTWGT";"JRR";"HALF";"Y";"04-MAR-26";"13h10m";75;5;"NONE"
"201";"Latvia";"ASRREA0";50;90;"ASBGSEX";"GIRL";"GIRL";69,6123334;4,25245346552361;69,6123334;4,25245346552361;0;0;NA;"TOTWGT";"JRR";"HALF";"Y";"04-MAR-26";"13h10m";75;5;"NONE"
"202";"Latvia";"ASRREA0";50;90;"ASBGSEX";"GIRL";"BOY";69,6123334;4,25245346552361;70,1308112;4,08323759187217;0,518477800000051;5,38485799688611;0,096284396041617;"TOTWGT";"JRR";"HALF";"Y";"04-MAR-26";"13h10m";75;5;"NONE"
"203";"Latvia";"ASRREA0";50;90;"ASBGSEX";"BOY";"GIRL";70,1308112;4,08323759187217;69,6123334;4,25245346552361;-0,518477800000051;5,38485799688611;-0,096284396041617;"TOTWGT";"JRR";"HALF";"Y";"04-MAR-26";"13h10m";75;5;"NONE"
"204";"Latvia";"ASRREA0";50;90;"ASBGSEX";"BOY";"BOY";70,1308112;4,08323759187217;70,1308112;4,08323759187217;0;0;NA;"TOTWGT";"JRR";"HALF";"Y";"04-MAR-26";"13h10m";75;5;"NONE"
"205";"Lithuania";"ASRREA0";10;50;"ASBGSEX";"GIRL";"GIRL";88,0156436;8,05230411937246;88,0156436;8,05230411937246;0;0;NA;"TOTWGT";"JRR";"HALF";"Y";"04-MAR-26";"13h10m";75;5;"NONE"
"206";"Lithuania";"ASRREA0";10;50;"ASBGSEX";"GIRL";"BOY";88,0156436;8,05230411937246;88,0771358000001;6,837296715537;0,0614922000000433;10,7685222215114;0,00571036570618811;"TOTWGT";"JRR";"HALF";"Y";"04-MAR-26";"13h10m";75;5;"NONE"
"207";"Lithuania";"ASRREA0";10;50;"ASBGSEX";"BOY";"GIRL";88,0771358000001;6,837296715537;88,0156436;8,05230411937246;-0,0614922000000433;10,7685222215114;-0,00571036570618811;"TOTWGT";"JRR";"HALF";"Y";"04-MAR-26";"13h10m";75;5;"NONE"
"208";"Lithuania";"ASRREA0";10;50;"ASBGSEX";"BOY";"BOY";88,0771358000001;6,837296715537;88,0771358000001;6,837296715537;0;0;NA;"TOTWGT";"JRR";"HALF";"Y";"04-MAR-26";"13h10m";75;5;"NONE"
"209";"Lithuania";"ASRREA0";10;90;"ASBGSEX";"GIRL";"GIRL";161,3136362;8,822732682834;161,3136362;8,822732682834;0;0;NA;"TOTWGT";"JRR";"HALF";"Y";"04-MAR-26";"13h10m";75;5;"NONE"
"210";"Lithuania";"ASRREA0";10;90;"ASBGSEX";"GIRL";"BOY";161,3136362;8,822732682834;162,630378;6,80396549653379;1,31674180000005;10,9170796127788;0,120613007022387;"TOTWGT";"JRR";"HALF";"Y";"04-MAR-26";"13h10m";75;5;"NONE"
"211";"Lithuania";"ASRREA0";10;90;"ASBGSEX";"BOY";"GIRL";162,630378;6,80396549653379;161,3136362;8,822732682834;-1,31674180000005;10,9170796127788;-0,120613007022387;"TOTWGT";"JRR";"HALF";"Y";"04-MAR-26";"13h10m";75;5;"NONE"
"212";"Lithuania";"ASRREA0";10;90;"ASBGSEX";"BOY";"BOY";162,630378;6,80396549653379;162,630378;6,80396549653379;0;0;NA;"TOTWGT";"JRR";"HALF";"Y";"04-MAR-26";"13h10m";75;5;"NONE"
"213";"Lithuania";"ASRREA0";50;90;"ASBGSEX";"GIRL";"GIRL";73,2979926;5,59577328459107;73,2979926;5,59577328459107;0;0;NA;"TOTWGT";"JRR";"HALF";"Y";"04-MAR-26";"13h10m";75;5;"NONE"
"214";"Lithuania";"ASRREA0";50;90;"ASBGSEX";"GIRL";"BOY";73,2979926;5,59577328459107;74,5532422;4,36128031307957;1,2552496;6,70552382762519;0,187196352181863;"TOTWGT";"JRR";"HALF";"Y";"04-MAR-26";"13h10m";75;5;"NONE"
"215";"Lithuania";"ASRREA0";50;90;"ASBGSEX";"BOY";"GIRL";74,5532422;4,36128031307957;73,2979926;5,59577328459107;-1,2552496;6,70552382762519;-0,187196352181863;"TOTWGT";"JRR";"HALF";"Y";"04-MAR-26";"13h10m";75;5;"NONE"
"216";"Lithuania";"ASRREA0";50;90;"ASBGSEX";"BOY";"BOY";74,5532422;4,36128031307957;74,5532422;4,36128031307957;0;0;NA;"TOTWGT";"JRR";"HALF";"Y";"04-MAR-26";"13h10m";75;5;"NONE"
"217";"Moldova";"ASRREA0";10;50;"ASBGSEX";"GIRL";"GIRL";93,262999;4,83102009113332;93,262999;4,83102009113332;0;0;NA;"TOTWGT";"JRR";"HALF";"Y";"04-MAR-26";"13h10m";75;5;"NONE"
"218";"Moldova";"ASRREA0";10;50;"ASBGSEX";"GIRL";"BOY";93,262999;4,83102009113332;108,0720954;5,66503091862601;14,8090964;7,11704790606176;2,08079200751012;"TOTWGT";"JRR";"HALF";"Y";"04-MAR-26";"13h10m";75;5;"NONE"
"219";"Moldova";"ASRREA0";10;50;"ASBGSEX";"BOY";"GIRL";108,0720954;5,66503091862601;93,262999;4,83102009113332;-14,8090964;7,11704790606176;-2,08079200751012;"TOTWGT";"JRR";"HALF";"Y";"04-MAR-26";"13h10m";75;5;"NONE"
"220";"Moldova";"ASRREA0";10;50;"ASBGSEX";"BOY";"BOY";108,0720954;5,66503091862601;108,0720954;5,66503091862601;0;0;NA;"TOTWGT";"JRR";"HALF";"Y";"04-MAR-26";"13h10m";75;5;"NONE"
"221";"Moldova";"ASRREA0";10;90;"ASBGSEX";"GIRL";"GIRL";178,9059394;7,26028334337738;178,9059394;7,26028334337738;0;0;NA;"TOTWGT";"JRR";"HALF";"Y";"04-MAR-26";"13h10m";75;5;"NONE"
"222";"Moldova";"ASRREA0";10;90;"ASBGSEX";"GIRL";"BOY";178,9059394;7,26028334337738;199,5473546;5,46062521600873;20,6414152;6,80370887198062;3,033847507057;"TOTWGT";"JRR";"HALF";"Y";"04-MAR-26";"13h10m";75;5;"NONE"
"223";"Moldova";"ASRREA0";10;90;"ASBGSEX";"BOY";"GIRL";199,5473546;5,46062521600873;178,9059394;7,26028334337738;-20,6414152;6,80370887198062;-3,033847507057;"TOTWGT";"JRR";"HALF";"Y";"04-MAR-26";"13h10m";75;5;"NONE"
"224";"Moldova";"ASRREA0";10;90;"ASBGSEX";"BOY";"BOY";199,5473546;5,46062521600873;199,5473546;5,46062521600873;0;0;NA;"TOTWGT";"JRR";"HALF";"Y";"04-MAR-26";"13h10m";75;5;"NONE"
"225";"Moldova";"ASRREA0";50;90;"ASBGSEX";"GIRL";"GIRL";85,6429404;5,17628127888755;85,6429404;5,17628127888755;0;0;NA;"TOTWGT";"JRR";"HALF";"Y";"04-MAR-26";"13h10m";75;5;"NONE"
"226";"Moldova";"ASRREA0";50;90;"ASBGSEX";"GIRL";"BOY";85,6429404;5,17628127888755;91,4752592;5,13011820556708;5,83231880000003;5,73476357513947;1,01701120256875;"TOTWGT";"JRR";"HALF";"Y";"04-MAR-26";"13h10m";75;5;"NONE"
"227";"Moldova";"ASRREA0";50;90;"ASBGSEX";"BOY";"GIRL";91,4752592;5,13011820556708;85,6429404;5,17628127888755;-5,83231880000003;5,73476357513947;-1,01701120256875;"TOTWGT";"JRR";"HALF";"Y";"04-MAR-26";"13h10m";75;5;"NONE"
"228";"Moldova";"ASRREA0";50;90;"ASBGSEX";"BOY";"BOY";91,4752592;5,13011820556708;91,4752592;5,13011820556708;0;0;NA;"TOTWGT";"JRR";"HALF";"Y";"04-MAR-26";"13h10m";75;5;"NONE"
"229";"Morocco";"ASRREA0";10;50;"ASBGSEX";"GIRL";"GIRL";145,6159372;9,93124605258518;145,6159372;9,93124605258518;0;0;NA;"TOTWGT";"JRR";"HALF";"Y";"04-MAR-26";"13h10m";75;5;"NONE"
"230";"Morocco";"ASRREA0";10;50;"ASBGSEX";"GIRL";"BOY";145,6159372;9,93124605258518;142,1559264;7,72886128182997;-3,4600108;10,2131264949575;-0,338780764314267;"TOTWGT";"JRR";"HALF";"Y";"04-MAR-26";"13h10m";75;5;"NONE"
"231";"Morocco";"ASRREA0";10;50;"ASBGSEX";"BOY";"GIRL";142,1559264;7,72886128182997;145,6159372;9,93124605258518;3,4600108;10,2131264949575;0,338780764314267;"TOTWGT";"JRR";"HALF";"Y";"04-MAR-26";"13h10m";75;5;"NONE"
"232";"Morocco";"ASRREA0";10;50;"ASBGSEX";"BOY";"BOY";142,1559264;7,72886128182997;142,1559264;7,72886128182997;0;0;NA;"TOTWGT";"JRR";"HALF";"Y";"04-MAR-26";"13h10m";75;5;"NONE"
"233";"Morocco";"ASRREA0";10;90;"ASBGSEX";"GIRL";"GIRL";291,1015318;18,5210129521948;291,1015318;18,5210129521948;0;0;NA;"TOTWGT";"JRR";"HALF";"Y";"04-MAR-26";"13h10m";75;5;"NONE"
"234";"Morocco";"ASRREA0";10;90;"ASBGSEX";"GIRL";"BOY";291,1015318;18,5210129521948;301,4128576;17,9805774246823;10,3113258;17,8967475867525;0,576156407750457;"TOTWGT";"JRR";"HALF";"Y";"04-MAR-26";"13h10m";75;5;"NONE"
"235";"Morocco";"ASRREA0";10;90;"ASBGSEX";"BOY";"GIRL";301,4128576;17,9805774246823;291,1015318;18,5210129521948;-10,3113258;17,8967475867525;-0,576156407750457;"TOTWGT";"JRR";"HALF";"Y";"04-MAR-26";"13h10m";75;5;"NONE"
"236";"Morocco";"ASRREA0";10;90;"ASBGSEX";"BOY";"BOY";301,4128576;17,9805774246823;301,4128576;17,9805774246823;0;0;NA;"TOTWGT";"JRR";"HALF";"Y";"04-MAR-26";"13h10m";75;5;"NONE"
"237";"Morocco";"ASRREA0";50;90;"ASBGSEX";"GIRL";"GIRL";145,4855946;15,0226060508999;145,4855946;15,0226060508999;0;0;NA;"TOTWGT";"JRR";"HALF";"Y";"04-MAR-26";"13h10m";75;5;"NONE"
"238";"Morocco";"ASRREA0";50;90;"ASBGSEX";"GIRL";"BOY";145,4855946;15,0226060508999;159,2569312;14,3745106809177;13,7713366;15,3480106311328;0,897271765766527;"TOTWGT";"JRR";"HALF";"Y";"04-MAR-26";"13h10m";75;5;"NONE"
"239";"Morocco";"ASRREA0";50;90;"ASBGSEX";"BOY";"GIRL";159,2569312;14,3745106809177;145,4855946;15,0226060508999;-13,7713366;15,3480106311328;-0,897271765766527;"TOTWGT";"JRR";"HALF";"Y";"04-MAR-26";"13h10m";75;5;"NONE"
"240";"Morocco";"ASRREA0";50;90;"ASBGSEX";"BOY";"BOY";159,2569312;14,3745106809177;159,2569312;14,3745106809177;0;0;NA;"TOTWGT";"JRR";"HALF";"Y";"04-MAR-26";"13h10m";75;5;"NONE"
"241";"Netherlands";"ASRREA0";10;50;"ASBGSEX";"GIRL";"GIRL";72,3359002;6,05046199672162;72,3359002;6,05046199672162;0;0;NA;"TOTWGT";"JRR";"HALF";"Y";"04-MAR-26";"13h10m";75;5;"NONE"
"242";"Netherlands";"ASRREA0";10;50;"ASBGSEX";"GIRL";"BOY";72,3359002;6,05046199672162;75,271;3,80005297006325;2,93509979999999;5,74508258149165;0,51088905309311;"TOTWGT";"JRR";"HALF";"Y";"04-MAR-26";"13h10m";75;5;"NONE"
"243";"Netherlands";"ASRREA0";10;50;"ASBGSEX";"BOY";"GIRL";75,271;3,80005297006325;72,3359002;6,05046199672162;-2,93509979999999;5,74508258149165;-0,51088905309311;"TOTWGT";"JRR";"HALF";"Y";"04-MAR-26";"13h10m";75;5;"NONE"
"244";"Netherlands";"ASRREA0";10;50;"ASBGSEX";"BOY";"BOY";75,271;3,80005297006325;75,271;3,80005297006325;0;0;NA;"TOTWGT";"JRR";"HALF";"Y";"04-MAR-26";"13h10m";75;5;"NONE"
"245";"Netherlands";"ASRREA0";10;90;"ASBGSEX";"GIRL";"GIRL";140,657479;6,398330005357;140,657479;6,398330005357;0;0;NA;"TOTWGT";"JRR";"HALF";"Y";"04-MAR-26";"13h10m";75;5;"NONE"
"246";"Netherlands";"ASRREA0";10;90;"ASBGSEX";"GIRL";"BOY";140,657479;6,398330005357;146,1258296;4,76077128543397;5,46835060000001;5,74871237398614;0,951230509417237;"TOTWGT";"JRR";"HALF";"Y";"04-MAR-26";"13h10m";75;5;"NONE"
"247";"Netherlands";"ASRREA0";10;90;"ASBGSEX";"BOY";"GIRL";146,1258296;4,76077128543397;140,657479;6,398330005357;-5,46835060000001;5,74871237398614;-0,951230509417237;"TOTWGT";"JRR";"HALF";"Y";"04-MAR-26";"13h10m";75;5;"NONE"
"248";"Netherlands";"ASRREA0";10;90;"ASBGSEX";"BOY";"BOY";146,1258296;4,76077128543397;146,1258296;4,76077128543397;0;0;NA;"TOTWGT";"JRR";"HALF";"Y";"04-MAR-26";"13h10m";75;5;"NONE"
"249";"Netherlands";"ASRREA0";50;90;"ASBGSEX";"GIRL";"GIRL";68,3215788;4,6039589133493;68,3215788;4,6039589133493;0;0;NA;"TOTWGT";"JRR";"HALF";"Y";"04-MAR-26";"13h10m";75;5;"NONE"
"250";"Netherlands";"ASRREA0";50;90;"ASBGSEX";"GIRL";"BOY";68,3215788;4,6039589133493;70,8548296;2,83276359387107;2,53325080000002;5,88577150645277;0,430402504960094;"TOTWGT";"JRR";"HALF";"Y";"04-MAR-26";"13h10m";75;5;"NONE"
"251";"Netherlands";"ASRREA0";50;90;"ASBGSEX";"BOY";"GIRL";70,8548296;2,83276359387107;68,3215788;4,6039589133493;-2,53325080000002;5,88577150645277;-0,430402504960094;"TOTWGT";"JRR";"HALF";"Y";"04-MAR-26";"13h10m";75;5;"NONE"
"252";"Netherlands";"ASRREA0";50;90;"ASBGSEX";"BOY";"BOY";70,8548296;2,83276359387107;70,8548296;2,83276359387107;0;0;NA;"TOTWGT";"JRR";"HALF";"Y";"04-MAR-26";"13h10m";75;5;"NONE"
"253";"New Zealand";"ASRREA0";10;50;"ASBGSEX";"GIRL";"GIRL";126,148609;13,5465261821812;126,148609;13,5465261821812;0;0;NA;"TOTWGT";"JRR";"HALF";"Y";"04-MAR-26";"13h10m";75;5;"NONE"
"254";"New Zealand";"ASRREA0";10;50;"ASBGSEX";"GIRL";"BOY";126,148609;13,5465261821812;141,6966328;7,28172531640789;15,5480238;16,266405673637;0,955836471310853;"TOTWGT";"JRR";"HALF";"Y";"04-MAR-26";"13h10m";75;5;"NONE"
"255";"New Zealand";"ASRREA0";10;50;"ASBGSEX";"BOY";"GIRL";141,6966328;7,28172531640789;126,148609;13,5465261821812;-15,5480238;16,266405673637;-0,955836471310853;"TOTWGT";"JRR";"HALF";"Y";"04-MAR-26";"13h10m";75;5;"NONE"
"256";"New Zealand";"ASRREA0";10;50;"ASBGSEX";"BOY";"BOY";141,6966328;7,28172531640789;141,6966328;7,28172531640789;0;0;NA;"TOTWGT";"JRR";"HALF";"Y";"04-MAR-26";"13h10m";75;5;"NONE"
"257";"New Zealand";"ASRREA0";10;90;"ASBGSEX";"GIRL";"GIRL";225,8267284;15,4761919920611;225,8267284;15,4761919920611;0;0;NA;"TOTWGT";"JRR";"HALF";"Y";"04-MAR-26";"13h10m";75;5;"NONE"
"258";"New Zealand";"ASRREA0";10;90;"ASBGSEX";"GIRL";"BOY";225,8267284;15,4761919920611;243,7713176;8,57774494509431;17,9445892;17,5674816351773;1,0214662279235;"TOTWGT";"JRR";"HALF";"Y";"04-MAR-26";"13h10m";75;5;"NONE"
"259";"New Zealand";"ASRREA0";10;90;"ASBGSEX";"BOY";"GIRL";243,7713176;8,57774494509431;225,8267284;15,4761919920611;-17,9445892;17,5674816351773;-1,0214662279235;"TOTWGT";"JRR";"HALF";"Y";"04-MAR-26";"13h10m";75;5;"NONE"
"260";"New Zealand";"ASRREA0";10;90;"ASBGSEX";"BOY";"BOY";243,7713176;8,57774494509431;243,7713176;8,57774494509431;0;0;NA;"TOTWGT";"JRR";"HALF";"Y";"04-MAR-26";"13h10m";75;5;"NONE"
"261";"New Zealand";"ASRREA0";50;90;"ASBGSEX";"GIRL";"GIRL";99,6781194000001;8,85713515388545;99,6781194000001;8,85713515388545;0;0;NA;"TOTWGT";"JRR";"HALF";"Y";"04-MAR-26";"13h10m";75;5;"NONE"
"262";"New Zealand";"ASRREA0";50;90;"ASBGSEX";"GIRL";"BOY";99,6781194000001;8,85713515388545;102,0746848;7,90069565374889;2,39656539999999;12,3336286927644;0,194311460130623;"TOTWGT";"JRR";"HALF";"Y";"04-MAR-26";"13h10m";75;5;"NONE"
"263";"New Zealand";"ASRREA0";50;90;"ASBGSEX";"BOY";"GIRL";102,0746848;7,90069565374889;99,6781194000001;8,85713515388545;-2,39656539999999;12,3336286927644;-0,194311460130623;"TOTWGT";"JRR";"HALF";"Y";"04-MAR-26";"13h10m";75;5;"NONE"
"264";"New Zealand";"ASRREA0";50;90;"ASBGSEX";"BOY";"BOY";102,0746848;7,90069565374889;102,0746848;7,90069565374889;0;0;NA;"TOTWGT";"JRR";"HALF";"Y";"04-MAR-26";"13h10m";75;5;"NONE"
"265";"Norway";"ASRREA0";10;50;"ASBGSEX";"GIRL";"GIRL";108,7315128;6,30091887888978;108,7315128;6,30091887888978;0;0;NA;"TOTWGT";"JRR";"HALF";"Y";"04-MAR-26";"13h10m";75;5;"NONE"
"266";"Norway";"ASRREA0";10;50;"ASBGSEX";"GIRL";"BOY";108,7315128;6,30091887888978;121,9644506;5,58705805391796;13,2329378;6,74469250372107;1,96197792452352;"TOTWGT";"JRR";"HALF";"Y";"04-MAR-26";"13h10m";75;5;"NONE"
"267";"Norway";"ASRREA0";10;50;"ASBGSEX";"BOY";"GIRL";121,9644506;5,58705805391796;108,7315128;6,30091887888978;-13,2329378;6,74469250372107;-1,96197792452352;"TOTWGT";"JRR";"HALF";"Y";"04-MAR-26";"13h10m";75;5;"NONE"
"268";"Norway";"ASRREA0";10;50;"ASBGSEX";"BOY";"BOY";121,9644506;5,58705805391796;121,9644506;5,58705805391796;0;0;NA;"TOTWGT";"JRR";"HALF";"Y";"04-MAR-26";"13h10m";75;5;"NONE"
"269";"Norway";"ASRREA0";10;90;"ASBGSEX";"GIRL";"GIRL";196,7056016;7,80373472862406;196,7056016;7,80373472862406;0;0;NA;"TOTWGT";"JRR";"HALF";"Y";"04-MAR-26";"13h10m";75;5;"NONE"
"270";"Norway";"ASRREA0";10;90;"ASBGSEX";"GIRL";"BOY";196,7056016;7,80373472862406;213,4868924;4,97710007390571;16,7812908;9,29983746992688;1,80447140654513;"TOTWGT";"JRR";"HALF";"Y";"04-MAR-26";"13h10m";75;5;"NONE"
"271";"Norway";"ASRREA0";10;90;"ASBGSEX";"BOY";"GIRL";213,4868924;4,97710007390571;196,7056016;7,80373472862406;-16,7812908;9,29983746992688;-1,80447140654513;"TOTWGT";"JRR";"HALF";"Y";"04-MAR-26";"13h10m";75;5;"NONE"
"272";"Norway";"ASRREA0";10;90;"ASBGSEX";"BOY";"BOY";213,4868924;4,97710007390571;213,4868924;4,97710007390571;0;0;NA;"TOTWGT";"JRR";"HALF";"Y";"04-MAR-26";"13h10m";75;5;"NONE"
"273";"Norway";"ASRREA0";50;90;"ASBGSEX";"GIRL";"GIRL";87,9740888;5,35539911779478;87,9740888;5,35539911779478;0;0;NA;"TOTWGT";"JRR";"HALF";"Y";"04-MAR-26";"13h10m";75;5;"NONE"
"274";"Norway";"ASRREA0";50;90;"ASBGSEX";"GIRL";"BOY";87,9740888;5,35539911779478;91,5224418000001;4,88218524647982;3,54835300000002;7,47931195064461;0,474422383157077;"TOTWGT";"JRR";"HALF";"Y";"04-MAR-26";"13h10m";75;5;"NONE"
"275";"Norway";"ASRREA0";50;90;"ASBGSEX";"BOY";"GIRL";91,5224418000001;4,88218524647982;87,9740888;5,35539911779478;-3,54835300000002;7,47931195064461;-0,474422383157077;"TOTWGT";"JRR";"HALF";"Y";"04-MAR-26";"13h10m";75;5;"NONE"
"276";"Norway";"ASRREA0";50;90;"ASBGSEX";"BOY";"BOY";91,5224418000001;4,88218524647982;91,5224418000001;4,88218524647982;0;0;NA;"TOTWGT";"JRR";"HALF";"Y";"04-MAR-26";"13h10m";75;5;"NONE"
"277";"Romania";"ASRREA0";10;50;"ASBGSEX";"GIRL";"GIRL";121,0821808;10,4719300962413;121,0821808;10,4719300962413;0;0;NA;"TOTWGT";"JRR";"HALF";"Y";"04-MAR-26";"13h10m";75;5;"NONE"
"278";"Romania";"ASRREA0";10;50;"ASBGSEX";"GIRL";"BOY";121,0821808;10,4719300962413;133,5270242;10,6002086548341;12,4448434;14,3386329840704;0,867923979491322;"TOTWGT";"JRR";"HALF";"Y";"04-MAR-26";"13h10m";75;5;"NONE"
"279";"Romania";"ASRREA0";10;50;"ASBGSEX";"BOY";"GIRL";133,5270242;10,6002086548341;121,0821808;10,4719300962413;-12,4448434;14,3386329840704;-0,867923979491322;"TOTWGT";"JRR";"HALF";"Y";"04-MAR-26";"13h10m";75;5;"NONE"
"280";"Romania";"ASRREA0";10;50;"ASBGSEX";"BOY";"BOY";133,5270242;10,6002086548341;133,5270242;10,6002086548341;0;0;NA;"TOTWGT";"JRR";"HALF";"Y";"04-MAR-26";"13h10m";75;5;"NONE"
"281";"Romania";"ASRREA0";10;90;"ASBGSEX";"GIRL";"GIRL";220,3695522;11,4323212780183;220,3695522;11,4323212780183;0;0;NA;"TOTWGT";"JRR";"HALF";"Y";"04-MAR-26";"13h10m";75;5;"NONE"
"282";"Romania";"ASRREA0";10;90;"ASBGSEX";"GIRL";"BOY";220,3695522;11,4323212780183;234,9589934;12,5171887513699;14,5894412;13,8128275194925;1,05622409165767;"TOTWGT";"JRR";"HALF";"Y";"04-MAR-26";"13h10m";75;5;"NONE"
"283";"Romania";"ASRREA0";10;90;"ASBGSEX";"BOY";"GIRL";234,9589934;12,5171887513699;220,3695522;11,4323212780183;-14,5894412;13,8128275194925;-1,05622409165767;"TOTWGT";"JRR";"HALF";"Y";"04-MAR-26";"13h10m";75;5;"NONE"
"284";"Romania";"ASRREA0";10;90;"ASBGSEX";"BOY";"BOY";234,9589934;12,5171887513699;234,9589934;12,5171887513699;0;0;NA;"TOTWGT";"JRR";"HALF";"Y";"04-MAR-26";"13h10m";75;5;"NONE"
"285";"Romania";"ASRREA0";50;90;"ASBGSEX";"GIRL";"GIRL";99,2873714;5,00307905813471;99,2873714;5,00307905813471;0;0;NA;"TOTWGT";"JRR";"HALF";"Y";"04-MAR-26";"13h10m";75;5;"NONE"
"286";"Romania";"ASRREA0";50;90;"ASBGSEX";"GIRL";"BOY";99,2873714;5,00307905813471;101,4319692;5,74518029288855;2,14459780000004;6,58354991381607;0,32575097448558;"TOTWGT";"JRR";"HALF";"Y";"04-MAR-26";"13h10m";75;5;"NONE"
"287";"Romania";"ASRREA0";50;90;"ASBGSEX";"BOY";"GIRL";101,4319692;5,74518029288855;99,2873714;5,00307905813471;-2,14459780000004;6,58354991381607;-0,32575097448558;"TOTWGT";"JRR";"HALF";"Y";"04-MAR-26";"13h10m";75;5;"NONE"
"288";"Romania";"ASRREA0";50;90;"ASBGSEX";"BOY";"BOY";101,4319692;5,74518029288855;101,4319692;5,74518029288855;0;0;NA;"TOTWGT";"JRR";"HALF";"Y";"04-MAR-26";"13h10m";75;5;"NONE"
"289";"Russian Federation";"ASRREA0";10;50;"ASBGSEX";"GIRL";"GIRL";87,5348644;4,50354464864231;87,5348644;4,50354464864231;0;0;NA;"TOTWGT";"JRR";"HALF";"Y";"04-MAR-26";"13h10m";75;5;"NONE"
"290";"Russian Federation";"ASRREA0";10;50;"ASBGSEX";"GIRL";"BOY";87,5348644;4,50354464864231;91,3345042;5,78845544292402;3,79963980000002;5,49537303628671;0,691425272663107;"TOTWGT";"JRR";"HALF";"Y";"04-MAR-26";"13h10m";75;5;"NONE"
"291";"Russian Federation";"ASRREA0";10;50;"ASBGSEX";"BOY";"GIRL";91,3345042;5,78845544292402;87,5348644;4,50354464864231;-3,79963980000002;5,49537303628671;-0,691425272663107;"TOTWGT";"JRR";"HALF";"Y";"04-MAR-26";"13h10m";75;5;"NONE"
"292";"Russian Federation";"ASRREA0";10;50;"ASBGSEX";"BOY";"BOY";91,3345042;5,78845544292402;91,3345042;5,78845544292402;0;0;NA;"TOTWGT";"JRR";"HALF";"Y";"04-MAR-26";"13h10m";75;5;"NONE"
"293";"Russian Federation";"ASRREA0";10;90;"ASBGSEX";"GIRL";"GIRL";161,033326;5,54175741927013;161,033326;5,54175741927013;0;0;NA;"TOTWGT";"JRR";"HALF";"Y";"04-MAR-26";"13h10m";75;5;"NONE"
"294";"Russian Federation";"ASRREA0";10;90;"ASBGSEX";"GIRL";"BOY";161,033326;5,54175741927013;167,8472274;8,53118800840937;6,81390139999999;9,15307072619033;0,744438845042778;"TOTWGT";"JRR";"HALF";"Y";"04-MAR-26";"13h10m";75;5;"NONE"
"295";"Russian Federation";"ASRREA0";10;90;"ASBGSEX";"BOY";"GIRL";167,8472274;8,53118800840937;161,033326;5,54175741927013;-6,81390139999999;9,15307072619033;-0,744438845042778;"TOTWGT";"JRR";"HALF";"Y";"04-MAR-26";"13h10m";75;5;"NONE"
"296";"Russian Federation";"ASRREA0";10;90;"ASBGSEX";"BOY";"BOY";167,8472274;8,53118800840937;167,8472274;8,53118800840937;0;0;NA;"TOTWGT";"JRR";"HALF";"Y";"04-MAR-26";"13h10m";75;5;"NONE"
"297";"Russian Federation";"ASRREA0";50;90;"ASBGSEX";"GIRL";"GIRL";73,4984616;3,08243894491537;73,4984616;3,08243894491537;0;0;NA;"TOTWGT";"JRR";"HALF";"Y";"04-MAR-26";"13h10m";75;5;"NONE"
"298";"Russian Federation";"ASRREA0";50;90;"ASBGSEX";"GIRL";"BOY";73,4984616;3,08243894491537;76,5127232;6,3527201643688;3,01426159999996;7,37641714163585;0,408634916128333;"TOTWGT";"JRR";"HALF";"Y";"04-MAR-26";"13h10m";75;5;"NONE"
"299";"Russian Federation";"ASRREA0";50;90;"ASBGSEX";"BOY";"GIRL";76,5127232;6,3527201643688;73,4984616;3,08243894491537;-3,01426159999996;7,37641714163585;-0,408634916128333;"TOTWGT";"JRR";"HALF";"Y";"04-MAR-26";"13h10m";75;5;"NONE"
"300";"Russian Federation";"ASRREA0";50;90;"ASBGSEX";"BOY";"BOY";76,5127232;6,3527201643688;76,5127232;6,3527201643688;0;0;NA;"TOTWGT";"JRR";"HALF";"Y";"04-MAR-26";"13h10m";75;5;"NONE"
"301";"Singapore";"ASRREA0";10;50;"ASBGSEX";"GIRL";"GIRL";123,4987332;11,0586560108858;123,4987332;11,0586560108858;0;0;NA;"TOTWGT";"JRR";"HALF";"Y";"04-MAR-26";"13h10m";75;5;"NONE"
"302";"Singapore";"ASRREA0";10;50;"ASBGSEX";"GIRL";"BOY";123,4987332;11,0586560108858;148,7697216;10,711347203439;25,2709884;10,1433973187425;2,49137321608268;"TOTWGT";"JRR";"HALF";"Y";"04-MAR-26";"13h10m";75;5;"NONE"
"303";"Singapore";"ASRREA0";10;50;"ASBGSEX";"BOY";"GIRL";148,7697216;10,711347203439;123,4987332;11,0586560108858;-25,2709884;10,1433973187425;-2,49137321608268;"TOTWGT";"JRR";"HALF";"Y";"04-MAR-26";"13h10m";75;5;"NONE"
"304";"Singapore";"ASRREA0";10;50;"ASBGSEX";"BOY";"BOY";148,7697216;10,711347203439;148,7697216;10,711347203439;0;0;NA;"TOTWGT";"JRR";"HALF";"Y";"04-MAR-26";"13h10m";75;5;"NONE"
"305";"Singapore";"ASRREA0";10;90;"ASBGSEX";"GIRL";"GIRL";215,5866142;12,4697469622351;215,5866142;12,4697469622351;0;0;NA;"TOTWGT";"JRR";"HALF";"Y";"04-MAR-26";"13h10m";75;5;"NONE"
"306";"Singapore";"ASRREA0";10;90;"ASBGSEX";"GIRL";"BOY";215,5866142;12,4697469622351;242,5539402;12,5600501270462;26,967326;10,3494710301795;2,60567191515025;"TOTWGT";"JRR";"HALF";"Y";"04-MAR-26";"13h10m";75;5;"NONE"
"307";"Singapore";"ASRREA0";10;90;"ASBGSEX";"BOY";"GIRL";242,5539402;12,5600501270462;215,5866142;12,4697469622351;-26,967326;10,3494710301795;-2,60567191515025;"TOTWGT";"JRR";"HALF";"Y";"04-MAR-26";"13h10m";75;5;"NONE"
"308";"Singapore";"ASRREA0";10;90;"ASBGSEX";"BOY";"BOY";242,5539402;12,5600501270462;242,5539402;12,5600501270462;0;0;NA;"TOTWGT";"JRR";"HALF";"Y";"04-MAR-26";"13h10m";75;5;"NONE"
"309";"Singapore";"ASRREA0";50;90;"ASBGSEX";"GIRL";"GIRL";92,087881;5,20968676390791;92,087881;5,20968676390791;0;0;NA;"TOTWGT";"JRR";"HALF";"Y";"04-MAR-26";"13h10m";75;5;"NONE"
"310";"Singapore";"ASRREA0";50;90;"ASBGSEX";"GIRL";"BOY";92,087881;5,20968676390791;93,7842186;5,44095114719126;1,69633759999999;6,17854300879195;0,274553013159597;"TOTWGT";"JRR";"HALF";"Y";"04-MAR-26";"13h10m";75;5;"NONE"
"311";"Singapore";"ASRREA0";50;90;"ASBGSEX";"BOY";"GIRL";93,7842186;5,44095114719126;92,087881;5,20968676390791;-1,69633759999999;6,17854300879195;-0,274553013159597;"TOTWGT";"JRR";"HALF";"Y";"04-MAR-26";"13h10m";75;5;"NONE"
"312";"Singapore";"ASRREA0";50;90;"ASBGSEX";"BOY";"BOY";93,7842186;5,44095114719126;93,7842186;5,44095114719126;0;0;NA;"TOTWGT";"JRR";"HALF";"Y";"04-MAR-26";"13h10m";75;5;"NONE"
"313";"Slovak Republic";"ASRREA0";10;50;"ASBGSEX";"GIRL";"GIRL";94,4092906;4,22995515035608;94,4092906;4,22995515035608;0;0;NA;"TOTWGT";"JRR";"HALF";"Y";"04-MAR-26";"13h10m";75;5;"NONE"
"314";"Slovak Republic";"ASRREA0";10;50;"ASBGSEX";"GIRL";"BOY";94,4092906;4,22995515035608;100,0064302;6,33100300151531;5,59713959999999;7,09028277405458;0,789409926002044;"TOTWGT";"JRR";"HALF";"Y";"04-MAR-26";"13h10m";75;5;"NONE"
"315";"Slovak Republic";"ASRREA0";10;50;"ASBGSEX";"BOY";"GIRL";100,0064302;6,33100300151531;94,4092906;4,22995515035608;-5,59713959999999;7,09028277405458;-0,789409926002044;"TOTWGT";"JRR";"HALF";"Y";"04-MAR-26";"13h10m";75;5;"NONE"
"316";"Slovak Republic";"ASRREA0";10;50;"ASBGSEX";"BOY";"BOY";100,0064302;6,33100300151531;100,0064302;6,33100300151531;0;0;NA;"TOTWGT";"JRR";"HALF";"Y";"04-MAR-26";"13h10m";75;5;"NONE"
"317";"Slovak Republic";"ASRREA0";10;90;"ASBGSEX";"GIRL";"GIRL";169,506896;7,06336653465019;169,506896;7,06336653465019;0;0;NA;"TOTWGT";"JRR";"HALF";"Y";"04-MAR-26";"13h10m";75;5;"NONE"
"318";"Slovak Republic";"ASRREA0";10;90;"ASBGSEX";"GIRL";"BOY";169,506896;7,06336653465019;179,9380708;7,36316603352422;10,4311748;10,3947106737736;1,00350795008835;"TOTWGT";"JRR";"HALF";"Y";"04-MAR-26";"13h10m";75;5;"NONE"
"319";"Slovak Republic";"ASRREA0";10;90;"ASBGSEX";"BOY";"GIRL";179,9380708;7,36316603352422;169,506896;7,06336653465019;-10,4311748;10,3947106737736;-1,00350795008835;"TOTWGT";"JRR";"HALF";"Y";"04-MAR-26";"13h10m";75;5;"NONE"
"320";"Slovak Republic";"ASRREA0";10;90;"ASBGSEX";"BOY";"BOY";179,9380708;7,36316603352422;179,9380708;7,36316603352422;0;0;NA;"TOTWGT";"JRR";"HALF";"Y";"04-MAR-26";"13h10m";75;5;"NONE"
"321";"Slovak Republic";"ASRREA0";50;90;"ASBGSEX";"GIRL";"GIRL";75,0976054;6,99422923415333;75,0976054;6,99422923415333;0;0;NA;"TOTWGT";"JRR";"HALF";"Y";"04-MAR-26";"13h10m";75;5;"NONE"
"322";"Slovak Republic";"ASRREA0";50;90;"ASBGSEX";"GIRL";"BOY";75,0976054;6,99422923415333;79,9316406;3,86703445720479;4,83403520000004;8,56082288172339;0,56466945605431;"TOTWGT";"JRR";"HALF";"Y";"04-MAR-26";"13h10m";75;5;"NONE"
"323";"Slovak Republic";"ASRREA0";50;90;"ASBGSEX";"BOY";"GIRL";79,9316406;3,86703445720479;75,0976054;6,99422923415333;-4,83403520000004;8,56082288172339;-0,56466945605431;"TOTWGT";"JRR";"HALF";"Y";"04-MAR-26";"13h10m";75;5;"NONE"
"324";"Slovak Republic";"ASRREA0";50;90;"ASBGSEX";"BOY";"BOY";79,9316406;3,86703445720479;79,9316406;3,86703445720479;0;0;NA;"TOTWGT";"JRR";"HALF";"Y";"04-MAR-26";"13h10m";75;5;"NONE"
"325";"Slovenia";"ASRREA0";10;50;"ASBGSEX";"GIRL";"GIRL";96,740007;6,80367012282417;96,740007;6,80367012282417;0;0;NA;"TOTWGT";"JRR";"HALF";"Y";"04-MAR-26";"13h10m";75;5;"NONE"
"326";"Slovenia";"ASRREA0";10;50;"ASBGSEX";"GIRL";"BOY";96,740007;6,80367012282417;101,89848;5,90128787594486;5,15847299999999;8,67565542312219;0,594591733813186;"TOTWGT";"JRR";"HALF";"Y";"04-MAR-26";"13h10m";75;5;"NONE"
"327";"Slovenia";"ASRREA0";10;50;"ASBGSEX";"BOY";"GIRL";101,89848;5,90128787594486;96,740007;6,80367012282417;-5,15847299999999;8,67565542312219;-0,594591733813186;"TOTWGT";"JRR";"HALF";"Y";"04-MAR-26";"13h10m";75;5;"NONE"
"328";"Slovenia";"ASRREA0";10;50;"ASBGSEX";"BOY";"BOY";101,89848;5,90128787594486;101,89848;5,90128787594486;0;0;NA;"TOTWGT";"JRR";"HALF";"Y";"04-MAR-26";"13h10m";75;5;"NONE"
"329";"Slovenia";"ASRREA0";10;90;"ASBGSEX";"GIRL";"GIRL";175,1682762;7,14085537036173;175,1682762;7,14085537036173;0;0;NA;"TOTWGT";"JRR";"HALF";"Y";"04-MAR-26";"13h10m";75;5;"NONE"
"330";"Slovenia";"ASRREA0";10;90;"ASBGSEX";"GIRL";"BOY";175,1682762;7,14085537036173;188,01402;6,90921152522547;12,8457438;10,1208708904817;1,26923304713638;"TOTWGT";"JRR";"HALF";"Y";"04-MAR-26";"13h10m";75;5;"NONE"
"331";"Slovenia";"ASRREA0";10;90;"ASBGSEX";"BOY";"GIRL";188,01402;6,90921152522547;175,1682762;7,14085537036173;-12,8457438;10,1208708904817;-1,26923304713638;"TOTWGT";"JRR";"HALF";"Y";"04-MAR-26";"13h10m";75;5;"NONE"
"332";"Slovenia";"ASRREA0";10;90;"ASBGSEX";"BOY";"BOY";188,01402;6,90921152522547;188,01402;6,90921152522547;0;0;NA;"TOTWGT";"JRR";"HALF";"Y";"04-MAR-26";"13h10m";75;5;"NONE"
"333";"Slovenia";"ASRREA0";50;90;"ASBGSEX";"GIRL";"GIRL";78,4282692;4,21263040645489;78,4282692;4,21263040645489;0;0;NA;"TOTWGT";"JRR";"HALF";"Y";"04-MAR-26";"13h10m";75;5;"NONE"
"334";"Slovenia";"ASRREA0";50;90;"ASBGSEX";"GIRL";"BOY";78,4282692;4,21263040645489;86,11554;4,36559589508861;7,68727080000002;6,87306001588948;1,11846408764484;"TOTWGT";"JRR";"HALF";"Y";"04-MAR-26";"13h10m";75;5;"NONE"
"335";"Slovenia";"ASRREA0";50;90;"ASBGSEX";"BOY";"GIRL";86,11554;4,36559589508861;78,4282692;4,21263040645489;-7,68727080000002;6,87306001588948;-1,11846408764484;"TOTWGT";"JRR";"HALF";"Y";"04-MAR-26";"13h10m";75;5;"NONE"
"336";"Slovenia";"ASRREA0";50;90;"ASBGSEX";"BOY";"BOY";86,11554;4,36559589508861;86,11554;4,36559589508861;0;0;NA;"TOTWGT";"JRR";"HALF";"Y";"04-MAR-26";"13h10m";75;5;"NONE"
"337";"Sweden";"ASRREA0";10;50;"ASBGSEX";"GIRL";"GIRL";82,29446;3,49615592760791;82,29446;3,49615592760791;0;0;NA;"TOTWGT";"JRR";"HALF";"Y";"04-MAR-26";"13h10m";75;5;"NONE"
"338";"Sweden";"ASRREA0";10;50;"ASBGSEX";"GIRL";"BOY";82,29446;3,49615592760791;93,1312548;5,10394578045319;10,8367947999999;5,66480691545168;1,91300338418258;"TOTWGT";"JRR";"HALF";"Y";"04-MAR-26";"13h10m";75;5;"NONE"
"339";"Sweden";"ASRREA0";10;50;"ASBGSEX";"BOY";"GIRL";93,1312548;5,10394578045319;82,29446;3,49615592760791;-10,8367947999999;5,66480691545168;-1,91300338418258;"TOTWGT";"JRR";"HALF";"Y";"04-MAR-26";"13h10m";75;5;"NONE"
"340";"Sweden";"ASRREA0";10;50;"ASBGSEX";"BOY";"BOY";93,1312548;5,10394578045319;93,1312548;5,10394578045319;0;0;NA;"TOTWGT";"JRR";"HALF";"Y";"04-MAR-26";"13h10m";75;5;"NONE"
"341";"Sweden";"ASRREA0";10;90;"ASBGSEX";"GIRL";"GIRL";157,9540848;7,17136853245863;157,9540848;7,17136853245863;0;0;NA;"TOTWGT";"JRR";"HALF";"Y";"04-MAR-26";"13h10m";75;5;"NONE"
"342";"Sweden";"ASRREA0";10;90;"ASBGSEX";"GIRL";"BOY";157,9540848;7,17136853245863;168,2910344;4,81100924746471;10,3369496;7,8654106896083;1,31422884423023;"TOTWGT";"JRR";"HALF";"Y";"04-MAR-26";"13h10m";75;5;"NONE"
"343";"Sweden";"ASRREA0";10;90;"ASBGSEX";"BOY";"GIRL";168,2910344;4,81100924746471;157,9540848;7,17136853245863;-10,3369496;7,8654106896083;-1,31422884423023;"TOTWGT";"JRR";"HALF";"Y";"04-MAR-26";"13h10m";75;5;"NONE"
"344";"Sweden";"ASRREA0";10;90;"ASBGSEX";"BOY";"BOY";168,2910344;4,81100924746471;168,2910344;4,81100924746471;0;0;NA;"TOTWGT";"JRR";"HALF";"Y";"04-MAR-26";"13h10m";75;5;"NONE"
"345";"Sweden";"ASRREA0";50;90;"ASBGSEX";"GIRL";"GIRL";75,6596248;6,48872815308052;75,6596248;6,48872815308052;0;0;NA;"TOTWGT";"JRR";"HALF";"Y";"04-MAR-26";"13h10m";75;5;"NONE"
"346";"Sweden";"ASRREA0";50;90;"ASBGSEX";"GIRL";"BOY";75,6596248;6,48872815308052;75,1597796;3,23413433214626;-0,499845199999959;7,67921570490665;-0,0650906575889751;"TOTWGT";"JRR";"HALF";"Y";"04-MAR-26";"13h10m";75;5;"NONE"
"347";"Sweden";"ASRREA0";50;90;"ASBGSEX";"BOY";"GIRL";75,1597796;3,23413433214626;75,6596248;6,48872815308052;0,499845199999959;7,67921570490665;0,0650906575889751;"TOTWGT";"JRR";"HALF";"Y";"04-MAR-26";"13h10m";75;5;"NONE"
"348";"Sweden";"ASRREA0";50;90;"ASBGSEX";"BOY";"BOY";75,1597796;3,23413433214626;75,1597796;3,23413433214626;0;0;NA;"TOTWGT";"JRR";"HALF";"Y";"04-MAR-26";"13h10m";75;5;"NONE"
"349";"Turkey";"ASRREA0";10;50;"ASBGSEX";"GIRL";"GIRL";109,9125938;5,83630784211637;109,9125938;5,83630784211637;0;0;NA;"TOTWGT";"JRR";"HALF";"Y";"04-MAR-26";"13h10m";75;5;"NONE"
"350";"Turkey";"ASRREA0";10;50;"ASBGSEX";"GIRL";"BOY";109,9125938;5,83630784211637;121,1647604;5,0009388825668;11,2521666;7,80326526658762;1,441981813457;"TOTWGT";"JRR";"HALF";"Y";"04-MAR-26";"13h10m";75;5;"NONE"
"351";"Turkey";"ASRREA0";10;50;"ASBGSEX";"BOY";"GIRL";121,1647604;5,0009388825668;109,9125938;5,83630784211637;-11,2521666;7,80326526658762;-1,441981813457;"TOTWGT";"JRR";"HALF";"Y";"04-MAR-26";"13h10m";75;5;"NONE"
"352";"Turkey";"ASRREA0";10;50;"ASBGSEX";"BOY";"BOY";121,1647604;5,0009388825668;121,1647604;5,0009388825668;0;0;NA;"TOTWGT";"JRR";"HALF";"Y";"04-MAR-26";"13h10m";75;5;"NONE"
"353";"Turkey";"ASRREA0";10;90;"ASBGSEX";"GIRL";"GIRL";214,4324714;5,79328253825812;214,4324714;5,79328253825812;0;0;NA;"TOTWGT";"JRR";"HALF";"Y";"04-MAR-26";"13h10m";75;5;"NONE"
"354";"Turkey";"ASRREA0";10;90;"ASBGSEX";"GIRL";"BOY";214,4324714;5,79328253825812;228,4436506;6,89500984462988;14,0111792;7,63055793351705;1,8361932799771;"TOTWGT";"JRR";"HALF";"Y";"04-MAR-26";"13h10m";75;5;"NONE"
"355";"Turkey";"ASRREA0";10;90;"ASBGSEX";"BOY";"GIRL";228,4436506;6,89500984462988;214,4324714;5,79328253825812;-14,0111792;7,63055793351705;-1,8361932799771;"TOTWGT";"JRR";"HALF";"Y";"04-MAR-26";"13h10m";75;5;"NONE"
"356";"Turkey";"ASRREA0";10;90;"ASBGSEX";"BOY";"BOY";228,4436506;6,89500984462988;228,4436506;6,89500984462988;0;0;NA;"TOTWGT";"JRR";"HALF";"Y";"04-MAR-26";"13h10m";75;5;"NONE"
"357";"Turkey";"ASRREA0";50;90;"ASBGSEX";"GIRL";"GIRL";104,5198776;4,83075882172729;104,5198776;4,83075882172729;0;0;NA;"TOTWGT";"JRR";"HALF";"Y";"04-MAR-26";"13h10m";75;5;"NONE"
"358";"Turkey";"ASRREA0";50;90;"ASBGSEX";"GIRL";"BOY";104,5198776;4,83075882172729;107,2788902;4,06305088347519;2,75901259999999;5,32027740843524;0,518584349685528;"TOTWGT";"JRR";"HALF";"Y";"04-MAR-26";"13h10m";75;5;"NONE"
"359";"Turkey";"ASRREA0";50;90;"ASBGSEX";"BOY";"GIRL";107,2788902;4,06305088347519;104,5198776;4,83075882172729;-2,75901259999999;5,32027740843524;-0,518584349685528;"TOTWGT";"JRR";"HALF";"Y";"04-MAR-26";"13h10m";75;5;"NONE"
"360";"Turkey";"ASRREA0";50;90;"ASBGSEX";"BOY";"BOY";107,2788902;4,06305088347519;107,2788902;4,06305088347519;0;0;NA;"TOTWGT";"JRR";"HALF";"Y";"04-MAR-26";"13h10m";75;5;"NONE"
"361";"North Macedonia";"ASRREA0";10;50;"ASBGSEX";"GIRL";"GIRL";155,2350914;7,34094797039839;155,2350914;7,34094797039839;0;0;NA;"TOTWGT";"JRR";"HALF";"Y";"04-MAR-26";"13h10m";75;5;"NONE"
"362";"North Macedonia";"ASRREA0";10;50;"ASBGSEX";"GIRL";"BOY";155,2350914;7,34094797039839;150,0268138;10,8916713156567;-5,20827760000003;12,7236817926305;-0,409337303846803;"TOTWGT";"JRR";"HALF";"Y";"04-MAR-26";"13h10m";75;5;"NONE"
"363";"North Macedonia";"ASRREA0";10;50;"ASBGSEX";"BOY";"GIRL";150,0268138;10,8916713156567;155,2350914;7,34094797039839;5,20827760000003;12,7236817926305;0,409337303846803;"TOTWGT";"JRR";"HALF";"Y";"04-MAR-26";"13h10m";75;5;"NONE"
"364";"North Macedonia";"ASRREA0";10;50;"ASBGSEX";"BOY";"BOY";150,0268138;10,8916713156567;150,0268138;10,8916713156567;0;0;NA;"TOTWGT";"JRR";"HALF";"Y";"04-MAR-26";"13h10m";75;5;"NONE"
"365";"North Macedonia";"ASRREA0";10;90;"ASBGSEX";"GIRL";"GIRL";270,9452262;9,87968599725804;270,9452262;9,87968599725804;0;0;NA;"TOTWGT";"JRR";"HALF";"Y";"04-MAR-26";"13h10m";75;5;"NONE"
"366";"North Macedonia";"ASRREA0";10;90;"ASBGSEX";"GIRL";"BOY";270,9452262;9,87968599725804;268,1181288;15,4278821453328;-2,82709740000006;15,3632038068357;-0,184017437739267;"TOTWGT";"JRR";"HALF";"Y";"04-MAR-26";"13h10m";75;5;"NONE"
"367";"North Macedonia";"ASRREA0";10;90;"ASBGSEX";"BOY";"GIRL";268,1181288;15,4278821453328;270,9452262;9,87968599725804;2,82709740000006;15,3632038068357;0,184017437739267;"TOTWGT";"JRR";"HALF";"Y";"04-MAR-26";"13h10m";75;5;"NONE"
"368";"North Macedonia";"ASRREA0";10;90;"ASBGSEX";"BOY";"BOY";268,1181288;15,4278821453328;268,1181288;15,4278821453328;0;0;NA;"TOTWGT";"JRR";"HALF";"Y";"04-MAR-26";"13h10m";75;5;"NONE"
"369";"North Macedonia";"ASRREA0";50;90;"ASBGSEX";"GIRL";"GIRL";115,7101348;6,96335622102328;115,7101348;6,96335622102328;0;0;NA;"TOTWGT";"JRR";"HALF";"Y";"04-MAR-26";"13h10m";75;5;"NONE"
"370";"North Macedonia";"ASRREA0";50;90;"ASBGSEX";"GIRL";"BOY";115,7101348;6,96335622102328;118,091315;9,39175229051809;2,38118019999997;10,0687018423522;0,236493267680643;"TOTWGT";"JRR";"HALF";"Y";"04-MAR-26";"13h10m";75;5;"NONE"
"371";"North Macedonia";"ASRREA0";50;90;"ASBGSEX";"BOY";"GIRL";118,091315;9,39175229051809;115,7101348;6,96335622102328;-2,38118019999997;10,0687018423522;-0,236493267680643;"TOTWGT";"JRR";"HALF";"Y";"04-MAR-26";"13h10m";75;5;"NONE"
"372";"North Macedonia";"ASRREA0";50;90;"ASBGSEX";"BOY";"BOY";118,091315;9,39175229051809;118,091315;9,39175229051809;0;0;NA;"TOTWGT";"JRR";"HALF";"Y";"04-MAR-26";"13h10m";75;5;"NONE"
"373";"United States";"ASRREA0";10;50;"ASBGSEX";"GIRL";"GIRL";107,1500886;5,87733394587632;107,1500886;5,87733394587632;0;0;NA;"TOTWGT";"JRR";"HALF";"Y";"04-MAR-26";"13h10m";75;5;"NONE"
"374";"United States";"ASRREA0";10;50;"ASBGSEX";"GIRL";"BOY";107,1500886;5,87733394587632;132,7676004;6,81190137246187;25,6175117999999;8,76940569654359;2,92123693286273;"TOTWGT";"JRR";"HALF";"Y";"04-MAR-26";"13h10m";75;5;"NONE"
"375";"United States";"ASRREA0";10;50;"ASBGSEX";"BOY";"GIRL";132,7676004;6,81190137246187;107,1500886;5,87733394587632;-25,6175117999999;8,76940569654359;-2,92123693286273;"TOTWGT";"JRR";"HALF";"Y";"04-MAR-26";"13h10m";75;5;"NONE"
"376";"United States";"ASRREA0";10;50;"ASBGSEX";"BOY";"BOY";132,7676004;6,81190137246187;132,7676004;6,81190137246187;0;0;NA;"TOTWGT";"JRR";"HALF";"Y";"04-MAR-26";"13h10m";75;5;"NONE"
"377";"United States";"ASRREA0";10;90;"ASBGSEX";"GIRL";"GIRL";194,8534898;8,71173356386546;194,8534898;8,71173356386546;0;0;NA;"TOTWGT";"JRR";"HALF";"Y";"04-MAR-26";"13h10m";75;5;"NONE"
"378";"United States";"ASRREA0";10;90;"ASBGSEX";"GIRL";"BOY";194,8534898;8,71173356386546;223,1125046;7,39337807192728;28,2590148;11,6029443112001;2,43550378611419;"TOTWGT";"JRR";"HALF";"Y";"04-MAR-26";"13h10m";75;5;"NONE"
"379";"United States";"ASRREA0";10;90;"ASBGSEX";"BOY";"GIRL";223,1125046;7,39337807192728;194,8534898;8,71173356386546;-28,2590148;11,6029443112001;-2,43550378611419;"TOTWGT";"JRR";"HALF";"Y";"04-MAR-26";"13h10m";75;5;"NONE"
"380";"United States";"ASRREA0";10;90;"ASBGSEX";"BOY";"BOY";223,1125046;7,39337807192728;223,1125046;7,39337807192728;0;0;NA;"TOTWGT";"JRR";"HALF";"Y";"04-MAR-26";"13h10m";75;5;"NONE"
"381";"United States";"ASRREA0";50;90;"ASBGSEX";"GIRL";"GIRL";87,7034011999999;6,22636330892703;87,7034011999999;6,22636330892703;0;0;NA;"TOTWGT";"JRR";"HALF";"Y";"04-MAR-26";"13h10m";75;5;"NONE"
"382";"United States";"ASRREA0";50;90;"ASBGSEX";"GIRL";"BOY";87,7034011999999;6,22636330892703;90,3449042;6,52706329865325;2,64150300000008;11,2384141465771;0,235042325860949;"TOTWGT";"JRR";"HALF";"Y";"04-MAR-26";"13h10m";75;5;"NONE"
"383";"United States";"ASRREA0";50;90;"ASBGSEX";"BOY";"GIRL";90,3449042;6,52706329865325;87,7034011999999;6,22636330892703;-2,64150300000008;11,2384141465771;-0,235042325860949;"TOTWGT";"JRR";"HALF";"Y";"04-MAR-26";"13h10m";75;5;"NONE"
"384";"United States";"ASRREA0";50;90;"ASBGSEX";"BOY";"BOY";90,3449042;6,52706329865325;90,3449042;6,52706329865325;0;0;NA;"TOTWGT";"JRR";"HALF";"Y";"04-MAR-26";"13h10m";75;5;"NONE"
"385";"England";"ASRREA0";10;50;"ASBGSEX";"GIRL";"GIRL";115,0184332;5,77591908327954;115,0184332;5,77591908327954;0;0;NA;"TOTWGT";"JRR";"HALF";"Y";"04-MAR-26";"13h10m";75;5;"NONE"
"386";"England";"ASRREA0";10;50;"ASBGSEX";"GIRL";"BOY";115,0184332;5,77591908327954;126,1989986;9,21585696374435;11,1805654;10,0623070483685;1,11113339577655;"TOTWGT";"JRR";"HALF";"Y";"04-MAR-26";"13h10m";75;5;"NONE"
"387";"England";"ASRREA0";10;50;"ASBGSEX";"BOY";"GIRL";126,1989986;9,21585696374435;115,0184332;5,77591908327954;-11,1805654;10,0623070483685;-1,11113339577655;"TOTWGT";"JRR";"HALF";"Y";"04-MAR-26";"13h10m";75;5;"NONE"
"388";"England";"ASRREA0";10;50;"ASBGSEX";"BOY";"BOY";126,1989986;9,21585696374435;126,1989986;9,21585696374435;0;0;NA;"TOTWGT";"JRR";"HALF";"Y";"04-MAR-26";"13h10m";75;5;"NONE"
"389";"England";"ASRREA0";10;90;"ASBGSEX";"GIRL";"GIRL";210,4909304;7,35638966395233;210,4909304;7,35638966395233;0;0;NA;"TOTWGT";"JRR";"HALF";"Y";"04-MAR-26";"13h10m";75;5;"NONE"
"390";"England";"ASRREA0";10;90;"ASBGSEX";"GIRL";"BOY";210,4909304;7,35638966395233;227,0704248;10,5304485503381;16,5794944;12,7309630744659;1,30229695137935;"TOTWGT";"JRR";"HALF";"Y";"04-MAR-26";"13h10m";75;5;"NONE"
"391";"England";"ASRREA0";10;90;"ASBGSEX";"BOY";"GIRL";227,0704248;10,5304485503381;210,4909304;7,35638966395233;-16,5794944;12,7309630744659;-1,30229695137935;"TOTWGT";"JRR";"HALF";"Y";"04-MAR-26";"13h10m";75;5;"NONE"
"392";"England";"ASRREA0";10;90;"ASBGSEX";"BOY";"BOY";227,0704248;10,5304485503381;227,0704248;10,5304485503381;0;0;NA;"TOTWGT";"JRR";"HALF";"Y";"04-MAR-26";"13h10m";75;5;"NONE"
"393";"England";"ASRREA0";50;90;"ASBGSEX";"GIRL";"GIRL";95,4724972;5,14981294635884;95,4724972;5,14981294635884;0;0;NA;"TOTWGT";"JRR";"HALF";"Y";"04-MAR-26";"13h10m";75;5;"NONE"
"394";"England";"ASRREA0";50;90;"ASBGSEX";"GIRL";"BOY";95,4724972;5,14981294635884;100,8714262;6,16619774884799;5,39892900000002;9,88195804169424;0,54634202829244;"TOTWGT";"JRR";"HALF";"Y";"04-MAR-26";"13h10m";75;5;"NONE"
"395";"England";"ASRREA0";50;90;"ASBGSEX";"BOY";"GIRL";100,8714262;6,16619774884799;95,4724972;5,14981294635884;-5,39892900000002;9,88195804169424;-0,54634202829244;"TOTWGT";"JRR";"HALF";"Y";"04-MAR-26";"13h10m";75;5;"NONE"
"396";"England";"ASRREA0";50;90;"ASBGSEX";"BOY";"BOY";100,8714262;6,16619774884799;100,8714262;6,16619774884799;0;0;NA;"TOTWGT";"JRR";"HALF";"Y";"04-MAR-26";"13h10m";75;5;"NONE"
"397";"Scotland";"ASRREA0";10;50;"ASBGSEX";"GIRL";"GIRL";113,1241302;9,46593238852058;113,1241302;9,46593238852058;0;0;NA;"TOTWGT";"JRR";"HALF";"Y";"04-MAR-26";"13h10m";75;5;"NONE"
"398";"Scotland";"ASRREA0";10;50;"ASBGSEX";"GIRL";"BOY";113,1241302;9,46593238852058;118,3020072;5,97658673151013;5,17787700000001;8,99907990434727;0,575378489249627;"TOTWGT";"JRR";"HALF";"Y";"04-MAR-26";"13h10m";75;5;"NONE"
"399";"Scotland";"ASRREA0";10;50;"ASBGSEX";"BOY";"GIRL";118,3020072;5,97658673151013;113,1241302;9,46593238852058;-5,17787700000001;8,99907990434727;-0,575378489249627;"TOTWGT";"JRR";"HALF";"Y";"04-MAR-26";"13h10m";75;5;"NONE"
"400";"Scotland";"ASRREA0";10;50;"ASBGSEX";"BOY";"BOY";118,3020072;5,97658673151013;118,3020072;5,97658673151013;0;0;NA;"TOTWGT";"JRR";"HALF";"Y";"04-MAR-26";"13h10m";75;5;"NONE"
"401";"Scotland";"ASRREA0";10;90;"ASBGSEX";"GIRL";"GIRL";208,58026;11,1464512476335;208,58026;11,1464512476335;0;0;NA;"TOTWGT";"JRR";"HALF";"Y";"04-MAR-26";"13h10m";75;5;"NONE"
"402";"Scotland";"ASRREA0";10;90;"ASBGSEX";"GIRL";"BOY";208,58026;11,1464512476335;214,7804096;9,0536309211553;6,20014960000005;13,9890713675725;0,443213808628669;"TOTWGT";"JRR";"HALF";"Y";"04-MAR-26";"13h10m";75;5;"NONE"
"403";"Scotland";"ASRREA0";10;90;"ASBGSEX";"BOY";"GIRL";214,7804096;9,0536309211553;208,58026;11,1464512476335;-6,20014960000005;13,9890713675725;-0,443213808628669;"TOTWGT";"JRR";"HALF";"Y";"04-MAR-26";"13h10m";75;5;"NONE"
"404";"Scotland";"ASRREA0";10;90;"ASBGSEX";"BOY";"BOY";214,7804096;9,0536309211553;214,7804096;9,0536309211553;0;0;NA;"TOTWGT";"JRR";"HALF";"Y";"04-MAR-26";"13h10m";75;5;"NONE"
"405";"Scotland";"ASRREA0";50;90;"ASBGSEX";"GIRL";"GIRL";95,4561298;4,46337083319515;95,4561298;4,46337083319515;0;0;NA;"TOTWGT";"JRR";"HALF";"Y";"04-MAR-26";"13h10m";75;5;"NONE"
"406";"Scotland";"ASRREA0";50;90;"ASBGSEX";"GIRL";"BOY";95,4561298;4,46337083319515;96,4784024000001;8,21303090373464;1,02227260000004;9,06932923026667;0,112717553199906;"TOTWGT";"JRR";"HALF";"Y";"04-MAR-26";"13h10m";75;5;"NONE"
"407";"Scotland";"ASRREA0";50;90;"ASBGSEX";"BOY";"GIRL";96,4784024000001;8,21303090373464;95,4561298;4,46337083319515;-1,02227260000004;9,06932923026667;-0,112717553199906;"TOTWGT";"JRR";"HALF";"Y";"04-MAR-26";"13h10m";75;5;"NONE"
"408";"Scotland";"ASRREA0";50;90;"ASBGSEX";"BOY";"BOY";96,4784024000001;8,21303090373464;96,4784024000001;8,21303090373464;0;0;NA;"TOTWGT";"JRR";"HALF";"Y";"04-MAR-26";"13h10m";75;5;"NONE"
"409";"Sweden (Grade 3)";"ASRREA0";10;50;"ASBGSEX";"GIRL";"GIRL";108,257079;6,2118069167791;108,257079;6,2118069167791;0;0;NA;"TOTWGT";"JRR";"HALF";"Y";"04-MAR-26";"13h10m";75;5;"NONE"
"410";"Sweden (Grade 3)";"ASRREA0";10;50;"ASBGSEX";"GIRL";"BOY";108,257079;6,2118069167791;114,4619014;7,41683917988044;6,20482239999999;8,35401127033798;0,742735698960693;"TOTWGT";"JRR";"HALF";"Y";"04-MAR-26";"13h10m";75;5;"NONE"
"411";"Sweden (Grade 3)";"ASRREA0";10;50;"ASBGSEX";"BOY";"GIRL";114,4619014;7,41683917988044;108,257079;6,2118069167791;-6,20482239999999;8,35401127033798;-0,742735698960693;"TOTWGT";"JRR";"HALF";"Y";"04-MAR-26";"13h10m";75;5;"NONE"
"412";"Sweden (Grade 3)";"ASRREA0";10;50;"ASBGSEX";"BOY";"BOY";114,4619014;7,41683917988044;114,4619014;7,41683917988044;0;0;NA;"TOTWGT";"JRR";"HALF";"Y";"04-MAR-26";"13h10m";75;5;"NONE"
"413";"Sweden (Grade 3)";"ASRREA0";10;90;"ASBGSEX";"GIRL";"GIRL";188,9457592;6,79587033208946;188,9457592;6,79587033208946;0;0;NA;"TOTWGT";"JRR";"HALF";"Y";"04-MAR-26";"13h10m";75;5;"NONE"
"414";"Sweden (Grade 3)";"ASRREA0";10;90;"ASBGSEX";"GIRL";"BOY";188,9457592;6,79587033208946;200,520229;8,55390271416837;11,5744698000001;9,05428315792075;1,27834192924204;"TOTWGT";"JRR";"HALF";"Y";"04-MAR-26";"13h10m";75;5;"NONE"
"415";"Sweden (Grade 3)";"ASRREA0";10;90;"ASBGSEX";"BOY";"GIRL";200,520229;8,55390271416837;188,9457592;6,79587033208946;-11,5744698000001;9,05428315792075;-1,27834192924204;"TOTWGT";"JRR";"HALF";"Y";"04-MAR-26";"13h10m";75;5;"NONE"
"416";"Sweden (Grade 3)";"ASRREA0";10;90;"ASBGSEX";"BOY";"BOY";200,520229;8,55390271416837;200,520229;8,55390271416837;0;0;NA;"TOTWGT";"JRR";"HALF";"Y";"04-MAR-26";"13h10m";75;5;"NONE"
"417";"Sweden (Grade 3)";"ASRREA0";50;90;"ASBGSEX";"GIRL";"GIRL";80,6886802;2,57549263803114;80,6886802;2,57549263803114;0;0;NA;"TOTWGT";"JRR";"HALF";"Y";"04-MAR-26";"13h10m";75;5;"NONE"
"418";"Sweden (Grade 3)";"ASRREA0";50;90;"ASBGSEX";"GIRL";"BOY";80,6886802;2,57549263803114;86,0583276000001;3,47075537064255;5,3696474000001;3,72525838495073;1,44141609658335;"TOTWGT";"JRR";"HALF";"Y";"04-MAR-26";"13h10m";75;5;"NONE"
"419";"Sweden (Grade 3)";"ASRREA0";50;90;"ASBGSEX";"BOY";"GIRL";86,0583276000001;3,47075537064255;80,6886802;2,57549263803114;-5,3696474000001;3,72525838495073;-1,44141609658335;"TOTWGT";"JRR";"HALF";"Y";"04-MAR-26";"13h10m";75;5;"NONE"
"420";"Sweden (Grade 3)";"ASRREA0";50;90;"ASBGSEX";"BOY";"BOY";86,0583276000001;3,47075537064255;86,0583276000001;3,47075537064255;0;0;NA;"TOTWGT";"JRR";"HALF";"Y";"04-MAR-26";"13h10m";75;5;"NONE"
"421";"Canada (Ontario)";"ASRREA0";10;50;"ASBGSEX";"GIRL";"GIRL";99,2054152;6,40568901761486;99,2054152;6,40568901761486;0;0;NA;"TOTWGT";"JRR";"HALF";"Y";"04-MAR-26";"13h10m";75;5;"NONE"
"422";"Canada (Ontario)";"ASRREA0";10;50;"ASBGSEX";"GIRL";"BOY";99,2054152;6,40568901761486;107,4840244;6,4378654103259;8,27860920000002;10,037117742254;0,824799450657923;"TOTWGT";"JRR";"HALF";"Y";"04-MAR-26";"13h10m";75;5;"NONE"
"423";"Canada (Ontario)";"ASRREA0";10;50;"ASBGSEX";"BOY";"GIRL";107,4840244;6,4378654103259;99,2054152;6,40568901761486;-8,27860920000002;10,037117742254;-0,824799450657923;"TOTWGT";"JRR";"HALF";"Y";"04-MAR-26";"13h10m";75;5;"NONE"
"424";"Canada (Ontario)";"ASRREA0";10;50;"ASBGSEX";"BOY";"BOY";107,4840244;6,4378654103259;107,4840244;6,4378654103259;0;0;NA;"TOTWGT";"JRR";"HALF";"Y";"04-MAR-26";"13h10m";75;5;"NONE"
"425";"Canada (Ontario)";"ASRREA0";10;90;"ASBGSEX";"GIRL";"GIRL";191,460621;6,46446585485083;191,460621;6,46446585485083;0;0;NA;"TOTWGT";"JRR";"HALF";"Y";"04-MAR-26";"13h10m";75;5;"NONE"
"426";"Canada (Ontario)";"ASRREA0";10;90;"ASBGSEX";"GIRL";"BOY";191,460621;6,46446585485083;199,5507068;5,25026009683817;8,09008580000001;7,67623953068649;1,05391263100365;"TOTWGT";"JRR";"HALF";"Y";"04-MAR-26";"13h10m";75;5;"NONE"
"427";"Canada (Ontario)";"ASRREA0";10;90;"ASBGSEX";"BOY";"GIRL";199,5507068;5,25026009683817;191,460621;6,46446585485083;-8,09008580000001;7,67623953068649;-1,05391263100365;"TOTWGT";"JRR";"HALF";"Y";"04-MAR-26";"13h10m";75;5;"NONE"
"428";"Canada (Ontario)";"ASRREA0";10;90;"ASBGSEX";"BOY";"BOY";199,5507068;5,25026009683817;199,5507068;5,25026009683817;0;0;NA;"TOTWGT";"JRR";"HALF";"Y";"04-MAR-26";"13h10m";75;5;"NONE"
"429";"Canada (Ontario)";"ASRREA0";50;90;"ASBGSEX";"GIRL";"GIRL";92,2552058;5,59985416031685;92,2552058;5,59985416031685;0;0;NA;"TOTWGT";"JRR";"HALF";"Y";"04-MAR-26";"13h10m";75;5;"NONE"
"430";"Canada (Ontario)";"ASRREA0";50;90;"ASBGSEX";"GIRL";"BOY";92,2552058;5,59985416031685;92,0666824;4,9096400548808;-0,188523400000008;7,38104843115649;-0,0255415476213682;"TOTWGT";"JRR";"HALF";"Y";"04-MAR-26";"13h10m";75;5;"NONE"
"431";"Canada (Ontario)";"ASRREA0";50;90;"ASBGSEX";"BOY";"GIRL";92,0666824;4,9096400548808;92,2552058;5,59985416031685;0,188523400000008;7,38104843115649;0,0255415476213682;"TOTWGT";"JRR";"HALF";"Y";"04-MAR-26";"13h10m";75;5;"NONE"
"432";"Canada (Ontario)";"ASRREA0";50;90;"ASBGSEX";"BOY";"BOY";92,0666824;4,9096400548808;92,0666824;4,9096400548808;0;0;NA;"TOTWGT";"JRR";"HALF";"Y";"04-MAR-26";"13h10m";75;5;"NONE"
"433";"Canada (Quebec)";"ASRREA0";10;50;"ASBGSEX";"GIRL";"GIRL";79,61188;3,27817770977357;79,61188;3,27817770977357;0;0;NA;"TOTWGT";"JRR";"HALF";"Y";"04-MAR-26";"13h10m";75;5;"NONE"
"434";"Canada (Quebec)";"ASRREA0";10;50;"ASBGSEX";"GIRL";"BOY";79,61188;3,27817770977357;86,0205792;7,62011119387873;6,4086992;7,75676999723106;0,826207197362784;"TOTWGT";"JRR";"HALF";"Y";"04-MAR-26";"13h10m";75;5;"NONE"
"435";"Canada (Quebec)";"ASRREA0";10;50;"ASBGSEX";"BOY";"GIRL";86,0205792;7,62011119387873;79,61188;3,27817770977357;-6,4086992;7,75676999723106;-0,826207197362784;"TOTWGT";"JRR";"HALF";"Y";"04-MAR-26";"13h10m";75;5;"NONE"
"436";"Canada (Quebec)";"ASRREA0";10;50;"ASBGSEX";"BOY";"BOY";86,0205792;7,62011119387873;86,0205792;7,62011119387873;0;0;NA;"TOTWGT";"JRR";"HALF";"Y";"04-MAR-26";"13h10m";75;5;"NONE"
"437";"Canada (Quebec)";"ASRREA0";10;90;"ASBGSEX";"GIRL";"GIRL";158,7024974;3,57475868250788;158,7024974;3,57475868250788;0;0;NA;"TOTWGT";"JRR";"HALF";"Y";"04-MAR-26";"13h10m";75;5;"NONE"
"438";"Canada (Quebec)";"ASRREA0";10;90;"ASBGSEX";"GIRL";"BOY";158,7024974;3,57475868250788;165,664826;8,74569797437671;6,96232860000002;8,78815215394893;0,792240334263162;"TOTWGT";"JRR";"HALF";"Y";"04-MAR-26";"13h10m";75;5;"NONE"
"439";"Canada (Quebec)";"ASRREA0";10;90;"ASBGSEX";"BOY";"GIRL";165,664826;8,74569797437671;158,7024974;3,57475868250788;-6,96232860000002;8,78815215394893;-0,792240334263162;"TOTWGT";"JRR";"HALF";"Y";"04-MAR-26";"13h10m";75;5;"NONE"
"440";"Canada (Quebec)";"ASRREA0";10;90;"ASBGSEX";"BOY";"BOY";165,664826;8,74569797437671;165,664826;8,74569797437671;0;0;NA;"TOTWGT";"JRR";"HALF";"Y";"04-MAR-26";"13h10m";75;5;"NONE"
"441";"Canada (Quebec)";"ASRREA0";50;90;"ASBGSEX";"GIRL";"GIRL";79,0906174;2,6340698380282;79,0906174;2,6340698380282;0;0;NA;"TOTWGT";"JRR";"HALF";"Y";"04-MAR-26";"13h10m";75;5;"NONE"
"442";"Canada (Quebec)";"ASRREA0";50;90;"ASBGSEX";"GIRL";"BOY";79,0906174;2,6340698380282;79,6442468;3,47531208904491;0,553629400000023;3,08929550462739;0,179208948826926;"TOTWGT";"JRR";"HALF";"Y";"04-MAR-26";"13h10m";75;5;"NONE"
"443";"Canada (Quebec)";"ASRREA0";50;90;"ASBGSEX";"BOY";"GIRL";79,6442468;3,47531208904491;79,0906174;2,6340698380282;-0,553629400000023;3,08929550462739;-0,179208948826926;"TOTWGT";"JRR";"HALF";"Y";"04-MAR-26";"13h10m";75;5;"NONE"
"444";"Canada (Quebec)";"ASRREA0";50;90;"ASBGSEX";"BOY";"BOY";79,6442468;3,47531208904491;79,6442468;3,47531208904491;0;0;NA;"TOTWGT";"JRR";"HALF";"Y";"04-MAR-26";"13h10m";75;5;"NONE"
