IDCNTRY;percentile;dvar;groupvar;refgroup;compgroup;val;val_se;cval;cval_se;valdiff;valdiff_se;valdiff_t;weight;method;jk2type;shortcut;date;time;reps;npv;infile;selcrit
Australia;10;ASMMAT0;ASBGSEX;GIRL;GIRL;393,264623111452;6,3300379902988;393,264623111452;6,3300379902988;0;0; ;TOTWGT;JRR;HALF;Y;25-FEB-26;22h29m;75;5;Z:\RandA\Work\AndresStrello\ILSAreport_checks\DB\TIMSS_4_2003.sav;NONE
Australia;10;ASMMAT0;ASBGSEX;GIRL;BOY;393,264623111452;6,3300379902988;389,921877021966;13,2360390113506;-3,34274608948652;10,0092898947307;-,333964359574229;TOTWGT;JRR;HALF;Y;25-FEB-26;22h29m;75;5;Z:\RandA\Work\AndresStrello\ILSAreport_checks\DB\TIMSS_4_2003.sav;NONE
Australia;10;ASMMAT0;ASBGSEX;BOY;GIRL;389,921877021966;13,2360390113506;393,264623111452;6,3300379902988;3,34274608948652;10,0092898947307;,333964359574229;TOTWGT;JRR;HALF;Y;25-FEB-26;22h29m;75;5;Z:\RandA\Work\AndresStrello\ILSAreport_checks\DB\TIMSS_4_2003.sav;NONE
Australia;10;ASMMAT0;ASBGSEX;BOY;BOY;389,921877021966;13,2360390113506;389,921877021966;13,2360390113506;0;0; ;TOTWGT;JRR;HALF;Y;25-FEB-26;22h29m;75;5;Z:\RandA\Work\AndresStrello\ILSAreport_checks\DB\TIMSS_4_2003.sav;NONE
Australia;50;ASMMAT0;ASBGSEX;GIRL;GIRL;501,030622617034;7,55667714445319;501,030622617034;7,55667714445319;0;0; ;TOTWGT;JRR;HALF;Y;25-FEB-26;22h29m;75;5;Z:\RandA\Work\AndresStrello\ILSAreport_checks\DB\TIMSS_4_2003.sav;NONE
Australia;50;ASMMAT0;ASBGSEX;GIRL;BOY;501,030622617034;7,55667714445319;507,924120771349;6,62088948370794;6,893498154315;7,01408518123982;,982807875323877;TOTWGT;JRR;HALF;Y;25-FEB-26;22h29m;75;5;Z:\RandA\Work\AndresStrello\ILSAreport_checks\DB\TIMSS_4_2003.sav;NONE
Australia;50;ASMMAT0;ASBGSEX;BOY;GIRL;507,924120771349;6,62088948370794;501,030622617034;7,55667714445319;-6,893498154315;7,01408518123982;-,982807875323877;TOTWGT;JRR;HALF;Y;25-FEB-26;22h29m;75;5;Z:\RandA\Work\AndresStrello\ILSAreport_checks\DB\TIMSS_4_2003.sav;NONE
Australia;50;ASMMAT0;ASBGSEX;BOY;BOY;507,924120771349;6,62088948370794;507,924120771349;6,62088948370794;0;0; ;TOTWGT;JRR;HALF;Y;25-FEB-26;22h29m;75;5;Z:\RandA\Work\AndresStrello\ILSAreport_checks\DB\TIMSS_4_2003.sav;NONE
Australia;90;ASMMAT0;ASBGSEX;GIRL;GIRL;593,955136602087;4,53993280877405;593,955136602087;4,53993280877405;0;0; ;TOTWGT;JRR;HALF;Y;25-FEB-26;22h29m;75;5;Z:\RandA\Work\AndresStrello\ILSAreport_checks\DB\TIMSS_4_2003.sav;NONE
Australia;90;ASMMAT0;ASBGSEX;GIRL;BOY;593,955136602087;4,53993280877405;600,169556140963;5,76092814782353;6,21441953887597;5,63329361002415;1,10315917633296;TOTWGT;JRR;HALF;Y;25-FEB-26;22h29m;75;5;Z:\RandA\Work\AndresStrello\ILSAreport_checks\DB\TIMSS_4_2003.sav;NONE
Australia;90;ASMMAT0;ASBGSEX;BOY;GIRL;600,169556140963;5,76092814782353;593,955136602087;4,53993280877405;-6,21441953887597;5,63329361002415;-1,10315917633296;TOTWGT;JRR;HALF;Y;25-FEB-26;22h29m;75;5;Z:\RandA\Work\AndresStrello\ILSAreport_checks\DB\TIMSS_4_2003.sav;NONE
Australia;90;ASMMAT0;ASBGSEX;BOY;BOY;600,169556140963;5,76092814782353;600,169556140963;5,76092814782353;0;0; ;TOTWGT;JRR;HALF;Y;25-FEB-26;22h29m;75;5;Z:\RandA\Work\AndresStrello\ILSAreport_checks\DB\TIMSS_4_2003.sav;NONE
Armenia;10;ASMMAT0;ASBGSEX;GIRL;GIRL;354,263450267756;2,49019768654448;354,263450267756;2,49019768654448;0;0; ;TOTWGT;JRR;HALF;Y;25-FEB-26;22h29m;75;5;Z:\RandA\Work\AndresStrello\ILSAreport_checks\DB\TIMSS_4_2003.sav;NONE
Armenia;10;ASMMAT0;ASBGSEX;GIRL;BOY;354,263450267756;2,49019768654448;330,002383143387;6,56231736139878;-24,2610671243695;5,53033663354029;-4,3869060297761;TOTWGT;JRR;HALF;Y;25-FEB-26;22h29m;75;5;Z:\RandA\Work\AndresStrello\ILSAreport_checks\DB\TIMSS_4_2003.sav;NONE
Armenia;10;ASMMAT0;ASBGSEX;BOY;GIRL;330,002383143387;6,56231736139878;354,263450267756;2,49019768654448;24,2610671243695;5,53033663354029;4,3869060297761;TOTWGT;JRR;HALF;Y;25-FEB-26;22h29m;75;5;Z:\RandA\Work\AndresStrello\ILSAreport_checks\DB\TIMSS_4_2003.sav;NONE
Armenia;10;ASMMAT0;ASBGSEX;BOY;BOY;330,002383143387;6,56231736139878;330,002383143387;6,56231736139878;0;0; ;TOTWGT;JRR;HALF;Y;25-FEB-26;22h29m;75;5;Z:\RandA\Work\AndresStrello\ILSAreport_checks\DB\TIMSS_4_2003.sav;NONE
Armenia;50;ASMMAT0;ASBGSEX;GIRL;GIRL;465,308074711508;5,83554232045643;465,308074711508;5,83554232045643;0;0; ;TOTWGT;JRR;HALF;Y;25-FEB-26;22h29m;75;5;Z:\RandA\Work\AndresStrello\ILSAreport_checks\DB\TIMSS_4_2003.sav;NONE
Armenia;50;ASMMAT0;ASBGSEX;GIRL;BOY;465,308074711508;5,83554232045643;456,365227264076;4,35067961600406;-8,94284744743193;4,98887610905765;-1,79255753238602;TOTWGT;JRR;HALF;Y;25-FEB-26;22h29m;75;5;Z:\RandA\Work\AndresStrello\ILSAreport_checks\DB\TIMSS_4_2003.sav;NONE
Armenia;50;ASMMAT0;ASBGSEX;BOY;GIRL;456,365227264076;4,35067961600406;465,308074711508;5,83554232045643;8,94284744743193;4,98887610905765;1,79255753238602;TOTWGT;JRR;HALF;Y;25-FEB-26;22h29m;75;5;Z:\RandA\Work\AndresStrello\ILSAreport_checks\DB\TIMSS_4_2003.sav;NONE
Armenia;50;ASMMAT0;ASBGSEX;BOY;BOY;456,365227264076;4,35067961600406;456,365227264076;4,35067961600406;0;0; ;TOTWGT;JRR;HALF;Y;25-FEB-26;22h29m;75;5;Z:\RandA\Work\AndresStrello\ILSAreport_checks\DB\TIMSS_4_2003.sav;NONE
Armenia;90;ASMMAT0;ASBGSEX;GIRL;GIRL;567,693861407664;3,74266903044374;567,693861407664;3,74266903044374;0;0; ;TOTWGT;JRR;HALF;Y;25-FEB-26;22h29m;75;5;Z:\RandA\Work\AndresStrello\ILSAreport_checks\DB\TIMSS_4_2003.sav;NONE
Armenia;90;ASMMAT0;ASBGSEX;GIRL;BOY;567,693861407664;3,74266903044374;561,818231532203;3,74499510223163;-5,87562987546085;3,13361047519577;-1,87503517810195;TOTWGT;JRR;HALF;Y;25-FEB-26;22h29m;75;5;Z:\RandA\Work\AndresStrello\ILSAreport_checks\DB\TIMSS_4_2003.sav;NONE
Armenia;90;ASMMAT0;ASBGSEX;BOY;GIRL;561,818231532203;3,74499510223163;567,693861407664;3,74266903044374;5,87562987546085;3,13361047519577;1,87503517810195;TOTWGT;JRR;HALF;Y;25-FEB-26;22h29m;75;5;Z:\RandA\Work\AndresStrello\ILSAreport_checks\DB\TIMSS_4_2003.sav;NONE
Armenia;90;ASMMAT0;ASBGSEX;BOY;BOY;561,818231532203;3,74499510223163;561,818231532203;3,74499510223163;0;0; ;TOTWGT;JRR;HALF;Y;25-FEB-26;22h29m;75;5;Z:\RandA\Work\AndresStrello\ILSAreport_checks\DB\TIMSS_4_2003.sav;NONE
Chinese Taipei;10;ASMMAT0;ASBGSEX;GIRL;GIRL;487,17148973453;3,08124687972363;487,17148973453;3,08124687972363;0;0; ;TOTWGT;JRR;HALF;Y;25-FEB-26;22h29m;75;5;Z:\RandA\Work\AndresStrello\ILSAreport_checks\DB\TIMSS_4_2003.sav;NONE
Chinese Taipei;10;ASMMAT0;ASBGSEX;GIRL;BOY;487,17148973453;3,08124687972363;479,41541143343;4,88977131881265;-7,75607830110071;4,68404830472799;-1,65584934153473;TOTWGT;JRR;HALF;Y;25-FEB-26;22h29m;75;5;Z:\RandA\Work\AndresStrello\ILSAreport_checks\DB\TIMSS_4_2003.sav;NONE
Chinese Taipei;10;ASMMAT0;ASBGSEX;BOY;GIRL;479,41541143343;4,88977131881265;487,17148973453;3,08124687972363;7,75607830110071;4,68404830472799;1,65584934153473;TOTWGT;JRR;HALF;Y;25-FEB-26;22h29m;75;5;Z:\RandA\Work\AndresStrello\ILSAreport_checks\DB\TIMSS_4_2003.sav;NONE
Chinese Taipei;10;ASMMAT0;ASBGSEX;BOY;BOY;479,41541143343;4,88977131881265;479,41541143343;4,88977131881265;0;0; ;TOTWGT;JRR;HALF;Y;25-FEB-26;22h29m;75;5;Z:\RandA\Work\AndresStrello\ILSAreport_checks\DB\TIMSS_4_2003.sav;NONE
Chinese Taipei;50;ASMMAT0;ASBGSEX;GIRL;GIRL;566,717312263685;1,50064835239389;566,717312263685;1,50064835239389;0;0; ;TOTWGT;JRR;HALF;Y;25-FEB-26;22h29m;75;5;Z:\RandA\Work\AndresStrello\ILSAreport_checks\DB\TIMSS_4_2003.sav;NONE
Chinese Taipei;50;ASMMAT0;ASBGSEX;GIRL;BOY;566,717312263685;1,50064835239389;567,259068357877;2,13190531028853;,541756094192215;2,01253165130435;,269191341085789;TOTWGT;JRR;HALF;Y;25-FEB-26;22h29m;75;5;Z:\RandA\Work\AndresStrello\ILSAreport_checks\DB\TIMSS_4_2003.sav;NONE
Chinese Taipei;50;ASMMAT0;ASBGSEX;BOY;GIRL;567,259068357877;2,13190531028853;566,717312263685;1,50064835239389;-,541756094192215;2,01253165130435;-,269191341085789;TOTWGT;JRR;HALF;Y;25-FEB-26;22h29m;75;5;Z:\RandA\Work\AndresStrello\ILSAreport_checks\DB\TIMSS_4_2003.sav;NONE
Chinese Taipei;50;ASMMAT0;ASBGSEX;BOY;BOY;567,259068357877;2,13190531028853;567,259068357877;2,13190531028853;0;0; ;TOTWGT;JRR;HALF;Y;25-FEB-26;22h29m;75;5;Z:\RandA\Work\AndresStrello\ILSAreport_checks\DB\TIMSS_4_2003.sav;NONE
Chinese Taipei;90;ASMMAT0;ASBGSEX;GIRL;GIRL;638,073149965306;3,62655164010094;638,073149965306;3,62655164010094;0;0; ;TOTWGT;JRR;HALF;Y;25-FEB-26;22h29m;75;5;Z:\RandA\Work\AndresStrello\ILSAreport_checks\DB\TIMSS_4_2003.sav;NONE
Chinese Taipei;90;ASMMAT0;ASBGSEX;GIRL;BOY;638,073149965306;3,62655164010094;644,356482773387;3,32518270213313;6,28333280808126;4,58948460895025;1,36907155017531;TOTWGT;JRR;HALF;Y;25-FEB-26;22h29m;75;5;Z:\RandA\Work\AndresStrello\ILSAreport_checks\DB\TIMSS_4_2003.sav;NONE
Chinese Taipei;90;ASMMAT0;ASBGSEX;BOY;GIRL;644,356482773387;3,32518270213313;638,073149965306;3,62655164010094;-6,28333280808126;4,58948460895025;-1,36907155017531;TOTWGT;JRR;HALF;Y;25-FEB-26;22h29m;75;5;Z:\RandA\Work\AndresStrello\ILSAreport_checks\DB\TIMSS_4_2003.sav;NONE
Chinese Taipei;90;ASMMAT0;ASBGSEX;BOY;BOY;644,356482773387;3,32518270213313;644,356482773387;3,32518270213313;0;0; ;TOTWGT;JRR;HALF;Y;25-FEB-26;22h29m;75;5;Z:\RandA\Work\AndresStrello\ILSAreport_checks\DB\TIMSS_4_2003.sav;NONE
Cyprus;10;ASMMAT0;ASBGSEX;GIRL;GIRL;395,136809031771;6,34125986009126;395,136809031771;6,34125986009126;0;0; ;TOTWGT;JRR;HALF;Y;25-FEB-26;22h29m;75;5;Z:\RandA\Work\AndresStrello\ILSAreport_checks\DB\TIMSS_4_2003.sav;NONE
Cyprus;10;ASMMAT0;ASBGSEX;GIRL;BOY;395,136809031771;6,34125986009126;397,151569326257;5,09050101425951;2,01476029448631;8,6137630288531;,233900130261022;TOTWGT;JRR;HALF;Y;25-FEB-26;22h29m;75;5;Z:\RandA\Work\AndresStrello\ILSAreport_checks\DB\TIMSS_4_2003.sav;NONE
Cyprus;10;ASMMAT0;ASBGSEX;BOY;GIRL;397,151569326257;5,09050101425951;395,136809031771;6,34125986009126;-2,01476029448631;8,6137630288531;-,233900130261022;TOTWGT;JRR;HALF;Y;25-FEB-26;22h29m;75;5;Z:\RandA\Work\AndresStrello\ILSAreport_checks\DB\TIMSS_4_2003.sav;NONE
Cyprus;10;ASMMAT0;ASBGSEX;BOY;BOY;397,151569326257;5,09050101425951;397,151569326257;5,09050101425951;0;0; ;TOTWGT;JRR;HALF;Y;25-FEB-26;22h29m;75;5;Z:\RandA\Work\AndresStrello\ILSAreport_checks\DB\TIMSS_4_2003.sav;NONE
Cyprus;50;ASMMAT0;ASBGSEX;GIRL;GIRL;511,542725979427;3,26101300517066;511,542725979427;3,26101300517066;0;0; ;TOTWGT;JRR;HALF;Y;25-FEB-26;22h29m;75;5;Z:\RandA\Work\AndresStrello\ILSAreport_checks\DB\TIMSS_4_2003.sav;NONE
Cyprus;50;ASMMAT0;ASBGSEX;GIRL;BOY;511,542725979427;3,26101300517066;520,027137798894;3,39367121165867;8,48441181946679;4,10577342894562;2,06645884540337;TOTWGT;JRR;HALF;Y;25-FEB-26;22h29m;75;5;Z:\RandA\Work\AndresStrello\ILSAreport_checks\DB\TIMSS_4_2003.sav;NONE
Cyprus;50;ASMMAT0;ASBGSEX;BOY;GIRL;520,027137798894;3,39367121165867;511,542725979427;3,26101300517066;-8,48441181946679;4,10577342894562;-2,06645884540337;TOTWGT;JRR;HALF;Y;25-FEB-26;22h29m;75;5;Z:\RandA\Work\AndresStrello\ILSAreport_checks\DB\TIMSS_4_2003.sav;NONE
Cyprus;50;ASMMAT0;ASBGSEX;BOY;BOY;520,027137798894;3,39367121165867;520,027137798894;3,39367121165867;0;0; ;TOTWGT;JRR;HALF;Y;25-FEB-26;22h29m;75;5;Z:\RandA\Work\AndresStrello\ILSAreport_checks\DB\TIMSS_4_2003.sav;NONE
Cyprus;90;ASMMAT0;ASBGSEX;GIRL;GIRL;604,465522588846;5,2949841314615;604,465522588846;5,2949841314615;0;0; ;TOTWGT;JRR;HALF;Y;25-FEB-26;22h29m;75;5;Z:\RandA\Work\AndresStrello\ILSAreport_checks\DB\TIMSS_4_2003.sav;NONE
Cyprus;90;ASMMAT0;ASBGSEX;GIRL;BOY;604,465522588846;5,2949841314615;622,560444389475;4,82401074519883;18,0949218006291;6,73938417198586;2,68495182035262;TOTWGT;JRR;HALF;Y;25-FEB-26;22h29m;75;5;Z:\RandA\Work\AndresStrello\ILSAreport_checks\DB\TIMSS_4_2003.sav;NONE
Cyprus;90;ASMMAT0;ASBGSEX;BOY;GIRL;622,560444389475;4,82401074519883;604,465522588846;5,2949841314615;-18,0949218006291;6,73938417198586;-2,68495182035262;TOTWGT;JRR;HALF;Y;25-FEB-26;22h29m;75;5;Z:\RandA\Work\AndresStrello\ILSAreport_checks\DB\TIMSS_4_2003.sav;NONE
Cyprus;90;ASMMAT0;ASBGSEX;BOY;BOY;622,560444389475;4,82401074519883;622,560444389475;4,82401074519883;0;0; ;TOTWGT;JRR;HALF;Y;25-FEB-26;22h29m;75;5;Z:\RandA\Work\AndresStrello\ILSAreport_checks\DB\TIMSS_4_2003.sav;NONE
Hong Kong, SAR;10;ASMMAT0;ASBGSEX;GIRL;GIRL;498,383198281335;3,86386699188495;498,383198281335;3,86386699188495;0;0; ;TOTWGT;JRR;HALF;Y;25-FEB-26;22h29m;75;5;Z:\RandA\Work\AndresStrello\ILSAreport_checks\DB\TIMSS_4_2003.sav;NONE
Hong Kong, SAR;10;ASMMAT0;ASBGSEX;GIRL;BOY;498,383198281335;3,86386699188495;486,937186527392;3,94521666360928;-11,4460117539439;3,24006379862984;-3,53265011595891;TOTWGT;JRR;HALF;Y;25-FEB-26;22h29m;75;5;Z:\RandA\Work\AndresStrello\ILSAreport_checks\DB\TIMSS_4_2003.sav;NONE
Hong Kong, SAR;10;ASMMAT0;ASBGSEX;BOY;GIRL;486,937186527392;3,94521666360928;498,383198281335;3,86386699188495;11,4460117539439;3,24006379862984;3,53265011595891;TOTWGT;JRR;HALF;Y;25-FEB-26;22h29m;75;5;Z:\RandA\Work\AndresStrello\ILSAreport_checks\DB\TIMSS_4_2003.sav;NONE
Hong Kong, SAR;10;ASMMAT0;ASBGSEX;BOY;BOY;486,937186527392;3,94521666360928;486,937186527392;3,94521666360928;0;0; ;TOTWGT;JRR;HALF;Y;25-FEB-26;22h29m;75;5;Z:\RandA\Work\AndresStrello\ILSAreport_checks\DB\TIMSS_4_2003.sav;NONE
Hong Kong, SAR;50;ASMMAT0;ASBGSEX;GIRL;GIRL;576,725463607718;4,244017473551;576,725463607718;4,244017473551;0;0; ;TOTWGT;JRR;HALF;Y;25-FEB-26;22h29m;75;5;Z:\RandA\Work\AndresStrello\ILSAreport_checks\DB\TIMSS_4_2003.sav;NONE
Hong Kong, SAR;50;ASMMAT0;ASBGSEX;GIRL;BOY;576,725463607718;4,244017473551;579,184492079976;5,37331513080183;2,45902847225773;4,35393984724728;,564782371491056;TOTWGT;JRR;HALF;Y;25-FEB-26;22h29m;75;5;Z:\RandA\Work\AndresStrello\ILSAreport_checks\DB\TIMSS_4_2003.sav;NONE
Hong Kong, SAR;50;ASMMAT0;ASBGSEX;BOY;GIRL;579,184492079976;5,37331513080183;576,725463607718;4,244017473551;-2,45902847225773;4,35393984724728;-,564782371491056;TOTWGT;JRR;HALF;Y;25-FEB-26;22h29m;75;5;Z:\RandA\Work\AndresStrello\ILSAreport_checks\DB\TIMSS_4_2003.sav;NONE
Hong Kong, SAR;50;ASMMAT0;ASBGSEX;BOY;BOY;579,184492079976;5,37331513080183;579,184492079976;5,37331513080183;0;0; ;TOTWGT;JRR;HALF;Y;25-FEB-26;22h29m;75;5;Z:\RandA\Work\AndresStrello\ILSAreport_checks\DB\TIMSS_4_2003.sav;NONE
Hong Kong, SAR;90;ASMMAT0;ASBGSEX;GIRL;GIRL;649,543138844962;6,47611616813538;649,543138844962;6,47611616813538;0;0; ;TOTWGT;JRR;HALF;Y;25-FEB-26;22h29m;75;5;Z:\RandA\Work\AndresStrello\ILSAreport_checks\DB\TIMSS_4_2003.sav;NONE
Hong Kong, SAR;90;ASMMAT0;ASBGSEX;GIRL;BOY;649,543138844962;6,47611616813538;657,278119906463;5,94574397120639;7,73498106150075;6,17250052359523;1,25313574813525;TOTWGT;JRR;HALF;Y;25-FEB-26;22h29m;75;5;Z:\RandA\Work\AndresStrello\ILSAreport_checks\DB\TIMSS_4_2003.sav;NONE
Hong Kong, SAR;90;ASMMAT0;ASBGSEX;BOY;GIRL;657,278119906463;5,94574397120639;649,543138844962;6,47611616813538;-7,73498106150075;6,17250052359523;-1,25313574813525;TOTWGT;JRR;HALF;Y;25-FEB-26;22h29m;75;5;Z:\RandA\Work\AndresStrello\ILSAreport_checks\DB\TIMSS_4_2003.sav;NONE
Hong Kong, SAR;90;ASMMAT0;ASBGSEX;BOY;BOY;657,278119906463;5,94574397120639;657,278119906463;5,94574397120639;0;0; ;TOTWGT;JRR;HALF;Y;25-FEB-26;22h29m;75;5;Z:\RandA\Work\AndresStrello\ILSAreport_checks\DB\TIMSS_4_2003.sav;NONE
Hungary;10;ASMMAT0;ASBGSEX;GIRL;GIRL;424,161915383871;7,22232326351294;424,161915383871;7,22232326351294;0;0; ;TOTWGT;JRR;HALF;Y;25-FEB-26;22h29m;75;5;Z:\RandA\Work\AndresStrello\ILSAreport_checks\DB\TIMSS_4_2003.sav;NONE
Hungary;10;ASMMAT0;ASBGSEX;GIRL;BOY;424,161915383871;7,22232326351294;426,41939856236;8,16974071241129;2,25748317848855;8,88738864979839;,254009728553928;TOTWGT;JRR;HALF;Y;25-FEB-26;22h29m;75;5;Z:\RandA\Work\AndresStrello\ILSAreport_checks\DB\TIMSS_4_2003.sav;NONE
Hungary;10;ASMMAT0;ASBGSEX;BOY;GIRL;426,41939856236;8,16974071241129;424,161915383871;7,22232326351294;-2,25748317848855;8,88738864979839;-,254009728553928;TOTWGT;JRR;HALF;Y;25-FEB-26;22h29m;75;5;Z:\RandA\Work\AndresStrello\ILSAreport_checks\DB\TIMSS_4_2003.sav;NONE
Hungary;10;ASMMAT0;ASBGSEX;BOY;BOY;426,41939856236;8,16974071241129;426,41939856236;8,16974071241129;0;0; ;TOTWGT;JRR;HALF;Y;25-FEB-26;22h29m;75;5;Z:\RandA\Work\AndresStrello\ILSAreport_checks\DB\TIMSS_4_2003.sav;NONE
Hungary;50;ASMMAT0;ASBGSEX;GIRL;GIRL;532,631009182927;6,38818246716073;532,631009182927;6,38818246716073;0;0; ;TOTWGT;JRR;HALF;Y;25-FEB-26;22h29m;75;5;Z:\RandA\Work\AndresStrello\ILSAreport_checks\DB\TIMSS_4_2003.sav;NONE
Hungary;50;ASMMAT0;ASBGSEX;GIRL;BOY;532,631009182927;6,38818246716073;535,629356343467;2,50369562001183;2,99834716053974;5,9448829301284;,504357646026005;TOTWGT;JRR;HALF;Y;25-FEB-26;22h29m;75;5;Z:\RandA\Work\AndresStrello\ILSAreport_checks\DB\TIMSS_4_2003.sav;NONE
Hungary;50;ASMMAT0;ASBGSEX;BOY;GIRL;535,629356343467;2,50369562001183;532,631009182927;6,38818246716073;-2,99834716053974;5,9448829301284;-,504357646026005;TOTWGT;JRR;HALF;Y;25-FEB-26;22h29m;75;5;Z:\RandA\Work\AndresStrello\ILSAreport_checks\DB\TIMSS_4_2003.sav;NONE
Hungary;50;ASMMAT0;ASBGSEX;BOY;BOY;535,629356343467;2,50369562001183;535,629356343467;2,50369562001183;0;0; ;TOTWGT;JRR;HALF;Y;25-FEB-26;22h29m;75;5;Z:\RandA\Work\AndresStrello\ILSAreport_checks\DB\TIMSS_4_2003.sav;NONE
Hungary;90;ASMMAT0;ASBGSEX;GIRL;GIRL;620,459384058557;4,70735202443656;620,459384058557;4,70735202443656;0;0; ;TOTWGT;JRR;HALF;Y;25-FEB-26;22h29m;75;5;Z:\RandA\Work\AndresStrello\ILSAreport_checks\DB\TIMSS_4_2003.sav;NONE
Hungary;90;ASMMAT0;ASBGSEX;GIRL;BOY;620,459384058557;4,70735202443656;627,515467494275;4,52561707745801;7,05608343571755;5,43159560068031;1,29908114566441;TOTWGT;JRR;HALF;Y;25-FEB-26;22h29m;75;5;Z:\RandA\Work\AndresStrello\ILSAreport_checks\DB\TIMSS_4_2003.sav;NONE
Hungary;90;ASMMAT0;ASBGSEX;BOY;GIRL;627,515467494275;4,52561707745801;620,459384058557;4,70735202443656;-7,05608343571755;5,43159560068031;-1,29908114566441;TOTWGT;JRR;HALF;Y;25-FEB-26;22h29m;75;5;Z:\RandA\Work\AndresStrello\ILSAreport_checks\DB\TIMSS_4_2003.sav;NONE
Hungary;90;ASMMAT0;ASBGSEX;BOY;BOY;627,515467494275;4,52561707745801;627,515467494275;4,52561707745801;0;0; ;TOTWGT;JRR;HALF;Y;25-FEB-26;22h29m;75;5;Z:\RandA\Work\AndresStrello\ILSAreport_checks\DB\TIMSS_4_2003.sav;NONE
Iran, Islamic Republic of;10;ASMMAT0;ASBGSEX;GIRL;GIRL;285,639326002031;9,51728761152617;285,639326002031;9,51728761152617;0;0; ;TOTWGT;JRR;HALF;Y;25-FEB-26;22h29m;75;5;Z:\RandA\Work\AndresStrello\ILSAreport_checks\DB\TIMSS_4_2003.sav;NONE
Iran, Islamic Republic of;10;ASMMAT0;ASBGSEX;GIRL;BOY;285,639326002031;9,51728761152617;274,780438926763;9,07380357790395;-10,8588870752684;12,7436133358236;-,852104249329585;TOTWGT;JRR;HALF;Y;25-FEB-26;22h29m;75;5;Z:\RandA\Work\AndresStrello\ILSAreport_checks\DB\TIMSS_4_2003.sav;NONE
Iran, Islamic Republic of;10;ASMMAT0;ASBGSEX;BOY;GIRL;274,780438926763;9,07380357790395;285,639326002031;9,51728761152617;10,8588870752684;12,7436133358236;,852104249329585;TOTWGT;JRR;HALF;Y;25-FEB-26;22h29m;75;5;Z:\RandA\Work\AndresStrello\ILSAreport_checks\DB\TIMSS_4_2003.sav;NONE
Iran, Islamic Republic of;10;ASMMAT0;ASBGSEX;BOY;BOY;274,780438926763;9,07380357790395;274,780438926763;9,07380357790395;0;0; ;TOTWGT;JRR;HALF;Y;25-FEB-26;22h29m;75;5;Z:\RandA\Work\AndresStrello\ILSAreport_checks\DB\TIMSS_4_2003.sav;NONE
Iran, Islamic Republic of;50;ASMMAT0;ASBGSEX;GIRL;GIRL;395,510647809163;6,76294633953906;395,510647809163;6,76294633953906;0;0; ;TOTWGT;JRR;HALF;Y;25-FEB-26;22h29m;75;5;Z:\RandA\Work\AndresStrello\ILSAreport_checks\DB\TIMSS_4_2003.sav;NONE
Iran, Islamic Republic of;50;ASMMAT0;ASBGSEX;GIRL;BOY;395,510647809163;6,76294633953906;386,920258446662;7,19035655501634;-8,59038936250091;9,93092094491946;-,865014373807462;TOTWGT;JRR;HALF;Y;25-FEB-26;22h29m;75;5;Z:\RandA\Work\AndresStrello\ILSAreport_checks\DB\TIMSS_4_2003.sav;NONE
Iran, Islamic Republic of;50;ASMMAT0;ASBGSEX;BOY;GIRL;386,920258446662;7,19035655501634;395,510647809163;6,76294633953906;8,59038936250091;9,93092094491946;,865014373807462;TOTWGT;JRR;HALF;Y;25-FEB-26;22h29m;75;5;Z:\RandA\Work\AndresStrello\ILSAreport_checks\DB\TIMSS_4_2003.sav;NONE
Iran, Islamic Republic of;50;ASMMAT0;ASBGSEX;BOY;BOY;386,920258446662;7,19035655501634;386,920258446662;7,19035655501634;0;0; ;TOTWGT;JRR;HALF;Y;25-FEB-26;22h29m;75;5;Z:\RandA\Work\AndresStrello\ILSAreport_checks\DB\TIMSS_4_2003.sav;NONE
Iran, Islamic Republic of;90;ASMMAT0;ASBGSEX;GIRL;GIRL;501,514246799991;7,99861927011333;501,514246799991;7,99861927011333;0;0; ;TOTWGT;JRR;HALF;Y;25-FEB-26;22h29m;75;5;Z:\RandA\Work\AndresStrello\ILSAreport_checks\DB\TIMSS_4_2003.sav;NONE
Iran, Islamic Republic of;90;ASMMAT0;ASBGSEX;GIRL;BOY;501,514246799991;7,99861927011333;499,954647198099;4,55882753214992;-1,5595996018926;9,61124160355169;-,162268275652989;TOTWGT;JRR;HALF;Y;25-FEB-26;22h29m;75;5;Z:\RandA\Work\AndresStrello\ILSAreport_checks\DB\TIMSS_4_2003.sav;NONE
Iran, Islamic Republic of;90;ASMMAT0;ASBGSEX;BOY;GIRL;499,954647198099;4,55882753214992;501,514246799991;7,99861927011333;1,5595996018926;9,61124160355169;,162268275652989;TOTWGT;JRR;HALF;Y;25-FEB-26;22h29m;75;5;Z:\RandA\Work\AndresStrello\ILSAreport_checks\DB\TIMSS_4_2003.sav;NONE
Iran, Islamic Republic of;90;ASMMAT0;ASBGSEX;BOY;BOY;499,954647198099;4,55882753214992;499,954647198099;4,55882753214992;0;0; ;TOTWGT;JRR;HALF;Y;25-FEB-26;22h29m;75;5;Z:\RandA\Work\AndresStrello\ILSAreport_checks\DB\TIMSS_4_2003.sav;NONE
Italy;10;ASMMAT0;ASBGSEX;GIRL;GIRL;394,657532306204;5,58162395818032;394,657532306204;5,58162395818032;0;0; ;TOTWGT;JRR;HALF;Y;25-FEB-26;22h29m;75;5;Z:\RandA\Work\AndresStrello\ILSAreport_checks\DB\TIMSS_4_2003.sav;NONE
Italy;10;ASMMAT0;ASBGSEX;GIRL;BOY;394,657532306204;5,58162395818032;393,114771600066;5,16633356943049;-1,54276070613834;5,60818763186941;-,275090779304771;TOTWGT;JRR;HALF;Y;25-FEB-26;22h29m;75;5;Z:\RandA\Work\AndresStrello\ILSAreport_checks\DB\TIMSS_4_2003.sav;NONE
Italy;10;ASMMAT0;ASBGSEX;BOY;GIRL;393,114771600066;5,16633356943049;394,657532306204;5,58162395818032;1,54276070613834;5,60818763186941;,275090779304771;TOTWGT;JRR;HALF;Y;25-FEB-26;22h29m;75;5;Z:\RandA\Work\AndresStrello\ILSAreport_checks\DB\TIMSS_4_2003.sav;NONE
Italy;10;ASMMAT0;ASBGSEX;BOY;BOY;393,114771600066;5,16633356943049;393,114771600066;5,16633356943049;0;0; ;TOTWGT;JRR;HALF;Y;25-FEB-26;22h29m;75;5;Z:\RandA\Work\AndresStrello\ILSAreport_checks\DB\TIMSS_4_2003.sav;NONE
Italy;50;ASMMAT0;ASBGSEX;GIRL;GIRL;499,342976676196;4,96808832875711;499,342976676196;4,96808832875711;0;0; ;TOTWGT;JRR;HALF;Y;25-FEB-26;22h29m;75;5;Z:\RandA\Work\AndresStrello\ILSAreport_checks\DB\TIMSS_4_2003.sav;NONE
Italy;50;ASMMAT0;ASBGSEX;GIRL;BOY;499,342976676196;4,96808832875711;513,140612315638;3,4306744016025;13,7976356394418;4,28780909952907;3,21787545088171;TOTWGT;JRR;HALF;Y;25-FEB-26;22h29m;75;5;Z:\RandA\Work\AndresStrello\ILSAreport_checks\DB\TIMSS_4_2003.sav;NONE
Italy;50;ASMMAT0;ASBGSEX;BOY;GIRL;513,140612315638;3,4306744016025;499,342976676196;4,96808832875711;-13,7976356394418;4,28780909952907;-3,21787545088171;TOTWGT;JRR;HALF;Y;25-FEB-26;22h29m;75;5;Z:\RandA\Work\AndresStrello\ILSAreport_checks\DB\TIMSS_4_2003.sav;NONE
Italy;50;ASMMAT0;ASBGSEX;BOY;BOY;513,140612315638;3,4306744016025;513,140612315638;3,4306744016025;0;0; ;TOTWGT;JRR;HALF;Y;25-FEB-26;22h29m;75;5;Z:\RandA\Work\AndresStrello\ILSAreport_checks\DB\TIMSS_4_2003.sav;NONE
Italy;90;ASMMAT0;ASBGSEX;GIRL;GIRL;597,817984395805;8,17383435776382;597,817984395805;8,17383435776382;0;0; ;TOTWGT;JRR;HALF;Y;25-FEB-26;22h29m;75;5;Z:\RandA\Work\AndresStrello\ILSAreport_checks\DB\TIMSS_4_2003.sav;NONE
Italy;90;ASMMAT0;ASBGSEX;GIRL;BOY;597,817984395805;8,17383435776382;608,590028091418;6,01500256949342;10,7720436956128;7,01779637805866;1,53496099278285;TOTWGT;JRR;HALF;Y;25-FEB-26;22h29m;75;5;Z:\RandA\Work\AndresStrello\ILSAreport_checks\DB\TIMSS_4_2003.sav;NONE
Italy;90;ASMMAT0;ASBGSEX;BOY;GIRL;608,590028091418;6,01500256949342;597,817984395805;8,17383435776382;-10,7720436956128;7,01779637805866;-1,53496099278285;TOTWGT;JRR;HALF;Y;25-FEB-26;22h29m;75;5;Z:\RandA\Work\AndresStrello\ILSAreport_checks\DB\TIMSS_4_2003.sav;NONE
Italy;90;ASMMAT0;ASBGSEX;BOY;BOY;608,590028091418;6,01500256949342;608,590028091418;6,01500256949342;0;0; ;TOTWGT;JRR;HALF;Y;25-FEB-26;22h29m;75;5;Z:\RandA\Work\AndresStrello\ILSAreport_checks\DB\TIMSS_4_2003.sav;NONE
Japan;10;ASMMAT0;ASBGSEX;GIRL;GIRL;473,734500722133;3,86232821544182;473,734500722133;3,86232821544182;0;0; ;TOTWGT;JRR;HALF;Y;25-FEB-26;22h29m;75;5;Z:\RandA\Work\AndresStrello\ILSAreport_checks\DB\TIMSS_4_2003.sav;NONE
Japan;10;ASMMAT0;ASBGSEX;GIRL;BOY;473,734500722133;3,86232821544182;466,65280427714;3,00526337732299;-7,08169644499267;4,27863128749273;-1,65513127193125;TOTWGT;JRR;HALF;Y;25-FEB-26;22h29m;75;5;Z:\RandA\Work\AndresStrello\ILSAreport_checks\DB\TIMSS_4_2003.sav;NONE
Japan;10;ASMMAT0;ASBGSEX;BOY;GIRL;466,65280427714;3,00526337732299;473,734500722133;3,86232821544182;7,08169644499267;4,27863128749273;1,65513127193125;TOTWGT;JRR;HALF;Y;25-FEB-26;22h29m;75;5;Z:\RandA\Work\AndresStrello\ILSAreport_checks\DB\TIMSS_4_2003.sav;NONE
Japan;10;ASMMAT0;ASBGSEX;BOY;BOY;466,65280427714;3,00526337732299;466,65280427714;3,00526337732299;0;0; ;TOTWGT;JRR;HALF;Y;25-FEB-26;22h29m;75;5;Z:\RandA\Work\AndresStrello\ILSAreport_checks\DB\TIMSS_4_2003.sav;NONE
Japan;50;ASMMAT0;ASBGSEX;GIRL;GIRL;564,354911230055;1,37415750104433;564,354911230055;1,37415750104433;0;0; ;TOTWGT;JRR;HALF;Y;25-FEB-26;22h29m;75;5;Z:\RandA\Work\AndresStrello\ILSAreport_checks\DB\TIMSS_4_2003.sav;NONE
Japan;50;ASMMAT0;ASBGSEX;GIRL;BOY;564,354911230055;1,37415750104433;571,023378901876;2,64082010279434;6,66846767182076;2,59341623355674;2,57130636630407;TOTWGT;JRR;HALF;Y;25-FEB-26;22h29m;75;5;Z:\RandA\Work\AndresStrello\ILSAreport_checks\DB\TIMSS_4_2003.sav;NONE
Japan;50;ASMMAT0;ASBGSEX;BOY;GIRL;571,023378901876;2,64082010279434;564,354911230055;1,37415750104433;-6,66846767182076;2,59341623355674;-2,57130636630407;TOTWGT;JRR;HALF;Y;25-FEB-26;22h29m;75;5;Z:\RandA\Work\AndresStrello\ILSAreport_checks\DB\TIMSS_4_2003.sav;NONE
Japan;50;ASMMAT0;ASBGSEX;BOY;BOY;571,023378901876;2,64082010279434;571,023378901876;2,64082010279434;0;0; ;TOTWGT;JRR;HALF;Y;25-FEB-26;22h29m;75;5;Z:\RandA\Work\AndresStrello\ILSAreport_checks\DB\TIMSS_4_2003.sav;NONE
Japan;90;ASMMAT0;ASBGSEX;GIRL;GIRL;649,606066340907;3,30551959266514;649,606066340907;3,30551959266514;0;0; ;TOTWGT;JRR;HALF;Y;25-FEB-26;22h29m;75;5;Z:\RandA\Work\AndresStrello\ILSAreport_checks\DB\TIMSS_4_2003.sav;NONE
Japan;90;ASMMAT0;ASBGSEX;GIRL;BOY;649,606066340907;3,30551959266514;661,16839122543;5,40448289467935;11,5623248845223;6,01165269583245;1,92331883918341;TOTWGT;JRR;HALF;Y;25-FEB-26;22h29m;75;5;Z:\RandA\Work\AndresStrello\ILSAreport_checks\DB\TIMSS_4_2003.sav;NONE
Japan;90;ASMMAT0;ASBGSEX;BOY;GIRL;661,16839122543;5,40448289467935;649,606066340907;3,30551959266514;-11,5623248845223;6,01165269583245;-1,92331883918341;TOTWGT;JRR;HALF;Y;25-FEB-26;22h29m;75;5;Z:\RandA\Work\AndresStrello\ILSAreport_checks\DB\TIMSS_4_2003.sav;NONE
Japan;90;ASMMAT0;ASBGSEX;BOY;BOY;661,16839122543;5,40448289467935;661,16839122543;5,40448289467935;0;0; ;TOTWGT;JRR;HALF;Y;25-FEB-26;22h29m;75;5;Z:\RandA\Work\AndresStrello\ILSAreport_checks\DB\TIMSS_4_2003.sav;NONE
Latvia;10;ASMMAT0;ASBGSEX;GIRL;GIRL;444,64145068999;8,27949862644168;444,64145068999;8,27949862644168;0;0; ;TOTWGT;JRR;HALF;Y;25-FEB-26;22h29m;75;5;Z:\RandA\Work\AndresStrello\ILSAreport_checks\DB\TIMSS_4_2003.sav;NONE
Latvia;10;ASMMAT0;ASBGSEX;GIRL;BOY;444,64145068999;8,27949862644168;433,166130004676;8,15445977539756;-11,475320685314;9,92488334733138;-1,15621718500092;TOTWGT;JRR;HALF;Y;25-FEB-26;22h29m;75;5;Z:\RandA\Work\AndresStrello\ILSAreport_checks\DB\TIMSS_4_2003.sav;NONE
Latvia;10;ASMMAT0;ASBGSEX;BOY;GIRL;433,166130004676;8,15445977539756;444,64145068999;8,27949862644168;11,475320685314;9,92488334733138;1,15621718500092;TOTWGT;JRR;HALF;Y;25-FEB-26;22h29m;75;5;Z:\RandA\Work\AndresStrello\ILSAreport_checks\DB\TIMSS_4_2003.sav;NONE
Latvia;10;ASMMAT0;ASBGSEX;BOY;BOY;433,166130004676;8,15445977539756;433,166130004676;8,15445977539756;0;0; ;TOTWGT;JRR;HALF;Y;25-FEB-26;22h29m;75;5;Z:\RandA\Work\AndresStrello\ILSAreport_checks\DB\TIMSS_4_2003.sav;NONE
Latvia;50;ASMMAT0;ASBGSEX;GIRL;GIRL;539,112302038363;2,57838044316207;539,112302038363;2,57838044316207;0;0; ;TOTWGT;JRR;HALF;Y;25-FEB-26;22h29m;75;5;Z:\RandA\Work\AndresStrello\ILSAreport_checks\DB\TIMSS_4_2003.sav;NONE
Latvia;50;ASMMAT0;ASBGSEX;GIRL;BOY;539,112302038363;2,57838044316207;541,476228114;3,86925551722903;2,36392607563737;3,0014020538053;,78760726928946;TOTWGT;JRR;HALF;Y;25-FEB-26;22h29m;75;5;Z:\RandA\Work\AndresStrello\ILSAreport_checks\DB\TIMSS_4_2003.sav;NONE
Latvia;50;ASMMAT0;ASBGSEX;BOY;GIRL;541,476228114;3,86925551722903;539,112302038363;2,57838044316207;-2,36392607563737;3,0014020538053;-,78760726928946;TOTWGT;JRR;HALF;Y;25-FEB-26;22h29m;75;5;Z:\RandA\Work\AndresStrello\ILSAreport_checks\DB\TIMSS_4_2003.sav;NONE
Latvia;50;ASMMAT0;ASBGSEX;BOY;BOY;541,476228114;3,86925551722903;541,476228114;3,86925551722903;0;0; ;TOTWGT;JRR;HALF;Y;25-FEB-26;22h29m;75;5;Z:\RandA\Work\AndresStrello\ILSAreport_checks\DB\TIMSS_4_2003.sav;NONE
Latvia;90;ASMMAT0;ASBGSEX;GIRL;GIRL;623,960541238308;4,4969107154006;623,960541238308;4,4969107154006;0;0; ;TOTWGT;JRR;HALF;Y;25-FEB-26;22h29m;75;5;Z:\RandA\Work\AndresStrello\ILSAreport_checks\DB\TIMSS_4_2003.sav;NONE
Latvia;90;ASMMAT0;ASBGSEX;GIRL;BOY;623,960541238308;4,4969107154006;626,429467352128;4,44153236148914;2,46892611381988;6,13880493706252;,402183509515663;TOTWGT;JRR;HALF;Y;25-FEB-26;22h29m;75;5;Z:\RandA\Work\AndresStrello\ILSAreport_checks\DB\TIMSS_4_2003.sav;NONE
Latvia;90;ASMMAT0;ASBGSEX;BOY;GIRL;626,429467352128;4,44153236148914;623,960541238308;4,4969107154006;-2,46892611381988;6,13880493706252;-,402183509515663;TOTWGT;JRR;HALF;Y;25-FEB-26;22h29m;75;5;Z:\RandA\Work\AndresStrello\ILSAreport_checks\DB\TIMSS_4_2003.sav;NONE
Latvia;90;ASMMAT0;ASBGSEX;BOY;BOY;626,429467352128;4,44153236148914;626,429467352128;4,44153236148914;0;0; ;TOTWGT;JRR;HALF;Y;25-FEB-26;22h29m;75;5;Z:\RandA\Work\AndresStrello\ILSAreport_checks\DB\TIMSS_4_2003.sav;NONE
Lithuania;10;ASMMAT0;ASBGSEX;GIRL;GIRL;437,239109768147;5,13938622942743;437,239109768147;5,13938622942743;0;0; ;TOTWGT;JRR;HALF;Y;25-FEB-26;22h29m;75;5;Z:\RandA\Work\AndresStrello\ILSAreport_checks\DB\TIMSS_4_2003.sav;NONE
Lithuania;10;ASMMAT0;ASBGSEX;GIRL;BOY;437,239109768147;5,13938622942743;430,453107256665;4,96970224105388;-6,78600251148149;7,19006059912707;-,943803243091632;TOTWGT;JRR;HALF;Y;25-FEB-26;22h29m;75;5;Z:\RandA\Work\AndresStrello\ILSAreport_checks\DB\TIMSS_4_2003.sav;NONE
Lithuania;10;ASMMAT0;ASBGSEX;BOY;GIRL;430,453107256665;4,96970224105388;437,239109768147;5,13938622942743;6,78600251148149;7,19006059912707;,943803243091632;TOTWGT;JRR;HALF;Y;25-FEB-26;22h29m;75;5;Z:\RandA\Work\AndresStrello\ILSAreport_checks\DB\TIMSS_4_2003.sav;NONE
Lithuania;10;ASMMAT0;ASBGSEX;BOY;BOY;430,453107256665;4,96970224105388;430,453107256665;4,96970224105388;0;0; ;TOTWGT;JRR;HALF;Y;25-FEB-26;22h29m;75;5;Z:\RandA\Work\AndresStrello\ILSAreport_checks\DB\TIMSS_4_2003.sav;NONE
Lithuania;50;ASMMAT0;ASBGSEX;GIRL;GIRL;539,802359177329;6,82030576573221;539,802359177329;6,82030576573221;0;0; ;TOTWGT;JRR;HALF;Y;25-FEB-26;22h29m;75;5;Z:\RandA\Work\AndresStrello\ILSAreport_checks\DB\TIMSS_4_2003.sav;NONE
Lithuania;50;ASMMAT0;ASBGSEX;GIRL;BOY;539,802359177329;6,82030576573221;542,079951612716;3,92844147453187;2,27759243538733;5,41297090202474;,420765689786987;TOTWGT;JRR;HALF;Y;25-FEB-26;22h29m;75;5;Z:\RandA\Work\AndresStrello\ILSAreport_checks\DB\TIMSS_4_2003.sav;NONE
Lithuania;50;ASMMAT0;ASBGSEX;BOY;GIRL;542,079951612716;3,92844147453187;539,802359177329;6,82030576573221;-2,27759243538733;5,41297090202474;-,420765689786987;TOTWGT;JRR;HALF;Y;25-FEB-26;22h29m;75;5;Z:\RandA\Work\AndresStrello\ILSAreport_checks\DB\TIMSS_4_2003.sav;NONE
Lithuania;50;ASMMAT0;ASBGSEX;BOY;BOY;542,079951612716;3,92844147453187;542,079951612716;3,92844147453187;0;0; ;TOTWGT;JRR;HALF;Y;25-FEB-26;22h29m;75;5;Z:\RandA\Work\AndresStrello\ILSAreport_checks\DB\TIMSS_4_2003.sav;NONE
Lithuania;90;ASMMAT0;ASBGSEX;GIRL;GIRL;624,495947990583;4,05099094937312;624,495947990583;4,05099094937312;0;0; ;TOTWGT;JRR;HALF;Y;25-FEB-26;22h29m;75;5;Z:\RandA\Work\AndresStrello\ILSAreport_checks\DB\TIMSS_4_2003.sav;NONE
Lithuania;90;ASMMAT0;ASBGSEX;GIRL;BOY;624,495947990583;4,05099094937312;629,178522982115;4,9150353830757;4,68257499153158;4,43423320711484;1,0560055758949;TOTWGT;JRR;HALF;Y;25-FEB-26;22h29m;75;5;Z:\RandA\Work\AndresStrello\ILSAreport_checks\DB\TIMSS_4_2003.sav;NONE
Lithuania;90;ASMMAT0;ASBGSEX;BOY;GIRL;629,178522982115;4,9150353830757;624,495947990583;4,05099094937312;-4,68257499153158;4,43423320711484;-1,0560055758949;TOTWGT;JRR;HALF;Y;25-FEB-26;22h29m;75;5;Z:\RandA\Work\AndresStrello\ILSAreport_checks\DB\TIMSS_4_2003.sav;NONE
Lithuania;90;ASMMAT0;ASBGSEX;BOY;BOY;629,178522982115;4,9150353830757;629,178522982115;4,9150353830757;0;0; ;TOTWGT;JRR;HALF;Y;25-FEB-26;22h29m;75;5;Z:\RandA\Work\AndresStrello\ILSAreport_checks\DB\TIMSS_4_2003.sav;NONE
Moldova;10;ASMMAT0;ASBGSEX;GIRL;GIRL;392,930588170315;8,51976381135258;392,930588170315;8,51976381135258;0;0; ;TOTWGT;JRR;HALF;Y;25-FEB-26;22h29m;75;5;Z:\RandA\Work\AndresStrello\ILSAreport_checks\DB\TIMSS_4_2003.sav;NONE
Moldova;10;ASMMAT0;ASBGSEX;GIRL;BOY;392,930588170315;8,51976381135258;381,812170242401;10,2973402800163;-11,118417927914;10,1353744626927;-1,09699133158225;TOTWGT;JRR;HALF;Y;25-FEB-26;22h29m;75;5;Z:\RandA\Work\AndresStrello\ILSAreport_checks\DB\TIMSS_4_2003.sav;NONE
Moldova;10;ASMMAT0;ASBGSEX;BOY;GIRL;381,812170242401;10,2973402800163;392,930588170315;8,51976381135258;11,118417927914;10,1353744626927;1,09699133158225;TOTWGT;JRR;HALF;Y;25-FEB-26;22h29m;75;5;Z:\RandA\Work\AndresStrello\ILSAreport_checks\DB\TIMSS_4_2003.sav;NONE
Moldova;10;ASMMAT0;ASBGSEX;BOY;BOY;381,812170242401;10,2973402800163;381,812170242401;10,2973402800163;0;0; ;TOTWGT;JRR;HALF;Y;25-FEB-26;22h29m;75;5;Z:\RandA\Work\AndresStrello\ILSAreport_checks\DB\TIMSS_4_2003.sav;NONE
Moldova;50;ASMMAT0;ASBGSEX;GIRL;GIRL;516,324005800871;7,81731225561229;516,324005800871;7,81731225561229;0;0; ;TOTWGT;JRR;HALF;Y;25-FEB-26;22h29m;75;5;Z:\RandA\Work\AndresStrello\ILSAreport_checks\DB\TIMSS_4_2003.sav;NONE
Moldova;50;ASMMAT0;ASBGSEX;GIRL;BOY;516,324005800871;7,81731225561229;505,647785349003;4,19016808609872;-10,6762204518682;6,08038995781574;-1,75584469514902;TOTWGT;JRR;HALF;Y;25-FEB-26;22h29m;75;5;Z:\RandA\Work\AndresStrello\ILSAreport_checks\DB\TIMSS_4_2003.sav;NONE
Moldova;50;ASMMAT0;ASBGSEX;BOY;GIRL;505,647785349003;4,19016808609872;516,324005800871;7,81731225561229;10,6762204518682;6,08038995781574;1,75584469514902;TOTWGT;JRR;HALF;Y;25-FEB-26;22h29m;75;5;Z:\RandA\Work\AndresStrello\ILSAreport_checks\DB\TIMSS_4_2003.sav;NONE
Moldova;50;ASMMAT0;ASBGSEX;BOY;BOY;505,647785349003;4,19016808609872;505,647785349003;4,19016808609872;0;0; ;TOTWGT;JRR;HALF;Y;25-FEB-26;22h29m;75;5;Z:\RandA\Work\AndresStrello\ILSAreport_checks\DB\TIMSS_4_2003.sav;NONE
Moldova;90;ASMMAT0;ASBGSEX;GIRL;GIRL;612,773246847521;8,02343333359211;612,773246847521;8,02343333359211;0;0; ;TOTWGT;JRR;HALF;Y;25-FEB-26;22h29m;75;5;Z:\RandA\Work\AndresStrello\ILSAreport_checks\DB\TIMSS_4_2003.sav;NONE
Moldova;90;ASMMAT0;ASBGSEX;GIRL;BOY;612,773246847521;8,02343333359211;603,743870285015;6,6070723910051;-9,02937656250633;7,35686284547391;-1,22734061408544;TOTWGT;JRR;HALF;Y;25-FEB-26;22h29m;75;5;Z:\RandA\Work\AndresStrello\ILSAreport_checks\DB\TIMSS_4_2003.sav;NONE
Moldova;90;ASMMAT0;ASBGSEX;BOY;GIRL;603,743870285015;6,6070723910051;612,773246847521;8,02343333359211;9,02937656250633;7,35686284547391;1,22734061408544;TOTWGT;JRR;HALF;Y;25-FEB-26;22h29m;75;5;Z:\RandA\Work\AndresStrello\ILSAreport_checks\DB\TIMSS_4_2003.sav;NONE
Moldova;90;ASMMAT0;ASBGSEX;BOY;BOY;603,743870285015;6,6070723910051;603,743870285015;6,6070723910051;0;0; ;TOTWGT;JRR;HALF;Y;25-FEB-26;22h29m;75;5;Z:\RandA\Work\AndresStrello\ILSAreport_checks\DB\TIMSS_4_2003.sav;NONE
Morocco;10;ASMMAT0;ASBGSEX;GIRL;GIRL;224,496090029409;6,60993403600606;224,496090029409;6,60993403600606;0;0; ;TOTWGT;JRR;HALF;Y;25-FEB-26;22h29m;75;5;Z:\RandA\Work\AndresStrello\ILSAreport_checks\DB\TIMSS_4_2003.sav;NONE
Morocco;10;ASMMAT0;ASBGSEX;GIRL;BOY;224,496090029409;6,60993403600606;234,708250798641;10,5491290273608;10,2121607692316;9,4609495554345;1,07940124925047;TOTWGT;JRR;HALF;Y;25-FEB-26;22h29m;75;5;Z:\RandA\Work\AndresStrello\ILSAreport_checks\DB\TIMSS_4_2003.sav;NONE
Morocco;10;ASMMAT0;ASBGSEX;BOY;GIRL;234,708250798641;10,5491290273608;224,496090029409;6,60993403600606;-10,2121607692316;9,4609495554345;-1,07940124925047;TOTWGT;JRR;HALF;Y;25-FEB-26;22h29m;75;5;Z:\RandA\Work\AndresStrello\ILSAreport_checks\DB\TIMSS_4_2003.sav;NONE
Morocco;10;ASMMAT0;ASBGSEX;BOY;BOY;234,708250798641;10,5491290273608;234,708250798641;10,5491290273608;0;0; ;TOTWGT;JRR;HALF;Y;25-FEB-26;22h29m;75;5;Z:\RandA\Work\AndresStrello\ILSAreport_checks\DB\TIMSS_4_2003.sav;NONE
Morocco;50;ASMMAT0;ASBGSEX;GIRL;GIRL;344,539850175539;8,34676589082082;344,539850175539;8,34676589082082;0;0; ;TOTWGT;JRR;HALF;Y;25-FEB-26;22h29m;75;5;Z:\RandA\Work\AndresStrello\ILSAreport_checks\DB\TIMSS_4_2003.sav;NONE
Morocco;50;ASMMAT0;ASBGSEX;GIRL;BOY;344,539850175539;8,34676589082082;348,896889518302;5,54410436081298;4,35703934276353;6,46461117660466;,673983202351225;TOTWGT;JRR;HALF;Y;25-FEB-26;22h29m;75;5;Z:\RandA\Work\AndresStrello\ILSAreport_checks\DB\TIMSS_4_2003.sav;NONE
Morocco;50;ASMMAT0;ASBGSEX;BOY;GIRL;348,896889518302;5,54410436081298;344,539850175539;8,34676589082082;-4,35703934276353;6,46461117660466;-,673983202351225;TOTWGT;JRR;HALF;Y;25-FEB-26;22h29m;75;5;Z:\RandA\Work\AndresStrello\ILSAreport_checks\DB\TIMSS_4_2003.sav;NONE
Morocco;50;ASMMAT0;ASBGSEX;BOY;BOY;348,896889518302;5,54410436081298;348,896889518302;5,54410436081298;0;0; ;TOTWGT;JRR;HALF;Y;25-FEB-26;22h29m;75;5;Z:\RandA\Work\AndresStrello\ILSAreport_checks\DB\TIMSS_4_2003.sav;NONE
Morocco;90;ASMMAT0;ASBGSEX;GIRL;GIRL;461,173958812382;6,67394182208267;461,173958812382;6,67394182208267;0;0; ;TOTWGT;JRR;HALF;Y;25-FEB-26;22h29m;75;5;Z:\RandA\Work\AndresStrello\ILSAreport_checks\DB\TIMSS_4_2003.sav;NONE
Morocco;90;ASMMAT0;ASBGSEX;GIRL;BOY;461,173958812382;6,67394182208267;469,281159847108;10,8353995374114;8,10720103472628;10,9161680201086;,742678293316121;TOTWGT;JRR;HALF;Y;25-FEB-26;22h29m;75;5;Z:\RandA\Work\AndresStrello\ILSAreport_checks\DB\TIMSS_4_2003.sav;NONE
Morocco;90;ASMMAT0;ASBGSEX;BOY;GIRL;469,281159847108;10,8353995374114;461,173958812382;6,67394182208267;-8,10720103472628;10,9161680201086;-,742678293316121;TOTWGT;JRR;HALF;Y;25-FEB-26;22h29m;75;5;Z:\RandA\Work\AndresStrello\ILSAreport_checks\DB\TIMSS_4_2003.sav;NONE
Morocco;90;ASMMAT0;ASBGSEX;BOY;BOY;469,281159847108;10,8353995374114;469,281159847108;10,8353995374114;0;0; ;TOTWGT;JRR;HALF;Y;25-FEB-26;22h29m;75;5;Z:\RandA\Work\AndresStrello\ILSAreport_checks\DB\TIMSS_4_2003.sav;NONE
Netherlands;10;ASMMAT0;ASBGSEX;GIRL;GIRL;467,196134033185;7,02606647319368;467,196134033185;7,02606647319368;0;0; ;TOTWGT;JRR;HALF;Y;25-FEB-26;22h29m;75;5;Z:\RandA\Work\AndresStrello\ILSAreport_checks\DB\TIMSS_4_2003.sav;NONE
Netherlands;10;ASMMAT0;ASBGSEX;GIRL;BOY;467,196134033185;7,02606647319368;474,520087809015;5,17099126071644;7,32395377583049;7,84646489775884;,93340808520311;TOTWGT;JRR;HALF;Y;25-FEB-26;22h29m;75;5;Z:\RandA\Work\AndresStrello\ILSAreport_checks\DB\TIMSS_4_2003.sav;NONE
Netherlands;10;ASMMAT0;ASBGSEX;BOY;GIRL;474,520087809015;5,17099126071644;467,196134033185;7,02606647319368;-7,32395377583049;7,84646489775884;-,93340808520311;TOTWGT;JRR;HALF;Y;25-FEB-26;22h29m;75;5;Z:\RandA\Work\AndresStrello\ILSAreport_checks\DB\TIMSS_4_2003.sav;NONE
Netherlands;10;ASMMAT0;ASBGSEX;BOY;BOY;474,520087809015;5,17099126071644;474,520087809015;5,17099126071644;0;0; ;TOTWGT;JRR;HALF;Y;25-FEB-26;22h29m;75;5;Z:\RandA\Work\AndresStrello\ILSAreport_checks\DB\TIMSS_4_2003.sav;NONE
Netherlands;50;ASMMAT0;ASBGSEX;GIRL;GIRL;539,656267465816;3,73507392800008;539,656267465816;3,73507392800008;0;0; ;TOTWGT;JRR;HALF;Y;25-FEB-26;22h29m;75;5;Z:\RandA\Work\AndresStrello\ILSAreport_checks\DB\TIMSS_4_2003.sav;NONE
Netherlands;50;ASMMAT0;ASBGSEX;GIRL;BOY;539,656267465816;3,73507392800008;544,624382471427;4,1533571452197;4,96811500561118;4,64956971313911;1,06851070359735;TOTWGT;JRR;HALF;Y;25-FEB-26;22h29m;75;5;Z:\RandA\Work\AndresStrello\ILSAreport_checks\DB\TIMSS_4_2003.sav;NONE
Netherlands;50;ASMMAT0;ASBGSEX;BOY;GIRL;544,624382471427;4,1533571452197;539,656267465816;3,73507392800008;-4,96811500561118;4,64956971313911;-1,06851070359735;TOTWGT;JRR;HALF;Y;25-FEB-26;22h29m;75;5;Z:\RandA\Work\AndresStrello\ILSAreport_checks\DB\TIMSS_4_2003.sav;NONE
Netherlands;50;ASMMAT0;ASBGSEX;BOY;BOY;544,624382471427;4,1533571452197;544,624382471427;4,1533571452197;0;0; ;TOTWGT;JRR;HALF;Y;25-FEB-26;22h29m;75;5;Z:\RandA\Work\AndresStrello\ILSAreport_checks\DB\TIMSS_4_2003.sav;NONE
Netherlands;90;ASMMAT0;ASBGSEX;GIRL;GIRL;606,784152193282;4,3220946970674;606,784152193282;4,3220946970674;0;0; ;TOTWGT;JRR;HALF;Y;25-FEB-26;22h29m;75;5;Z:\RandA\Work\AndresStrello\ILSAreport_checks\DB\TIMSS_4_2003.sav;NONE
Netherlands;90;ASMMAT0;ASBGSEX;GIRL;BOY;606,784152193282;4,3220946970674;612,619180258854;2,10805957013238;5,83502806557162;4,66886331516841;1,2497748748854;TOTWGT;JRR;HALF;Y;25-FEB-26;22h29m;75;5;Z:\RandA\Work\AndresStrello\ILSAreport_checks\DB\TIMSS_4_2003.sav;NONE
Netherlands;90;ASMMAT0;ASBGSEX;BOY;GIRL;612,619180258854;2,10805957013238;606,784152193282;4,3220946970674;-5,83502806557162;4,66886331516841;-1,2497748748854;TOTWGT;JRR;HALF;Y;25-FEB-26;22h29m;75;5;Z:\RandA\Work\AndresStrello\ILSAreport_checks\DB\TIMSS_4_2003.sav;NONE
Netherlands;90;ASMMAT0;ASBGSEX;BOY;BOY;612,619180258854;2,10805957013238;612,619180258854;2,10805957013238;0;0; ;TOTWGT;JRR;HALF;Y;25-FEB-26;22h29m;75;5;Z:\RandA\Work\AndresStrello\ILSAreport_checks\DB\TIMSS_4_2003.sav;NONE
New Zealand;10;ASMMAT0;ASBGSEX;GIRL;GIRL;382,275534001954;4,91558042710492;382,275534001954;4,91558042710492;0;0; ;TOTWGT;JRR;HALF;Y;25-FEB-26;22h29m;75;5;Z:\RandA\Work\AndresStrello\ILSAreport_checks\DB\TIMSS_4_2003.sav;NONE
New Zealand;10;ASMMAT0;ASBGSEX;GIRL;BOY;382,275534001954;4,91558042710492;377,520107833444;6,35100654164605;-4,75542616851034;6,79118979276022;-,700234614791635;TOTWGT;JRR;HALF;Y;25-FEB-26;22h29m;75;5;Z:\RandA\Work\AndresStrello\ILSAreport_checks\DB\TIMSS_4_2003.sav;NONE
New Zealand;10;ASMMAT0;ASBGSEX;BOY;GIRL;377,520107833444;6,35100654164605;382,275534001954;4,91558042710492;4,75542616851034;6,79118979276022;,700234614791635;TOTWGT;JRR;HALF;Y;25-FEB-26;22h29m;75;5;Z:\RandA\Work\AndresStrello\ILSAreport_checks\DB\TIMSS_4_2003.sav;NONE
New Zealand;10;ASMMAT0;ASBGSEX;BOY;BOY;377,520107833444;6,35100654164605;377,520107833444;6,35100654164605;0;0; ;TOTWGT;JRR;HALF;Y;25-FEB-26;22h29m;75;5;Z:\RandA\Work\AndresStrello\ILSAreport_checks\DB\TIMSS_4_2003.sav;NONE
New Zealand;50;ASMMAT0;ASBGSEX;GIRL;GIRL;499,737648067757;3,4303601270032;499,737648067757;3,4303601270032;0;0; ;TOTWGT;JRR;HALF;Y;25-FEB-26;22h29m;75;5;Z:\RandA\Work\AndresStrello\ILSAreport_checks\DB\TIMSS_4_2003.sav;NONE
New Zealand;50;ASMMAT0;ASBGSEX;GIRL;BOY;499,737648067757;3,4303601270032;500,388578087382;4,63447614783749;,650930019625298;4,97690488076388;,130790126638986;TOTWGT;JRR;HALF;Y;25-FEB-26;22h29m;75;5;Z:\RandA\Work\AndresStrello\ILSAreport_checks\DB\TIMSS_4_2003.sav;NONE
New Zealand;50;ASMMAT0;ASBGSEX;BOY;GIRL;500,388578087382;4,63447614783749;499,737648067757;3,4303601270032;-,650930019625298;4,97690488076388;-,130790126638986;TOTWGT;JRR;HALF;Y;25-FEB-26;22h29m;75;5;Z:\RandA\Work\AndresStrello\ILSAreport_checks\DB\TIMSS_4_2003.sav;NONE
New Zealand;50;ASMMAT0;ASBGSEX;BOY;BOY;500,388578087382;4,63447614783749;500,388578087382;4,63447614783749;0;0; ;TOTWGT;JRR;HALF;Y;25-FEB-26;22h29m;75;5;Z:\RandA\Work\AndresStrello\ILSAreport_checks\DB\TIMSS_4_2003.sav;NONE
New Zealand;90;ASMMAT0;ASBGSEX;GIRL;GIRL;594,845929749271;4,53752310515832;594,845929749271;4,53752310515832;0;0; ;TOTWGT;JRR;HALF;Y;25-FEB-26;22h29m;75;5;Z:\RandA\Work\AndresStrello\ILSAreport_checks\DB\TIMSS_4_2003.sav;NONE
New Zealand;90;ASMMAT0;ASBGSEX;GIRL;BOY;594,845929749271;4,53752310515832;600,203988833356;4,64558517365419;5,35805908408483;6,59499641533465;,812443062383825;TOTWGT;JRR;HALF;Y;25-FEB-26;22h29m;75;5;Z:\RandA\Work\AndresStrello\ILSAreport_checks\DB\TIMSS_4_2003.sav;NONE
New Zealand;90;ASMMAT0;ASBGSEX;BOY;GIRL;600,203988833356;4,64558517365419;594,845929749271;4,53752310515832;-5,35805908408483;6,59499641533465;-,812443062383825;TOTWGT;JRR;HALF;Y;25-FEB-26;22h29m;75;5;Z:\RandA\Work\AndresStrello\ILSAreport_checks\DB\TIMSS_4_2003.sav;NONE
New Zealand;90;ASMMAT0;ASBGSEX;BOY;BOY;600,203988833356;4,64558517365419;600,203988833356;4,64558517365419;0;0; ;TOTWGT;JRR;HALF;Y;25-FEB-26;22h29m;75;5;Z:\RandA\Work\AndresStrello\ILSAreport_checks\DB\TIMSS_4_2003.sav;NONE
Norway;10;ASMMAT0;ASBGSEX;GIRL;GIRL;346,030097615575;4,45614455586166;346,030097615575;4,45614455586166;0;0; ;TOTWGT;JRR;HALF;Y;25-FEB-26;22h29m;75;5;Z:\RandA\Work\AndresStrello\ILSAreport_checks\DB\TIMSS_4_2003.sav;NONE
Norway;10;ASMMAT0;ASBGSEX;GIRL;BOY;346,030097615575;4,45614455586166;344,334121375018;9,3532324163467;-1,69597624055691;8,81815543244338;-,19232777802001;TOTWGT;JRR;HALF;Y;25-FEB-26;22h29m;75;5;Z:\RandA\Work\AndresStrello\ILSAreport_checks\DB\TIMSS_4_2003.sav;NONE
Norway;10;ASMMAT0;ASBGSEX;BOY;GIRL;344,334121375018;9,3532324163467;346,030097615575;4,45614455586166;1,69597624055691;8,81815543244338;,19232777802001;TOTWGT;JRR;HALF;Y;25-FEB-26;22h29m;75;5;Z:\RandA\Work\AndresStrello\ILSAreport_checks\DB\TIMSS_4_2003.sav;NONE
Norway;10;ASMMAT0;ASBGSEX;BOY;BOY;344,334121375018;9,3532324163467;344,334121375018;9,3532324163467;0;0; ;TOTWGT;JRR;HALF;Y;25-FEB-26;22h29m;75;5;Z:\RandA\Work\AndresStrello\ILSAreport_checks\DB\TIMSS_4_2003.sav;NONE
Norway;50;ASMMAT0;ASBGSEX;GIRL;GIRL;454,296327001179;3,17719540239175;454,296327001179;3,17719540239175;0;0; ;TOTWGT;JRR;HALF;Y;25-FEB-26;22h29m;75;5;Z:\RandA\Work\AndresStrello\ILSAreport_checks\DB\TIMSS_4_2003.sav;NONE
Norway;50;ASMMAT0;ASBGSEX;GIRL;BOY;454,296327001179;3,17719540239175;459,685369094453;3,62745048415975;5,38904209327414;4,44595542738273;1,21212238433227;TOTWGT;JRR;HALF;Y;25-FEB-26;22h29m;75;5;Z:\RandA\Work\AndresStrello\ILSAreport_checks\DB\TIMSS_4_2003.sav;NONE
Norway;50;ASMMAT0;ASBGSEX;BOY;GIRL;459,685369094453;3,62745048415975;454,296327001179;3,17719540239175;-5,38904209327414;4,44595542738273;-1,21212238433227;TOTWGT;JRR;HALF;Y;25-FEB-26;22h29m;75;5;Z:\RandA\Work\AndresStrello\ILSAreport_checks\DB\TIMSS_4_2003.sav;NONE
Norway;50;ASMMAT0;ASBGSEX;BOY;BOY;459,685369094453;3,62745048415975;459,685369094453;3,62745048415975;0;0; ;TOTWGT;JRR;HALF;Y;25-FEB-26;22h29m;75;5;Z:\RandA\Work\AndresStrello\ILSAreport_checks\DB\TIMSS_4_2003.sav;NONE
Norway;90;ASMMAT0;ASBGSEX;GIRL;GIRL;547,55587966727;3,95567629466071;547,55587966727;3,95567629466071;0;0; ;TOTWGT;JRR;HALF;Y;25-FEB-26;22h29m;75;5;Z:\RandA\Work\AndresStrello\ILSAreport_checks\DB\TIMSS_4_2003.sav;NONE
Norway;90;ASMMAT0;ASBGSEX;GIRL;BOY;547,55587966727;3,95567629466071;553,622689303126;4,54231584492652;6,0668096358555;5,41400700576546;1,12057661347591;TOTWGT;JRR;HALF;Y;25-FEB-26;22h29m;75;5;Z:\RandA\Work\AndresStrello\ILSAreport_checks\DB\TIMSS_4_2003.sav;NONE
Norway;90;ASMMAT0;ASBGSEX;BOY;GIRL;553,622689303126;4,54231584492652;547,55587966727;3,95567629466071;-6,0668096358555;5,41400700576546;-1,12057661347591;TOTWGT;JRR;HALF;Y;25-FEB-26;22h29m;75;5;Z:\RandA\Work\AndresStrello\ILSAreport_checks\DB\TIMSS_4_2003.sav;NONE
Norway;90;ASMMAT0;ASBGSEX;BOY;BOY;553,622689303126;4,54231584492652;553,622689303126;4,54231584492652;0;0; ;TOTWGT;JRR;HALF;Y;25-FEB-26;22h29m;75;5;Z:\RandA\Work\AndresStrello\ILSAreport_checks\DB\TIMSS_4_2003.sav;NONE
Philippines;10;ASMMAT0;ASBGSEX;GIRL;GIRL;224,362894140682;8,11045523742268;224,362894140682;8,11045523742268;0;0; ;TOTWGT;JRR;HALF;Y;25-FEB-26;22h29m;75;5;Z:\RandA\Work\AndresStrello\ILSAreport_checks\DB\TIMSS_4_2003.sav;NONE
Philippines;10;ASMMAT0;ASBGSEX;GIRL;BOY;224,362894140682;8,11045523742268;216,815289573745;7,41446187953595;-7,5476045669373;7,58366556260131;-,995244912191033;TOTWGT;JRR;HALF;Y;25-FEB-26;22h29m;75;5;Z:\RandA\Work\AndresStrello\ILSAreport_checks\DB\TIMSS_4_2003.sav;NONE
Philippines;10;ASMMAT0;ASBGSEX;BOY;GIRL;216,815289573745;7,41446187953595;224,362894140682;8,11045523742268;7,5476045669373;7,58366556260131;,995244912191033;TOTWGT;JRR;HALF;Y;25-FEB-26;22h29m;75;5;Z:\RandA\Work\AndresStrello\ILSAreport_checks\DB\TIMSS_4_2003.sav;NONE
Philippines;10;ASMMAT0;ASBGSEX;BOY;BOY;216,815289573745;7,41446187953595;216,815289573745;7,41446187953595;0;0; ;TOTWGT;JRR;HALF;Y;25-FEB-26;22h29m;75;5;Z:\RandA\Work\AndresStrello\ILSAreport_checks\DB\TIMSS_4_2003.sav;NONE
Philippines;50;ASMMAT0;ASBGSEX;GIRL;GIRL;359,678327970091;8,23018236610164;359,678327970091;8,23018236610164;0;0; ;TOTWGT;JRR;HALF;Y;25-FEB-26;22h29m;75;5;Z:\RandA\Work\AndresStrello\ILSAreport_checks\DB\TIMSS_4_2003.sav;NONE
Philippines;50;ASMMAT0;ASBGSEX;GIRL;BOY;359,678327970091;8,23018236610164;344,830083998417;6,93373145522714;-14,8482439716736;6,80655948809456;-2,1814609859276;TOTWGT;JRR;HALF;Y;25-FEB-26;22h29m;75;5;Z:\RandA\Work\AndresStrello\ILSAreport_checks\DB\TIMSS_4_2003.sav;NONE
Philippines;50;ASMMAT0;ASBGSEX;BOY;GIRL;344,830083998417;6,93373145522714;359,678327970091;8,23018236610164;14,8482439716736;6,80655948809456;2,1814609859276;TOTWGT;JRR;HALF;Y;25-FEB-26;22h29m;75;5;Z:\RandA\Work\AndresStrello\ILSAreport_checks\DB\TIMSS_4_2003.sav;NONE
Philippines;50;ASMMAT0;ASBGSEX;BOY;BOY;344,830083998417;6,93373145522714;344,830083998417;6,93373145522714;0;0; ;TOTWGT;JRR;HALF;Y;25-FEB-26;22h29m;75;5;Z:\RandA\Work\AndresStrello\ILSAreport_checks\DB\TIMSS_4_2003.sav;NONE
Philippines;90;ASMMAT0;ASBGSEX;GIRL;GIRL;512,000107561617;18,0562329510977;512,000107561617;18,0562329510977;0;0; ;TOTWGT;JRR;HALF;Y;25-FEB-26;22h29m;75;5;Z:\RandA\Work\AndresStrello\ILSAreport_checks\DB\TIMSS_4_2003.sav;NONE
Philippines;90;ASMMAT0;ASBGSEX;GIRL;BOY;512,000107561617;18,0562329510977;501,054165171857;17,0604412926927;-10,9459423897594;6,33753110082185;-1,72716192088428;TOTWGT;JRR;HALF;Y;25-FEB-26;22h29m;75;5;Z:\RandA\Work\AndresStrello\ILSAreport_checks\DB\TIMSS_4_2003.sav;NONE
Philippines;90;ASMMAT0;ASBGSEX;BOY;GIRL;501,054165171857;17,0604412926927;512,000107561617;18,0562329510977;10,9459423897594;6,33753110082185;1,72716192088428;TOTWGT;JRR;HALF;Y;25-FEB-26;22h29m;75;5;Z:\RandA\Work\AndresStrello\ILSAreport_checks\DB\TIMSS_4_2003.sav;NONE
Philippines;90;ASMMAT0;ASBGSEX;BOY;BOY;501,054165171857;17,0604412926927;501,054165171857;17,0604412926927;0;0; ;TOTWGT;JRR;HALF;Y;25-FEB-26;22h29m;75;5;Z:\RandA\Work\AndresStrello\ILSAreport_checks\DB\TIMSS_4_2003.sav;NONE
Russian Federation;10;ASMMAT0;ASBGSEX;GIRL;GIRL;427,619638539632;7,44206154090078;427,619638539632;7,44206154090078;0;0; ;TOTWGT;JRR;HALF;Y;25-FEB-26;22h29m;75;5;Z:\RandA\Work\AndresStrello\ILSAreport_checks\DB\TIMSS_4_2003.sav;NONE
Russian Federation;10;ASMMAT0;ASBGSEX;GIRL;BOY;427,619638539632;7,44206154090078;432,491323340891;6,55463126563532;4,87168480125883;7,50901747775713;,648777928096388;TOTWGT;JRR;HALF;Y;25-FEB-26;22h29m;75;5;Z:\RandA\Work\AndresStrello\ILSAreport_checks\DB\TIMSS_4_2003.sav;NONE
Russian Federation;10;ASMMAT0;ASBGSEX;BOY;GIRL;432,491323340891;6,55463126563532;427,619638539632;7,44206154090078;-4,87168480125883;7,50901747775713;-,648777928096388;TOTWGT;JRR;HALF;Y;25-FEB-26;22h29m;75;5;Z:\RandA\Work\AndresStrello\ILSAreport_checks\DB\TIMSS_4_2003.sav;NONE
Russian Federation;10;ASMMAT0;ASBGSEX;BOY;BOY;432,491323340891;6,55463126563532;432,491323340891;6,55463126563532;0;0; ;TOTWGT;JRR;HALF;Y;25-FEB-26;22h29m;75;5;Z:\RandA\Work\AndresStrello\ILSAreport_checks\DB\TIMSS_4_2003.sav;NONE
Russian Federation;50;ASMMAT0;ASBGSEX;GIRL;GIRL;531,964475981393;6,42348913666566;531,964475981393;6,42348913666566;0;0; ;TOTWGT;JRR;HALF;Y;25-FEB-26;22h29m;75;5;Z:\RandA\Work\AndresStrello\ILSAreport_checks\DB\TIMSS_4_2003.sav;NONE
Russian Federation;50;ASMMAT0;ASBGSEX;GIRL;BOY;531,964475981393;6,42348913666566;534,613611062312;6,58066342411454;2,64913508091854;5,31937298353104;,498016418311022;TOTWGT;JRR;HALF;Y;25-FEB-26;22h29m;75;5;Z:\RandA\Work\AndresStrello\ILSAreport_checks\DB\TIMSS_4_2003.sav;NONE
Russian Federation;50;ASMMAT0;ASBGSEX;BOY;GIRL;534,613611062312;6,58066342411454;531,964475981393;6,42348913666566;-2,64913508091854;5,31937298353104;-,498016418311022;TOTWGT;JRR;HALF;Y;25-FEB-26;22h29m;75;5;Z:\RandA\Work\AndresStrello\ILSAreport_checks\DB\TIMSS_4_2003.sav;NONE
Russian Federation;50;ASMMAT0;ASBGSEX;BOY;BOY;534,613611062312;6,58066342411454;534,613611062312;6,58066342411454;0;0; ;TOTWGT;JRR;HALF;Y;25-FEB-26;22h29m;75;5;Z:\RandA\Work\AndresStrello\ILSAreport_checks\DB\TIMSS_4_2003.sav;NONE
Russian Federation;90;ASMMAT0;ASBGSEX;GIRL;GIRL;629,735480471246;6,40809703934877;629,735480471246;6,40809703934877;0;0; ;TOTWGT;JRR;HALF;Y;25-FEB-26;22h29m;75;5;Z:\RandA\Work\AndresStrello\ILSAreport_checks\DB\TIMSS_4_2003.sav;NONE
Russian Federation;90;ASMMAT0;ASBGSEX;GIRL;BOY;629,735480471246;6,40809703934877;633,617274354866;8,73389728718665;3,88179388361998;6,26211480442226;,619885454811318;TOTWGT;JRR;HALF;Y;25-FEB-26;22h29m;75;5;Z:\RandA\Work\AndresStrello\ILSAreport_checks\DB\TIMSS_4_2003.sav;NONE
Russian Federation;90;ASMMAT0;ASBGSEX;BOY;GIRL;633,617274354866;8,73389728718665;629,735480471246;6,40809703934877;-3,88179388361998;6,26211480442226;-,619885454811318;TOTWGT;JRR;HALF;Y;25-FEB-26;22h29m;75;5;Z:\RandA\Work\AndresStrello\ILSAreport_checks\DB\TIMSS_4_2003.sav;NONE
Russian Federation;90;ASMMAT0;ASBGSEX;BOY;BOY;633,617274354866;8,73389728718665;633,617274354866;8,73389728718665;0;0; ;TOTWGT;JRR;HALF;Y;25-FEB-26;22h29m;75;5;Z:\RandA\Work\AndresStrello\ILSAreport_checks\DB\TIMSS_4_2003.sav;NONE
Singapore;10;ASMMAT0;ASBGSEX;GIRL;GIRL;494,625915912838;10,8535656357671;494,625915912838;10,8535656357671;0;0; ;TOTWGT;JRR;HALF;Y;25-FEB-26;22h29m;75;5;Z:\RandA\Work\AndresStrello\ILSAreport_checks\DB\TIMSS_4_2003.sav;NONE
Singapore;10;ASMMAT0;ASBGSEX;GIRL;BOY;494,625915912838;10,8535656357671;473,472682851448;12,827648101135;-21,1532330613899;7,79126191530068;-2,71499447603586;TOTWGT;JRR;HALF;Y;25-FEB-26;22h29m;75;5;Z:\RandA\Work\AndresStrello\ILSAreport_checks\DB\TIMSS_4_2003.sav;NONE
Singapore;10;ASMMAT0;ASBGSEX;BOY;GIRL;473,472682851448;12,827648101135;494,625915912838;10,8535656357671;21,1532330613899;7,79126191530068;2,71499447603586;TOTWGT;JRR;HALF;Y;25-FEB-26;22h29m;75;5;Z:\RandA\Work\AndresStrello\ILSAreport_checks\DB\TIMSS_4_2003.sav;NONE
Singapore;10;ASMMAT0;ASBGSEX;BOY;BOY;473,472682851448;12,827648101135;473,472682851448;12,827648101135;0;0; ;TOTWGT;JRR;HALF;Y;25-FEB-26;22h29m;75;5;Z:\RandA\Work\AndresStrello\ILSAreport_checks\DB\TIMSS_4_2003.sav;NONE
Singapore;50;ASMMAT0;ASBGSEX;GIRL;GIRL;604,62430445261;6,50552449248035;604,62430445261;6,50552449248035;0;0; ;TOTWGT;JRR;HALF;Y;25-FEB-26;22h29m;75;5;Z:\RandA\Work\AndresStrello\ILSAreport_checks\DB\TIMSS_4_2003.sav;NONE
Singapore;50;ASMMAT0;ASBGSEX;GIRL;BOY;604,62430445261;6,50552449248035;597,569255972867;6,45264155299827;-7,05504847974282;4,34580685242518;-1,62341510318291;TOTWGT;JRR;HALF;Y;25-FEB-26;22h29m;75;5;Z:\RandA\Work\AndresStrello\ILSAreport_checks\DB\TIMSS_4_2003.sav;NONE
Singapore;50;ASMMAT0;ASBGSEX;BOY;GIRL;597,569255972867;6,45264155299827;604,62430445261;6,50552449248035;7,05504847974282;4,34580685242518;1,62341510318291;TOTWGT;JRR;HALF;Y;25-FEB-26;22h29m;75;5;Z:\RandA\Work\AndresStrello\ILSAreport_checks\DB\TIMSS_4_2003.sav;NONE
Singapore;50;ASMMAT0;ASBGSEX;BOY;BOY;597,569255972867;6,45264155299827;597,569255972867;6,45264155299827;0;0; ;TOTWGT;JRR;HALF;Y;25-FEB-26;22h29m;75;5;Z:\RandA\Work\AndresStrello\ILSAreport_checks\DB\TIMSS_4_2003.sav;NONE
Singapore;90;ASMMAT0;ASBGSEX;GIRL;GIRL;694,50370841978;6,35569720017029;694,50370841978;6,35569720017029;0;0; ;TOTWGT;JRR;HALF;Y;25-FEB-26;22h29m;75;5;Z:\RandA\Work\AndresStrello\ILSAreport_checks\DB\TIMSS_4_2003.sav;NONE
Singapore;90;ASMMAT0;ASBGSEX;GIRL;BOY;694,50370841978;6,35569720017029;696,77591891331;7,4456321239001;2,27221049353022;6,42227498997422;,353801495120866;TOTWGT;JRR;HALF;Y;25-FEB-26;22h29m;75;5;Z:\RandA\Work\AndresStrello\ILSAreport_checks\DB\TIMSS_4_2003.sav;NONE
Singapore;90;ASMMAT0;ASBGSEX;BOY;GIRL;696,77591891331;7,4456321239001;694,50370841978;6,35569720017029;-2,27221049353022;6,42227498997422;-,353801495120866;TOTWGT;JRR;HALF;Y;25-FEB-26;22h29m;75;5;Z:\RandA\Work\AndresStrello\ILSAreport_checks\DB\TIMSS_4_2003.sav;NONE
Singapore;90;ASMMAT0;ASBGSEX;BOY;BOY;696,77591891331;7,4456321239001;696,77591891331;7,4456321239001;0;0; ;TOTWGT;JRR;HALF;Y;25-FEB-26;22h29m;75;5;Z:\RandA\Work\AndresStrello\ILSAreport_checks\DB\TIMSS_4_2003.sav;NONE
Slovenia;10;ASMMAT0;ASBGSEX;GIRL;GIRL;374,120693870976;6,09974723248959;374,120693870976;6,09974723248959;0;0; ;TOTWGT;JRR;HALF;Y;25-FEB-26;22h29m;75;5;Z:\RandA\Work\AndresStrello\ILSAreport_checks\DB\TIMSS_4_2003.sav;NONE
Slovenia;10;ASMMAT0;ASBGSEX;GIRL;BOY;374,120693870976;6,09974723248959;370,181712042459;4,76202298031194;-3,93898182851771;8,66183802895214;-,454751268189463;TOTWGT;JRR;HALF;Y;25-FEB-26;22h29m;75;5;Z:\RandA\Work\AndresStrello\ILSAreport_checks\DB\TIMSS_4_2003.sav;NONE
Slovenia;10;ASMMAT0;ASBGSEX;BOY;GIRL;370,181712042459;4,76202298031194;374,120693870976;6,09974723248959;3,93898182851771;8,66183802895214;,454751268189463;TOTWGT;JRR;HALF;Y;25-FEB-26;22h29m;75;5;Z:\RandA\Work\AndresStrello\ILSAreport_checks\DB\TIMSS_4_2003.sav;NONE
Slovenia;10;ASMMAT0;ASBGSEX;BOY;BOY;370,181712042459;4,76202298031194;370,181712042459;4,76202298031194;0;0; ;TOTWGT;JRR;HALF;Y;25-FEB-26;22h29m;75;5;Z:\RandA\Work\AndresStrello\ILSAreport_checks\DB\TIMSS_4_2003.sav;NONE
Slovenia;50;ASMMAT0;ASBGSEX;GIRL;GIRL;483,028523683927;5,63465914152784;483,028523683927;5,63465914152784;0;0; ;TOTWGT;JRR;HALF;Y;25-FEB-26;22h29m;75;5;Z:\RandA\Work\AndresStrello\ILSAreport_checks\DB\TIMSS_4_2003.sav;NONE
Slovenia;50;ASMMAT0;ASBGSEX;GIRL;BOY;483,028523683927;5,63465914152784;487,445649866901;5,15622561813843;4,41712618297448;6,02558220199105;,733062139873375;TOTWGT;JRR;HALF;Y;25-FEB-26;22h29m;75;5;Z:\RandA\Work\AndresStrello\ILSAreport_checks\DB\TIMSS_4_2003.sav;NONE
Slovenia;50;ASMMAT0;ASBGSEX;BOY;GIRL;487,445649866901;5,15622561813843;483,028523683927;5,63465914152784;-4,41712618297448;6,02558220199105;-,733062139873375;TOTWGT;JRR;HALF;Y;25-FEB-26;22h29m;75;5;Z:\RandA\Work\AndresStrello\ILSAreport_checks\DB\TIMSS_4_2003.sav;NONE
Slovenia;50;ASMMAT0;ASBGSEX;BOY;BOY;487,445649866901;5,15622561813843;487,445649866901;5,15622561813843;0;0; ;TOTWGT;JRR;HALF;Y;25-FEB-26;22h29m;75;5;Z:\RandA\Work\AndresStrello\ILSAreport_checks\DB\TIMSS_4_2003.sav;NONE
Slovenia;90;ASMMAT0;ASBGSEX;GIRL;GIRL;567,904993760248;3,69372262992557;567,904993760248;3,69372262992557;0;0; ;TOTWGT;JRR;HALF;Y;25-FEB-26;22h29m;75;5;Z:\RandA\Work\AndresStrello\ILSAreport_checks\DB\TIMSS_4_2003.sav;NONE
Slovenia;90;ASMMAT0;ASBGSEX;GIRL;BOY;567,904993760248;3,69372262992557;581,465432252673;8,83963230097453;13,5604384924249;8,47296873516802;1,60043532748336;TOTWGT;JRR;HALF;Y;25-FEB-26;22h29m;75;5;Z:\RandA\Work\AndresStrello\ILSAreport_checks\DB\TIMSS_4_2003.sav;NONE
Slovenia;90;ASMMAT0;ASBGSEX;BOY;GIRL;581,465432252673;8,83963230097453;567,904993760248;3,69372262992557;-13,5604384924249;8,47296873516802;-1,60043532748336;TOTWGT;JRR;HALF;Y;25-FEB-26;22h29m;75;5;Z:\RandA\Work\AndresStrello\ILSAreport_checks\DB\TIMSS_4_2003.sav;NONE
Slovenia;90;ASMMAT0;ASBGSEX;BOY;BOY;581,465432252673;8,83963230097453;581,465432252673;8,83963230097453;0;0; ;TOTWGT;JRR;HALF;Y;25-FEB-26;22h29m;75;5;Z:\RandA\Work\AndresStrello\ILSAreport_checks\DB\TIMSS_4_2003.sav;NONE
Tunisia;10;ASMMAT0;ASBGSEX;GIRL;GIRL;213,402945601965;9,85262964929653;213,402945601965;9,85262964929653;0;0; ;TOTWGT;JRR;HALF;Y;25-FEB-26;22h29m;75;5;Z:\RandA\Work\AndresStrello\ILSAreport_checks\DB\TIMSS_4_2003.sav;NONE
Tunisia;10;ASMMAT0;ASBGSEX;GIRL;BOY;213,402945601965;9,85262964929653;207,032523759009;6,68957655107215;-6,37042184295634;8,58022813951258;-,742453666659523;TOTWGT;JRR;HALF;Y;25-FEB-26;22h29m;75;5;Z:\RandA\Work\AndresStrello\ILSAreport_checks\DB\TIMSS_4_2003.sav;NONE
Tunisia;10;ASMMAT0;ASBGSEX;BOY;GIRL;207,032523759009;6,68957655107215;213,402945601965;9,85262964929653;6,37042184295634;8,58022813951258;,742453666659523;TOTWGT;JRR;HALF;Y;25-FEB-26;22h29m;75;5;Z:\RandA\Work\AndresStrello\ILSAreport_checks\DB\TIMSS_4_2003.sav;NONE
Tunisia;10;ASMMAT0;ASBGSEX;BOY;BOY;207,032523759009;6,68957655107215;207,032523759009;6,68957655107215;0;0; ;TOTWGT;JRR;HALF;Y;25-FEB-26;22h29m;75;5;Z:\RandA\Work\AndresStrello\ILSAreport_checks\DB\TIMSS_4_2003.sav;NONE
Tunisia;50;ASMMAT0;ASBGSEX;GIRL;GIRL;342,84437686969;5,44295717051888;342,84437686969;5,44295717051888;0;0; ;TOTWGT;JRR;HALF;Y;25-FEB-26;22h29m;75;5;Z:\RandA\Work\AndresStrello\ILSAreport_checks\DB\TIMSS_4_2003.sav;NONE
Tunisia;50;ASMMAT0;ASBGSEX;GIRL;BOY;342,84437686969;5,44295717051888;335,671461593387;5,77846316977595;-7,17291527630305;5,97956065285709;-1,19957229179969;TOTWGT;JRR;HALF;Y;25-FEB-26;22h29m;75;5;Z:\RandA\Work\AndresStrello\ILSAreport_checks\DB\TIMSS_4_2003.sav;NONE
Tunisia;50;ASMMAT0;ASBGSEX;BOY;GIRL;335,671461593387;5,77846316977595;342,84437686969;5,44295717051888;7,17291527630305;5,97956065285709;1,19957229179969;TOTWGT;JRR;HALF;Y;25-FEB-26;22h29m;75;5;Z:\RandA\Work\AndresStrello\ILSAreport_checks\DB\TIMSS_4_2003.sav;NONE
Tunisia;50;ASMMAT0;ASBGSEX;BOY;BOY;335,671461593387;5,77846316977595;335,671461593387;5,77846316977595;0;0; ;TOTWGT;JRR;HALF;Y;25-FEB-26;22h29m;75;5;Z:\RandA\Work\AndresStrello\ILSAreport_checks\DB\TIMSS_4_2003.sav;NONE
Tunisia;90;ASMMAT0;ASBGSEX;GIRL;GIRL;469,726148765811;8,92285930572294;469,726148765811;8,92285930572294;0;0; ;TOTWGT;JRR;HALF;Y;25-FEB-26;22h29m;75;5;Z:\RandA\Work\AndresStrello\ILSAreport_checks\DB\TIMSS_4_2003.sav;NONE
Tunisia;90;ASMMAT0;ASBGSEX;GIRL;BOY;469,726148765811;8,92285930572294;468,39925976282;8,30356201476144;-1,32688900299064;7,1954482830836;-,184406718079002;TOTWGT;JRR;HALF;Y;25-FEB-26;22h29m;75;5;Z:\RandA\Work\AndresStrello\ILSAreport_checks\DB\TIMSS_4_2003.sav;NONE
Tunisia;90;ASMMAT0;ASBGSEX;BOY;GIRL;468,39925976282;8,30356201476144;469,726148765811;8,92285930572294;1,32688900299064;7,1954482830836;,184406718079002;TOTWGT;JRR;HALF;Y;25-FEB-26;22h29m;75;5;Z:\RandA\Work\AndresStrello\ILSAreport_checks\DB\TIMSS_4_2003.sav;NONE
Tunisia;90;ASMMAT0;ASBGSEX;BOY;BOY;468,39925976282;8,30356201476144;468,39925976282;8,30356201476144;0;0; ;TOTWGT;JRR;HALF;Y;25-FEB-26;22h29m;75;5;Z:\RandA\Work\AndresStrello\ILSAreport_checks\DB\TIMSS_4_2003.sav;NONE
United States;10;ASMMAT0;ASBGSEX;GIRL;GIRL;416,550624204819;3,55313615987845;416,550624204819;3,55313615987845;0;0; ;TOTWGT;JRR;HALF;Y;25-FEB-26;22h29m;75;5;Z:\RandA\Work\AndresStrello\ILSAreport_checks\DB\TIMSS_4_2003.sav;NONE
United States;10;ASMMAT0;ASBGSEX;GIRL;BOY;416,550624204819;3,55313615987845;417,815626229758;4,13501724022005;1,26500202493883;4,18438620667019;,302314834831051;TOTWGT;JRR;HALF;Y;25-FEB-26;22h29m;75;5;Z:\RandA\Work\AndresStrello\ILSAreport_checks\DB\TIMSS_4_2003.sav;NONE
United States;10;ASMMAT0;ASBGSEX;BOY;GIRL;417,815626229758;4,13501724022005;416,550624204819;3,55313615987845;-1,26500202493883;4,18438620667019;-,302314834831051;TOTWGT;JRR;HALF;Y;25-FEB-26;22h29m;75;5;Z:\RandA\Work\AndresStrello\ILSAreport_checks\DB\TIMSS_4_2003.sav;NONE
United States;10;ASMMAT0;ASBGSEX;BOY;BOY;417,815626229758;4,13501724022005;417,815626229758;4,13501724022005;0;0; ;TOTWGT;JRR;HALF;Y;25-FEB-26;22h29m;75;5;Z:\RandA\Work\AndresStrello\ILSAreport_checks\DB\TIMSS_4_2003.sav;NONE
United States;50;ASMMAT0;ASBGSEX;GIRL;GIRL;517,613023005009;3,92597547366616;517,613023005009;3,92597547366616;0;0; ;TOTWGT;JRR;HALF;Y;25-FEB-26;22h29m;75;5;Z:\RandA\Work\AndresStrello\ILSAreport_checks\DB\TIMSS_4_2003.sav;NONE
United States;50;ASMMAT0;ASBGSEX;GIRL;BOY;517,613023005009;3,92597547366616;526,201536936515;2,75925532824094;8,58851393150619;2,8249572394184;3,04022794103403;TOTWGT;JRR;HALF;Y;25-FEB-26;22h29m;75;5;Z:\RandA\Work\AndresStrello\ILSAreport_checks\DB\TIMSS_4_2003.sav;NONE
United States;50;ASMMAT0;ASBGSEX;BOY;GIRL;526,201536936515;2,75925532824094;517,613023005009;3,92597547366616;-8,58851393150619;2,8249572394184;-3,04022794103403;TOTWGT;JRR;HALF;Y;25-FEB-26;22h29m;75;5;Z:\RandA\Work\AndresStrello\ILSAreport_checks\DB\TIMSS_4_2003.sav;NONE
United States;50;ASMMAT0;ASBGSEX;BOY;BOY;526,201536936515;2,75925532824094;526,201536936515;2,75925532824094;0;0; ;TOTWGT;JRR;HALF;Y;25-FEB-26;22h29m;75;5;Z:\RandA\Work\AndresStrello\ILSAreport_checks\DB\TIMSS_4_2003.sav;NONE
United States;90;ASMMAT0;ASBGSEX;GIRL;GIRL;608,276314636511;2,26485527092181;608,276314636511;2,26485527092181;0;0; ;TOTWGT;JRR;HALF;Y;25-FEB-26;22h29m;75;5;Z:\RandA\Work\AndresStrello\ILSAreport_checks\DB\TIMSS_4_2003.sav;NONE
United States;90;ASMMAT0;ASBGSEX;GIRL;BOY;608,276314636511;2,26485527092181;619,966239847905;4,74083067701117;11,689925211394;4,73755440678567;2,46750205014012;TOTWGT;JRR;HALF;Y;25-FEB-26;22h29m;75;5;Z:\RandA\Work\AndresStrello\ILSAreport_checks\DB\TIMSS_4_2003.sav;NONE
United States;90;ASMMAT0;ASBGSEX;BOY;GIRL;619,966239847905;4,74083067701117;608,276314636511;2,26485527092181;-11,689925211394;4,73755440678567;-2,46750205014012;TOTWGT;JRR;HALF;Y;25-FEB-26;22h29m;75;5;Z:\RandA\Work\AndresStrello\ILSAreport_checks\DB\TIMSS_4_2003.sav;NONE
United States;90;ASMMAT0;ASBGSEX;BOY;BOY;619,966239847905;4,74083067701117;619,966239847905;4,74083067701117;0;0; ;TOTWGT;JRR;HALF;Y;25-FEB-26;22h29m;75;5;Z:\RandA\Work\AndresStrello\ILSAreport_checks\DB\TIMSS_4_2003.sav;NONE
Yemen;10;ASMMAT0;ASBGSEX;GIRL;GIRL;129,982692284322;6,9282732995037;129,982692284322;6,9282732995037;0;0; ;TOTWGT;JRR;HALF;Y;25-FEB-26;22h29m;75;5;Z:\RandA\Work\AndresStrello\ILSAreport_checks\DB\TIMSS_4_2003.sav;NONE
Yemen;10;ASMMAT0;ASBGSEX;GIRL;BOY;129,982692284322;6,9282732995037;138,401347352213;11,1856213614829;8,41865506789133;12,1797964302053;,691198339490589;TOTWGT;JRR;HALF;Y;25-FEB-26;22h29m;75;5;Z:\RandA\Work\AndresStrello\ILSAreport_checks\DB\TIMSS_4_2003.sav;NONE
Yemen;10;ASMMAT0;ASBGSEX;BOY;GIRL;138,401347352213;11,1856213614829;129,982692284322;6,9282732995037;-8,41865506789133;12,1797964302053;-,691198339490589;TOTWGT;JRR;HALF;Y;25-FEB-26;22h29m;75;5;Z:\RandA\Work\AndresStrello\ILSAreport_checks\DB\TIMSS_4_2003.sav;NONE
Yemen;10;ASMMAT0;ASBGSEX;BOY;BOY;138,401347352213;11,1856213614829;138,401347352213;11,1856213614829;0;0; ;TOTWGT;JRR;HALF;Y;25-FEB-26;22h29m;75;5;Z:\RandA\Work\AndresStrello\ILSAreport_checks\DB\TIMSS_4_2003.sav;NONE
Yemen;50;ASMMAT0;ASBGSEX;GIRL;GIRL;271,946542429278;9,03187678737532;271,946542429278;9,03187678737532;0;0; ;TOTWGT;JRR;HALF;Y;25-FEB-26;22h29m;75;5;Z:\RandA\Work\AndresStrello\ILSAreport_checks\DB\TIMSS_4_2003.sav;NONE
Yemen;50;ASMMAT0;ASBGSEX;GIRL;BOY;271,946542429278;9,03187678737532;277,254770685429;10,3933172691607;5,30822825615141;11,3075114476895;,469442660368571;TOTWGT;JRR;HALF;Y;25-FEB-26;22h29m;75;5;Z:\RandA\Work\AndresStrello\ILSAreport_checks\DB\TIMSS_4_2003.sav;NONE
Yemen;50;ASMMAT0;ASBGSEX;BOY;GIRL;277,254770685429;10,3933172691607;271,946542429278;9,03187678737532;-5,30822825615141;11,3075114476895;-,469442660368571;TOTWGT;JRR;HALF;Y;25-FEB-26;22h29m;75;5;Z:\RandA\Work\AndresStrello\ILSAreport_checks\DB\TIMSS_4_2003.sav;NONE
Yemen;50;ASMMAT0;ASBGSEX;BOY;BOY;277,254770685429;10,3933172691607;277,254770685429;10,3933172691607;0;0; ;TOTWGT;JRR;HALF;Y;25-FEB-26;22h29m;75;5;Z:\RandA\Work\AndresStrello\ILSAreport_checks\DB\TIMSS_4_2003.sav;NONE
Yemen;90;ASMMAT0;ASBGSEX;GIRL;GIRL;422,058904543629;10,9447762103665;422,058904543629;10,9447762103665;0;0; ;TOTWGT;JRR;HALF;Y;25-FEB-26;22h29m;75;5;Z:\RandA\Work\AndresStrello\ILSAreport_checks\DB\TIMSS_4_2003.sav;NONE
Yemen;90;ASMMAT0;ASBGSEX;GIRL;BOY;422,058904543629;10,9447762103665;436,395495709687;13,0688700079522;14,3365911660579;15,1184741041893;,948282946232336;TOTWGT;JRR;HALF;Y;25-FEB-26;22h29m;75;5;Z:\RandA\Work\AndresStrello\ILSAreport_checks\DB\TIMSS_4_2003.sav;NONE
Yemen;90;ASMMAT0;ASBGSEX;BOY;GIRL;436,395495709687;13,0688700079522;422,058904543629;10,9447762103665;-14,3365911660579;15,1184741041893;-,948282946232336;TOTWGT;JRR;HALF;Y;25-FEB-26;22h29m;75;5;Z:\RandA\Work\AndresStrello\ILSAreport_checks\DB\TIMSS_4_2003.sav;NONE
Yemen;90;ASMMAT0;ASBGSEX;BOY;BOY;436,395495709687;13,0688700079522;436,395495709687;13,0688700079522;0;0; ;TOTWGT;JRR;HALF;Y;25-FEB-26;22h29m;75;5;Z:\RandA\Work\AndresStrello\ILSAreport_checks\DB\TIMSS_4_2003.sav;NONE
England;10;ASMMAT0;ASBGSEX;GIRL;GIRL;419,460848667381;4,74778007744697;419,460848667381;4,74778007744697;0;0; ;TOTWGT;JRR;HALF;Y;25-FEB-26;22h29m;75;5;Z:\RandA\Work\AndresStrello\ILSAreport_checks\DB\TIMSS_4_2003.sav;NONE
England;10;ASMMAT0;ASBGSEX;GIRL;BOY;419,460848667381;4,74778007744697;412,185728376255;5,28928526868935;-7,27512029112595;6,56113019877818;-1,10882120468829;TOTWGT;JRR;HALF;Y;25-FEB-26;22h29m;75;5;Z:\RandA\Work\AndresStrello\ILSAreport_checks\DB\TIMSS_4_2003.sav;NONE
England;10;ASMMAT0;ASBGSEX;BOY;GIRL;412,185728376255;5,28928526868935;419,460848667381;4,74778007744697;7,27512029112595;6,56113019877818;1,10882120468829;TOTWGT;JRR;HALF;Y;25-FEB-26;22h29m;75;5;Z:\RandA\Work\AndresStrello\ILSAreport_checks\DB\TIMSS_4_2003.sav;NONE
England;10;ASMMAT0;ASBGSEX;BOY;BOY;412,185728376255;5,28928526868935;412,185728376255;5,28928526868935;0;0; ;TOTWGT;JRR;HALF;Y;25-FEB-26;22h29m;75;5;Z:\RandA\Work\AndresStrello\ILSAreport_checks\DB\TIMSS_4_2003.sav;NONE
England;50;ASMMAT0;ASBGSEX;GIRL;GIRL;535,326942377182;6,23017354069647;535,326942377182;6,23017354069647;0;0; ;TOTWGT;JRR;HALF;Y;25-FEB-26;22h29m;75;5;Z:\RandA\Work\AndresStrello\ILSAreport_checks\DB\TIMSS_4_2003.sav;NONE
England;50;ASMMAT0;ASBGSEX;GIRL;BOY;535,326942377182;6,23017354069647;538,091414417805;4,89195255982015;2,76447204062292;6,22297207864001;,444236613259412;TOTWGT;JRR;HALF;Y;25-FEB-26;22h29m;75;5;Z:\RandA\Work\AndresStrello\ILSAreport_checks\DB\TIMSS_4_2003.sav;NONE
England;50;ASMMAT0;ASBGSEX;BOY;GIRL;538,091414417805;4,89195255982015;535,326942377182;6,23017354069647;-2,76447204062292;6,22297207864001;-,444236613259412;TOTWGT;JRR;HALF;Y;25-FEB-26;22h29m;75;5;Z:\RandA\Work\AndresStrello\ILSAreport_checks\DB\TIMSS_4_2003.sav;NONE
England;50;ASMMAT0;ASBGSEX;BOY;BOY;538,091414417805;4,89195255982015;538,091414417805;4,89195255982015;0;0; ;TOTWGT;JRR;HALF;Y;25-FEB-26;22h29m;75;5;Z:\RandA\Work\AndresStrello\ILSAreport_checks\DB\TIMSS_4_2003.sav;NONE
England;90;ASMMAT0;ASBGSEX;GIRL;GIRL;635,731196532717;4,70313929456375;635,731196532717;4,70313929456375;0;0; ;TOTWGT;JRR;HALF;Y;25-FEB-26;22h29m;75;5;Z:\RandA\Work\AndresStrello\ILSAreport_checks\DB\TIMSS_4_2003.sav;NONE
England;90;ASMMAT0;ASBGSEX;GIRL;BOY;635,731196532717;4,70313929456375;645,331935694435;3,48669398530348;9,60073916171802;5,42509292197679;1,76969119235283;TOTWGT;JRR;HALF;Y;25-FEB-26;22h29m;75;5;Z:\RandA\Work\AndresStrello\ILSAreport_checks\DB\TIMSS_4_2003.sav;NONE
England;90;ASMMAT0;ASBGSEX;BOY;GIRL;645,331935694435;3,48669398530348;635,731196532717;4,70313929456375;-9,60073916171802;5,42509292197679;-1,76969119235283;TOTWGT;JRR;HALF;Y;25-FEB-26;22h29m;75;5;Z:\RandA\Work\AndresStrello\ILSAreport_checks\DB\TIMSS_4_2003.sav;NONE
England;90;ASMMAT0;ASBGSEX;BOY;BOY;645,331935694435;3,48669398530348;645,331935694435;3,48669398530348;0;0; ;TOTWGT;JRR;HALF;Y;25-FEB-26;22h29m;75;5;Z:\RandA\Work\AndresStrello\ILSAreport_checks\DB\TIMSS_4_2003.sav;NONE
Scotland;10;ASMMAT0;ASBGSEX;GIRL;GIRL;387,998142110322;4,42526765641384;387,998142110322;4,42526765641384;0;0; ;TOTWGT;JRR;HALF;Y;25-FEB-26;22h29m;75;5;Z:\RandA\Work\AndresStrello\ILSAreport_checks\DB\TIMSS_4_2003.sav;NONE
Scotland;10;ASMMAT0;ASBGSEX;GIRL;BOY;387,998142110322;4,42526765641384;389,63638896053;11,9967526412363;1,63824685020858;11,8902045825651;,1377812163645;TOTWGT;JRR;HALF;Y;25-FEB-26;22h29m;75;5;Z:\RandA\Work\AndresStrello\ILSAreport_checks\DB\TIMSS_4_2003.sav;NONE
Scotland;10;ASMMAT0;ASBGSEX;BOY;GIRL;389,63638896053;11,9967526412363;387,998142110322;4,42526765641384;-1,63824685020858;11,8902045825651;-,1377812163645;TOTWGT;JRR;HALF;Y;25-FEB-26;22h29m;75;5;Z:\RandA\Work\AndresStrello\ILSAreport_checks\DB\TIMSS_4_2003.sav;NONE
Scotland;10;ASMMAT0;ASBGSEX;BOY;BOY;389,63638896053;11,9967526412363;389,63638896053;11,9967526412363;0;0; ;TOTWGT;JRR;HALF;Y;25-FEB-26;22h29m;75;5;Z:\RandA\Work\AndresStrello\ILSAreport_checks\DB\TIMSS_4_2003.sav;NONE
Scotland;50;ASMMAT0;ASBGSEX;GIRL;GIRL;487,448515454292;3,27283231975758;487,448515454292;3,27283231975758;0;0; ;TOTWGT;JRR;HALF;Y;25-FEB-26;22h29m;75;5;Z:\RandA\Work\AndresStrello\ILSAreport_checks\DB\TIMSS_4_2003.sav;NONE
Scotland;50;ASMMAT0;ASBGSEX;GIRL;BOY;487,448515454292;3,27283231975758;500,716970592238;4,04452769248768;13,2684551379461;4,47398115024984;2,96569312483696;TOTWGT;JRR;HALF;Y;25-FEB-26;22h29m;75;5;Z:\RandA\Work\AndresStrello\ILSAreport_checks\DB\TIMSS_4_2003.sav;NONE
Scotland;50;ASMMAT0;ASBGSEX;BOY;GIRL;500,716970592238;4,04452769248768;487,448515454292;3,27283231975758;-13,2684551379461;4,47398115024984;-2,96569312483696;TOTWGT;JRR;HALF;Y;25-FEB-26;22h29m;75;5;Z:\RandA\Work\AndresStrello\ILSAreport_checks\DB\TIMSS_4_2003.sav;NONE
Scotland;50;ASMMAT0;ASBGSEX;BOY;BOY;500,716970592238;4,04452769248768;500,716970592238;4,04452769248768;0;0; ;TOTWGT;JRR;HALF;Y;25-FEB-26;22h29m;75;5;Z:\RandA\Work\AndresStrello\ILSAreport_checks\DB\TIMSS_4_2003.sav;NONE
Scotland;90;ASMMAT0;ASBGSEX;GIRL;GIRL;577,258908869071;5,62013167224971;577,258908869071;5,62013167224971;0;0; ;TOTWGT;JRR;HALF;Y;25-FEB-26;22h29m;75;5;Z:\RandA\Work\AndresStrello\ILSAreport_checks\DB\TIMSS_4_2003.sav;NONE
Scotland;90;ASMMAT0;ASBGSEX;GIRL;BOY;577,258908869071;5,62013167224971;594,363844924474;3,80106201778417;17,1049360554031;6,38585950473934;2,67856441919971;TOTWGT;JRR;HALF;Y;25-FEB-26;22h29m;75;5;Z:\RandA\Work\AndresStrello\ILSAreport_checks\DB\TIMSS_4_2003.sav;NONE
Scotland;90;ASMMAT0;ASBGSEX;BOY;GIRL;594,363844924474;3,80106201778417;577,258908869071;5,62013167224971;-17,1049360554031;6,38585950473934;-2,67856441919971;TOTWGT;JRR;HALF;Y;25-FEB-26;22h29m;75;5;Z:\RandA\Work\AndresStrello\ILSAreport_checks\DB\TIMSS_4_2003.sav;NONE
Scotland;90;ASMMAT0;ASBGSEX;BOY;BOY;594,363844924474;3,80106201778417;594,363844924474;3,80106201778417;0;0; ;TOTWGT;JRR;HALF;Y;25-FEB-26;22h29m;75;5;Z:\RandA\Work\AndresStrello\ILSAreport_checks\DB\TIMSS_4_2003.sav;NONE
Belgium (Flemish);10;ASMMAT0;ASBGSEX;GIRL;GIRL;476,95088973112;4,70385348696559;476,95088973112;4,70385348696559;0;0; ;TOTWGT;JRR;HALF;Y;25-FEB-26;22h29m;75;5;Z:\RandA\Work\AndresStrello\ILSAreport_checks\DB\TIMSS_4_2003.sav;NONE
Belgium (Flemish);10;ASMMAT0;ASBGSEX;GIRL;BOY;476,95088973112;4,70385348696559;473,051517476016;7,84278970489775;-3,89937225510462;8,91721710653073;-,43728578193401;TOTWGT;JRR;HALF;Y;25-FEB-26;22h29m;75;5;Z:\RandA\Work\AndresStrello\ILSAreport_checks\DB\TIMSS_4_2003.sav;NONE
Belgium (Flemish);10;ASMMAT0;ASBGSEX;BOY;GIRL;473,051517476016;7,84278970489775;476,95088973112;4,70385348696559;3,89937225510462;8,91721710653073;,43728578193401;TOTWGT;JRR;HALF;Y;25-FEB-26;22h29m;75;5;Z:\RandA\Work\AndresStrello\ILSAreport_checks\DB\TIMSS_4_2003.sav;NONE
Belgium (Flemish);10;ASMMAT0;ASBGSEX;BOY;BOY;473,051517476016;7,84278970489775;473,051517476016;7,84278970489775;0;0; ;TOTWGT;JRR;HALF;Y;25-FEB-26;22h29m;75;5;Z:\RandA\Work\AndresStrello\ILSAreport_checks\DB\TIMSS_4_2003.sav;NONE
Belgium (Flemish);50;ASMMAT0;ASBGSEX;GIRL;GIRL;549,571459567001;2,31707471783518;549,571459567001;2,31707471783518;0;0; ;TOTWGT;JRR;HALF;Y;25-FEB-26;22h29m;75;5;Z:\RandA\Work\AndresStrello\ILSAreport_checks\DB\TIMSS_4_2003.sav;NONE
Belgium (Flemish);50;ASMMAT0;ASBGSEX;GIRL;BOY;549,571459567001;2,31707471783518;553,904794169311;2,4057542331416;4,33333460230997;2,94073272407339;1,47355608581374;TOTWGT;JRR;HALF;Y;25-FEB-26;22h29m;75;5;Z:\RandA\Work\AndresStrello\ILSAreport_checks\DB\TIMSS_4_2003.sav;NONE
Belgium (Flemish);50;ASMMAT0;ASBGSEX;BOY;GIRL;553,904794169311;2,4057542331416;549,571459567001;2,31707471783518;-4,33333460230997;2,94073272407339;-1,47355608581374;TOTWGT;JRR;HALF;Y;25-FEB-26;22h29m;75;5;Z:\RandA\Work\AndresStrello\ILSAreport_checks\DB\TIMSS_4_2003.sav;NONE
Belgium (Flemish);50;ASMMAT0;ASBGSEX;BOY;BOY;553,904794169311;2,4057542331416;553,904794169311;2,4057542331416;0;0; ;TOTWGT;JRR;HALF;Y;25-FEB-26;22h29m;75;5;Z:\RandA\Work\AndresStrello\ILSAreport_checks\DB\TIMSS_4_2003.sav;NONE
Belgium (Flemish);90;ASMMAT0;ASBGSEX;GIRL;GIRL;622,052849931103;2,20285673860239;622,052849931103;2,20285673860239;0;0; ;TOTWGT;JRR;HALF;Y;25-FEB-26;22h29m;75;5;Z:\RandA\Work\AndresStrello\ILSAreport_checks\DB\TIMSS_4_2003.sav;NONE
Belgium (Flemish);90;ASMMAT0;ASBGSEX;GIRL;BOY;622,052849931103;2,20285673860239;628,181032392821;1,59150661543985;6,12818246171855;2,52927911294914;2,42289687616685;TOTWGT;JRR;HALF;Y;25-FEB-26;22h29m;75;5;Z:\RandA\Work\AndresStrello\ILSAreport_checks\DB\TIMSS_4_2003.sav;NONE
Belgium (Flemish);90;ASMMAT0;ASBGSEX;BOY;GIRL;628,181032392821;1,59150661543985;622,052849931103;2,20285673860239;-6,12818246171855;2,52927911294914;-2,42289687616685;TOTWGT;JRR;HALF;Y;25-FEB-26;22h29m;75;5;Z:\RandA\Work\AndresStrello\ILSAreport_checks\DB\TIMSS_4_2003.sav;NONE
Belgium (Flemish);90;ASMMAT0;ASBGSEX;BOY;BOY;628,181032392821;1,59150661543985;628,181032392821;1,59150661543985;0;0; ;TOTWGT;JRR;HALF;Y;25-FEB-26;22h29m;75;5;Z:\RandA\Work\AndresStrello\ILSAreport_checks\DB\TIMSS_4_2003.sav;NONE
Canada (Ontario);10;ASMMAT0;ASBGSEX;GIRL;GIRL;415,712008567819;6,99625680635705;415,712008567819;6,99625680635705;0;0; ;TOTWGT;JRR;HALF;Y;25-FEB-26;22h29m;75;5;Z:\RandA\Work\AndresStrello\ILSAreport_checks\DB\TIMSS_4_2003.sav;NONE
Canada (Ontario);10;ASMMAT0;ASBGSEX;GIRL;BOY;415,712008567819;6,99625680635705;423,305902779774;3,75088715555474;7,59389421195524;6,14359207877959;1,23606745281561;TOTWGT;JRR;HALF;Y;25-FEB-26;22h29m;75;5;Z:\RandA\Work\AndresStrello\ILSAreport_checks\DB\TIMSS_4_2003.sav;NONE
Canada (Ontario);10;ASMMAT0;ASBGSEX;BOY;GIRL;423,305902779774;3,75088715555474;415,712008567819;6,99625680635705;-7,59389421195524;6,14359207877959;-1,23606745281561;TOTWGT;JRR;HALF;Y;25-FEB-26;22h29m;75;5;Z:\RandA\Work\AndresStrello\ILSAreport_checks\DB\TIMSS_4_2003.sav;NONE
Canada (Ontario);10;ASMMAT0;ASBGSEX;BOY;BOY;423,305902779774;3,75088715555474;423,305902779774;3,75088715555474;0;0; ;TOTWGT;JRR;HALF;Y;25-FEB-26;22h29m;75;5;Z:\RandA\Work\AndresStrello\ILSAreport_checks\DB\TIMSS_4_2003.sav;NONE
Canada (Ontario);50;ASMMAT0;ASBGSEX;GIRL;GIRL;506,664750855381;4,55921205086405;506,664750855381;4,55921205086405;0;0; ;TOTWGT;JRR;HALF;Y;25-FEB-26;22h29m;75;5;Z:\RandA\Work\AndresStrello\ILSAreport_checks\DB\TIMSS_4_2003.sav;NONE
Canada (Ontario);50;ASMMAT0;ASBGSEX;GIRL;BOY;506,664750855381;4,55921205086405;517,999491653054;3,51825009989952;11,3347407976736;4,54733544567144;2,49261153770017;TOTWGT;JRR;HALF;Y;25-FEB-26;22h29m;75;5;Z:\RandA\Work\AndresStrello\ILSAreport_checks\DB\TIMSS_4_2003.sav;NONE
Canada (Ontario);50;ASMMAT0;ASBGSEX;BOY;GIRL;517,999491653054;3,51825009989952;506,664750855381;4,55921205086405;-11,3347407976736;4,54733544567144;-2,49261153770017;TOTWGT;JRR;HALF;Y;25-FEB-26;22h29m;75;5;Z:\RandA\Work\AndresStrello\ILSAreport_checks\DB\TIMSS_4_2003.sav;NONE
Canada (Ontario);50;ASMMAT0;ASBGSEX;BOY;BOY;517,999491653054;3,51825009989952;517,999491653054;3,51825009989952;0;0; ;TOTWGT;JRR;HALF;Y;25-FEB-26;22h29m;75;5;Z:\RandA\Work\AndresStrello\ILSAreport_checks\DB\TIMSS_4_2003.sav;NONE
Canada (Ontario);90;ASMMAT0;ASBGSEX;GIRL;GIRL;592,872660728855;4,82971084543802;592,872660728855;4,82971084543802;0;0; ;TOTWGT;JRR;HALF;Y;25-FEB-26;22h29m;75;5;Z:\RandA\Work\AndresStrello\ILSAreport_checks\DB\TIMSS_4_2003.sav;NONE
Canada (Ontario);90;ASMMAT0;ASBGSEX;GIRL;BOY;592,872660728855;4,82971084543802;609,569193937671;8,20839324102374;16,6965332088158;6,08741374660217;2,74279585778696;TOTWGT;JRR;HALF;Y;25-FEB-26;22h29m;75;5;Z:\RandA\Work\AndresStrello\ILSAreport_checks\DB\TIMSS_4_2003.sav;NONE
Canada (Ontario);90;ASMMAT0;ASBGSEX;BOY;GIRL;609,569193937671;8,20839324102374;592,872660728855;4,82971084543802;-16,6965332088158;6,08741374660217;-2,74279585778696;TOTWGT;JRR;HALF;Y;25-FEB-26;22h29m;75;5;Z:\RandA\Work\AndresStrello\ILSAreport_checks\DB\TIMSS_4_2003.sav;NONE
Canada (Ontario);90;ASMMAT0;ASBGSEX;BOY;BOY;609,569193937671;8,20839324102374;609,569193937671;8,20839324102374;0;0; ;TOTWGT;JRR;HALF;Y;25-FEB-26;22h29m;75;5;Z:\RandA\Work\AndresStrello\ILSAreport_checks\DB\TIMSS_4_2003.sav;NONE
Canada (Quebec);10;ASMMAT0;ASBGSEX;GIRL;GIRL;418,055795185369;4,90153288633879;418,055795185369;4,90153288633879;0;0; ;TOTWGT;JRR;HALF;Y;25-FEB-26;22h29m;75;5;Z:\RandA\Work\AndresStrello\ILSAreport_checks\DB\TIMSS_4_2003.sav;NONE
Canada (Quebec);10;ASMMAT0;ASBGSEX;GIRL;BOY;418,055795185369;4,90153288633879;419,366339692529;4,95146755307332;1,31054450716017;5,63454632962545;,232590954176658;TOTWGT;JRR;HALF;Y;25-FEB-26;22h29m;75;5;Z:\RandA\Work\AndresStrello\ILSAreport_checks\DB\TIMSS_4_2003.sav;NONE
Canada (Quebec);10;ASMMAT0;ASBGSEX;BOY;GIRL;419,366339692529;4,95146755307332;418,055795185369;4,90153288633879;-1,31054450716017;5,63454632962545;-,232590954176658;TOTWGT;JRR;HALF;Y;25-FEB-26;22h29m;75;5;Z:\RandA\Work\AndresStrello\ILSAreport_checks\DB\TIMSS_4_2003.sav;NONE
Canada (Quebec);10;ASMMAT0;ASBGSEX;BOY;BOY;419,366339692529;4,95146755307332;419,366339692529;4,95146755307332;0;0; ;TOTWGT;JRR;HALF;Y;25-FEB-26;22h29m;75;5;Z:\RandA\Work\AndresStrello\ILSAreport_checks\DB\TIMSS_4_2003.sav;NONE
Canada (Quebec);50;ASMMAT0;ASBGSEX;GIRL;GIRL;505,143891772953;3,13611112299387;505,143891772953;3,13611112299387;0;0; ;TOTWGT;JRR;HALF;Y;25-FEB-26;22h29m;75;5;Z:\RandA\Work\AndresStrello\ILSAreport_checks\DB\TIMSS_4_2003.sav;NONE
Canada (Quebec);50;ASMMAT0;ASBGSEX;GIRL;BOY;505,143891772953;3,13611112299387;512,837239475811;2,46755038244493;7,69334770285789;3,51422346707847;2,18920275700444;TOTWGT;JRR;HALF;Y;25-FEB-26;22h29m;75;5;Z:\RandA\Work\AndresStrello\ILSAreport_checks\DB\TIMSS_4_2003.sav;NONE
Canada (Quebec);50;ASMMAT0;ASBGSEX;BOY;GIRL;512,837239475811;2,46755038244493;505,143891772953;3,13611112299387;-7,69334770285789;3,51422346707847;-2,18920275700444;TOTWGT;JRR;HALF;Y;25-FEB-26;22h29m;75;5;Z:\RandA\Work\AndresStrello\ILSAreport_checks\DB\TIMSS_4_2003.sav;NONE
Canada (Quebec);50;ASMMAT0;ASBGSEX;BOY;BOY;512,837239475811;2,46755038244493;512,837239475811;2,46755038244493;0;0; ;TOTWGT;JRR;HALF;Y;25-FEB-26;22h29m;75;5;Z:\RandA\Work\AndresStrello\ILSAreport_checks\DB\TIMSS_4_2003.sav;NONE
Canada (Quebec);90;ASMMAT0;ASBGSEX;GIRL;GIRL;583,862243718596;5,02459743447326;583,862243718596;5,02459743447326;0;0; ;TOTWGT;JRR;HALF;Y;25-FEB-26;22h29m;75;5;Z:\RandA\Work\AndresStrello\ILSAreport_checks\DB\TIMSS_4_2003.sav;NONE
Canada (Quebec);90;ASMMAT0;ASBGSEX;GIRL;BOY;583,862243718596;5,02459743447326;590,993691089728;5,23043295751203;7,13144737113223;5,44614581067589;1,3094484832104;TOTWGT;JRR;HALF;Y;25-FEB-26;22h29m;75;5;Z:\RandA\Work\AndresStrello\ILSAreport_checks\DB\TIMSS_4_2003.sav;NONE
Canada (Quebec);90;ASMMAT0;ASBGSEX;BOY;GIRL;590,993691089728;5,23043295751203;583,862243718596;5,02459743447326;-7,13144737113223;5,44614581067589;-1,3094484832104;TOTWGT;JRR;HALF;Y;25-FEB-26;22h29m;75;5;Z:\RandA\Work\AndresStrello\ILSAreport_checks\DB\TIMSS_4_2003.sav;NONE
Canada (Quebec);90;ASMMAT0;ASBGSEX;BOY;BOY;590,993691089728;5,23043295751203;590,993691089728;5,23043295751203;0;0; ;TOTWGT;JRR;HALF;Y;25-FEB-26;22h29m;75;5;Z:\RandA\Work\AndresStrello\ILSAreport_checks\DB\TIMSS_4_2003.sav;NONE
United States (Indiana);10;ASMMAT0;ASBGSEX;GIRL;GIRL;451,957144039334;6,17235090200441;451,957144039334;6,17235090200441;0;0; ;TOTWGT;JRR;HALF;Y;25-FEB-26;22h29m;75;5;Z:\RandA\Work\AndresStrello\ILSAreport_checks\DB\TIMSS_4_2003.sav;NONE
United States (Indiana);10;ASMMAT0;ASBGSEX;GIRL;BOY;451,957144039334;6,17235090200441;444,793187233857;4,35396020109251;-7,16395680547741;6,38149362293451;-1,12261442677476;TOTWGT;JRR;HALF;Y;25-FEB-26;22h29m;75;5;Z:\RandA\Work\AndresStrello\ILSAreport_checks\DB\TIMSS_4_2003.sav;NONE
United States (Indiana);10;ASMMAT0;ASBGSEX;BOY;GIRL;444,793187233857;4,35396020109251;451,957144039334;6,17235090200441;7,16395680547741;6,38149362293451;1,12261442677476;TOTWGT;JRR;HALF;Y;25-FEB-26;22h29m;75;5;Z:\RandA\Work\AndresStrello\ILSAreport_checks\DB\TIMSS_4_2003.sav;NONE
United States (Indiana);10;ASMMAT0;ASBGSEX;BOY;BOY;444,793187233857;4,35396020109251;444,793187233857;4,35396020109251;0;0; ;TOTWGT;JRR;HALF;Y;25-FEB-26;22h29m;75;5;Z:\RandA\Work\AndresStrello\ILSAreport_checks\DB\TIMSS_4_2003.sav;NONE
United States (Indiana);50;ASMMAT0;ASBGSEX;GIRL;GIRL;534,220761545186;4,54916129750579;534,220761545186;4,54916129750579;0;0; ;TOTWGT;JRR;HALF;Y;25-FEB-26;22h29m;75;5;Z:\RandA\Work\AndresStrello\ILSAreport_checks\DB\TIMSS_4_2003.sav;NONE
United States (Indiana);50;ASMMAT0;ASBGSEX;GIRL;BOY;534,220761545186;4,54916129750579;536,291888419207;2,30851801637689;2,0711268740218;4,46559216321368;,463796692202026;TOTWGT;JRR;HALF;Y;25-FEB-26;22h29m;75;5;Z:\RandA\Work\AndresStrello\ILSAreport_checks\DB\TIMSS_4_2003.sav;NONE
United States (Indiana);50;ASMMAT0;ASBGSEX;BOY;GIRL;536,291888419207;2,30851801637689;534,220761545186;4,54916129750579;-2,0711268740218;4,46559216321368;-,463796692202026;TOTWGT;JRR;HALF;Y;25-FEB-26;22h29m;75;5;Z:\RandA\Work\AndresStrello\ILSAreport_checks\DB\TIMSS_4_2003.sav;NONE
United States (Indiana);50;ASMMAT0;ASBGSEX;BOY;BOY;536,291888419207;2,30851801637689;536,291888419207;2,30851801637689;0;0; ;TOTWGT;JRR;HALF;Y;25-FEB-26;22h29m;75;5;Z:\RandA\Work\AndresStrello\ILSAreport_checks\DB\TIMSS_4_2003.sav;NONE
United States (Indiana);90;ASMMAT0;ASBGSEX;GIRL;GIRL;607,835626934391;6,30383751489135;607,835626934391;6,30383751489135;0;0; ;TOTWGT;JRR;HALF;Y;25-FEB-26;22h29m;75;5;Z:\RandA\Work\AndresStrello\ILSAreport_checks\DB\TIMSS_4_2003.sav;NONE
United States (Indiana);90;ASMMAT0;ASBGSEX;GIRL;BOY;607,835626934391;6,30383751489135;621,5832184185;7,65673304698413;13,7475914841095;5,07301720550975;2,70994379226201;TOTWGT;JRR;HALF;Y;25-FEB-26;22h29m;75;5;Z:\RandA\Work\AndresStrello\ILSAreport_checks\DB\TIMSS_4_2003.sav;NONE
United States (Indiana);90;ASMMAT0;ASBGSEX;BOY;GIRL;621,5832184185;7,65673304698413;607,835626934391;6,30383751489135;-13,7475914841095;5,07301720550975;-2,70994379226201;TOTWGT;JRR;HALF;Y;25-FEB-26;22h29m;75;5;Z:\RandA\Work\AndresStrello\ILSAreport_checks\DB\TIMSS_4_2003.sav;NONE
United States (Indiana);90;ASMMAT0;ASBGSEX;BOY;BOY;621,5832184185;7,65673304698413;621,5832184185;7,65673304698413;0;0; ;TOTWGT;JRR;HALF;Y;25-FEB-26;22h29m;75;5;Z:\RandA\Work\AndresStrello\ILSAreport_checks\DB\TIMSS_4_2003.sav;NONE
