IDCNTRY;dvar;refpctile;comppctile;groupvar;refgroup;compgroup;gap;gap_se;cgap;cgap_se;gapdiff;gapdiff_se;gapdiff_t;weight;method;jk2type;shortcut;date;time;reps;npv;infile;selcrit
Australia;ASMMAT0;   10,00;   50,00;ASBGSEX;GIRL;GIRL;107,765999505582;6,57126367104981;107,765999505582;6,57126367104981;0;0; ;TOTWGT;JRR;HALF;Y;25-FEB-26;22h31m;75;5;Z:\RandA\Work\AndresStrello\ILSAreport_checks\DB\TIMSS_4_2003.sav;NONE
Australia;ASMMAT0;   10,00;   50,00;ASBGSEX;GIRL;BOY;107,765999505582;6,57126367104981;118,002243749384;11,8635973286306;10,2362442438015;10,5439404917791;,970817717700756;TOTWGT;JRR;HALF;Y;25-FEB-26;22h31m;75;5;Z:\RandA\Work\AndresStrello\ILSAreport_checks\DB\TIMSS_4_2003.sav;NONE
Australia;ASMMAT0;   10,00;   50,00;ASBGSEX;BOY;GIRL;118,002243749384;11,8635973286306;107,765999505582;6,57126367104981;-10,2362442438015;10,5439404917791;-,970817717700756;TOTWGT;JRR;HALF;Y;25-FEB-26;22h31m;75;5;Z:\RandA\Work\AndresStrello\ILSAreport_checks\DB\TIMSS_4_2003.sav;NONE
Australia;ASMMAT0;   10,00;   50,00;ASBGSEX;BOY;BOY;118,002243749384;11,8635973286306;118,002243749384;11,8635973286306;0;0; ;TOTWGT;JRR;HALF;Y;25-FEB-26;22h31m;75;5;Z:\RandA\Work\AndresStrello\ILSAreport_checks\DB\TIMSS_4_2003.sav;NONE
Australia;ASMMAT0;   10,00;   90,00;ASBGSEX;GIRL;GIRL;200,690513490634;6,42296944860133;200,690513490634;6,42296944860133;0;0; ;TOTWGT;JRR;HALF;Y;25-FEB-26;22h31m;75;5;Z:\RandA\Work\AndresStrello\ILSAreport_checks\DB\TIMSS_4_2003.sav;NONE
Australia;ASMMAT0;   10,00;   90,00;ASBGSEX;GIRL;BOY;200,690513490634;6,42296944860133;210,247679118997;12,5423720732067;9,5571656283625;10,3887796270461;,919950751817025;TOTWGT;JRR;HALF;Y;25-FEB-26;22h31m;75;5;Z:\RandA\Work\AndresStrello\ILSAreport_checks\DB\TIMSS_4_2003.sav;NONE
Australia;ASMMAT0;   10,00;   90,00;ASBGSEX;BOY;GIRL;210,247679118997;12,5423720732067;200,690513490634;6,42296944860133;-9,5571656283625;10,3887796270461;-,919950751817025;TOTWGT;JRR;HALF;Y;25-FEB-26;22h31m;75;5;Z:\RandA\Work\AndresStrello\ILSAreport_checks\DB\TIMSS_4_2003.sav;NONE
Australia;ASMMAT0;   10,00;   90,00;ASBGSEX;BOY;BOY;210,247679118997;12,5423720732067;210,247679118997;12,5423720732067;0;0; ;TOTWGT;JRR;HALF;Y;25-FEB-26;22h31m;75;5;Z:\RandA\Work\AndresStrello\ILSAreport_checks\DB\TIMSS_4_2003.sav;NONE
Australia;ASMMAT0;   50,00;   90,00;ASBGSEX;GIRL;GIRL;92,9245139850523;6,33351636950081;92,9245139850523;6,33351636950081;0;0; ;TOTWGT;JRR;HALF;Y;25-FEB-26;22h31m;75;5;Z:\RandA\Work\AndresStrello\ILSAreport_checks\DB\TIMSS_4_2003.sav;NONE
Australia;ASMMAT0;   50,00;   90,00;ASBGSEX;GIRL;BOY;92,9245139850523;6,33351636950081;92,2454353696133;6,26155152228523;-,679078615439028;7,27614055583472;-,0933295076184965;TOTWGT;JRR;HALF;Y;25-FEB-26;22h31m;75;5;Z:\RandA\Work\AndresStrello\ILSAreport_checks\DB\TIMSS_4_2003.sav;NONE
Australia;ASMMAT0;   50,00;   90,00;ASBGSEX;BOY;GIRL;92,2454353696133;6,26155152228523;92,9245139850523;6,33351636950081;,679078615439028;7,27614055583472;,0933295076184965;TOTWGT;JRR;HALF;Y;25-FEB-26;22h31m;75;5;Z:\RandA\Work\AndresStrello\ILSAreport_checks\DB\TIMSS_4_2003.sav;NONE
Australia;ASMMAT0;   50,00;   90,00;ASBGSEX;BOY;BOY;92,2454353696133;6,26155152228523;92,2454353696133;6,26155152228523;0;0; ;TOTWGT;JRR;HALF;Y;25-FEB-26;22h31m;75;5;Z:\RandA\Work\AndresStrello\ILSAreport_checks\DB\TIMSS_4_2003.sav;NONE
Armenia;ASMMAT0;   10,00;   50,00;ASBGSEX;GIRL;GIRL;111,044624443751;5,0491464761741;111,044624443751;5,0491464761741;0;0; ;TOTWGT;JRR;HALF;Y;25-FEB-26;22h31m;75;5;Z:\RandA\Work\AndresStrello\ILSAreport_checks\DB\TIMSS_4_2003.sav;NONE
Armenia;ASMMAT0;   10,00;   50,00;ASBGSEX;GIRL;BOY;111,044624443751;5,0491464761741;126,362844120689;5,32889812087522;15,3182196769376;6,23867034293931;2,45536610125172;TOTWGT;JRR;HALF;Y;25-FEB-26;22h31m;75;5;Z:\RandA\Work\AndresStrello\ILSAreport_checks\DB\TIMSS_4_2003.sav;NONE
Armenia;ASMMAT0;   10,00;   50,00;ASBGSEX;BOY;GIRL;126,362844120689;5,32889812087522;111,044624443751;5,0491464761741;-15,3182196769376;6,23867034293931;-2,45536610125172;TOTWGT;JRR;HALF;Y;25-FEB-26;22h31m;75;5;Z:\RandA\Work\AndresStrello\ILSAreport_checks\DB\TIMSS_4_2003.sav;NONE
Armenia;ASMMAT0;   10,00;   50,00;ASBGSEX;BOY;BOY;126,362844120689;5,32889812087522;126,362844120689;5,32889812087522;0;0; ;TOTWGT;JRR;HALF;Y;25-FEB-26;22h31m;75;5;Z:\RandA\Work\AndresStrello\ILSAreport_checks\DB\TIMSS_4_2003.sav;NONE
Armenia;ASMMAT0;   10,00;   90,00;ASBGSEX;GIRL;GIRL;213,430411139908;4,02344062344651;213,430411139908;4,02344062344651;0;0; ;TOTWGT;JRR;HALF;Y;25-FEB-26;22h31m;75;5;Z:\RandA\Work\AndresStrello\ILSAreport_checks\DB\TIMSS_4_2003.sav;NONE
Armenia;ASMMAT0;   10,00;   90,00;ASBGSEX;GIRL;BOY;213,430411139908;4,02344062344651;231,815848388816;6,72752044652182;18,3854372489087;5,93687839756539;3,09681890342377;TOTWGT;JRR;HALF;Y;25-FEB-26;22h31m;75;5;Z:\RandA\Work\AndresStrello\ILSAreport_checks\DB\TIMSS_4_2003.sav;NONE
Armenia;ASMMAT0;   10,00;   90,00;ASBGSEX;BOY;GIRL;231,815848388816;6,72752044652182;213,430411139908;4,02344062344651;-18,3854372489087;5,93687839756539;-3,09681890342377;TOTWGT;JRR;HALF;Y;25-FEB-26;22h31m;75;5;Z:\RandA\Work\AndresStrello\ILSAreport_checks\DB\TIMSS_4_2003.sav;NONE
Armenia;ASMMAT0;   10,00;   90,00;ASBGSEX;BOY;BOY;231,815848388816;6,72752044652182;231,815848388816;6,72752044652182;0;0; ;TOTWGT;JRR;HALF;Y;25-FEB-26;22h31m;75;5;Z:\RandA\Work\AndresStrello\ILSAreport_checks\DB\TIMSS_4_2003.sav;NONE
Armenia;ASMMAT0;   50,00;   90,00;ASBGSEX;GIRL;GIRL;102,385786696156;5,07095754002537;102,385786696156;5,07095754002537;0;0; ;TOTWGT;JRR;HALF;Y;25-FEB-26;22h31m;75;5;Z:\RandA\Work\AndresStrello\ILSAreport_checks\DB\TIMSS_4_2003.sav;NONE
Armenia;ASMMAT0;   50,00;   90,00;ASBGSEX;GIRL;BOY;102,385786696156;5,07095754002537;105,453004268127;4,69475669780249;3,06721757197108;5,1975475764331;,590127849118413;TOTWGT;JRR;HALF;Y;25-FEB-26;22h31m;75;5;Z:\RandA\Work\AndresStrello\ILSAreport_checks\DB\TIMSS_4_2003.sav;NONE
Armenia;ASMMAT0;   50,00;   90,00;ASBGSEX;BOY;GIRL;105,453004268127;4,69475669780249;102,385786696156;5,07095754002537;-3,06721757197108;5,1975475764331;-,590127849118413;TOTWGT;JRR;HALF;Y;25-FEB-26;22h31m;75;5;Z:\RandA\Work\AndresStrello\ILSAreport_checks\DB\TIMSS_4_2003.sav;NONE
Armenia;ASMMAT0;   50,00;   90,00;ASBGSEX;BOY;BOY;105,453004268127;4,69475669780249;105,453004268127;4,69475669780249;0;0; ;TOTWGT;JRR;HALF;Y;25-FEB-26;22h31m;75;5;Z:\RandA\Work\AndresStrello\ILSAreport_checks\DB\TIMSS_4_2003.sav;NONE
Chinese Taipei;ASMMAT0;   10,00;   50,00;ASBGSEX;GIRL;GIRL;79,5458225291543;2,55156523306825;79,5458225291543;2,55156523306825;0;0; ;TOTWGT;JRR;HALF;Y;25-FEB-26;22h31m;75;5;Z:\RandA\Work\AndresStrello\ILSAreport_checks\DB\TIMSS_4_2003.sav;NONE
Chinese Taipei;ASMMAT0;   10,00;   50,00;ASBGSEX;GIRL;BOY;79,5458225291543;2,55156523306825;87,8436569244473;3,94221103661202;8,29783439529292;4,2662424835074;1,94499830409804;TOTWGT;JRR;HALF;Y;25-FEB-26;22h31m;75;5;Z:\RandA\Work\AndresStrello\ILSAreport_checks\DB\TIMSS_4_2003.sav;NONE
Chinese Taipei;ASMMAT0;   10,00;   50,00;ASBGSEX;BOY;GIRL;87,8436569244473;3,94221103661202;79,5458225291543;2,55156523306825;-8,29783439529292;4,2662424835074;-1,94499830409804;TOTWGT;JRR;HALF;Y;25-FEB-26;22h31m;75;5;Z:\RandA\Work\AndresStrello\ILSAreport_checks\DB\TIMSS_4_2003.sav;NONE
Chinese Taipei;ASMMAT0;   10,00;   50,00;ASBGSEX;BOY;BOY;87,8436569244473;3,94221103661202;87,8436569244473;3,94221103661202;0;0; ;TOTWGT;JRR;HALF;Y;25-FEB-26;22h31m;75;5;Z:\RandA\Work\AndresStrello\ILSAreport_checks\DB\TIMSS_4_2003.sav;NONE
Chinese Taipei;ASMMAT0;   10,00;   90,00;ASBGSEX;GIRL;GIRL;150,901660230776;4,60814551027228;150,901660230776;4,60814551027228;0;0; ;TOTWGT;JRR;HALF;Y;25-FEB-26;22h31m;75;5;Z:\RandA\Work\AndresStrello\ILSAreport_checks\DB\TIMSS_4_2003.sav;NONE
Chinese Taipei;ASMMAT0;   10,00;   90,00;ASBGSEX;GIRL;BOY;150,901660230776;4,60814551027228;164,941071339957;4,88961097024876;14,039411109182;6,6475061610339;2,11198166185654;TOTWGT;JRR;HALF;Y;25-FEB-26;22h31m;75;5;Z:\RandA\Work\AndresStrello\ILSAreport_checks\DB\TIMSS_4_2003.sav;NONE
Chinese Taipei;ASMMAT0;   10,00;   90,00;ASBGSEX;BOY;GIRL;164,941071339957;4,88961097024876;150,901660230776;4,60814551027228;-14,039411109182;6,6475061610339;-2,11198166185654;TOTWGT;JRR;HALF;Y;25-FEB-26;22h31m;75;5;Z:\RandA\Work\AndresStrello\ILSAreport_checks\DB\TIMSS_4_2003.sav;NONE
Chinese Taipei;ASMMAT0;   10,00;   90,00;ASBGSEX;BOY;BOY;164,941071339957;4,88961097024876;164,941071339957;4,88961097024876;0;0; ;TOTWGT;JRR;HALF;Y;25-FEB-26;22h31m;75;5;Z:\RandA\Work\AndresStrello\ILSAreport_checks\DB\TIMSS_4_2003.sav;NONE
Chinese Taipei;ASMMAT0;   50,00;   90,00;ASBGSEX;GIRL;GIRL;71,3558377016212;3,66763669473428;71,3558377016212;3,66763669473428;0;0; ;TOTWGT;JRR;HALF;Y;25-FEB-26;22h31m;75;5;Z:\RandA\Work\AndresStrello\ILSAreport_checks\DB\TIMSS_4_2003.sav;NONE
Chinese Taipei;ASMMAT0;   50,00;   90,00;ASBGSEX;GIRL;BOY;71,3558377016212;3,66763669473428;77,0974144155102;3,14873898379816;5,74157671388905;4,98642785421631;1,15144084738621;TOTWGT;JRR;HALF;Y;25-FEB-26;22h31m;75;5;Z:\RandA\Work\AndresStrello\ILSAreport_checks\DB\TIMSS_4_2003.sav;NONE
Chinese Taipei;ASMMAT0;   50,00;   90,00;ASBGSEX;BOY;GIRL;77,0974144155102;3,14873898379816;71,3558377016212;3,66763669473428;-5,74157671388905;4,98642785421631;-1,15144084738621;TOTWGT;JRR;HALF;Y;25-FEB-26;22h31m;75;5;Z:\RandA\Work\AndresStrello\ILSAreport_checks\DB\TIMSS_4_2003.sav;NONE
Chinese Taipei;ASMMAT0;   50,00;   90,00;ASBGSEX;BOY;BOY;77,0974144155102;3,14873898379816;77,0974144155102;3,14873898379816;0;0; ;TOTWGT;JRR;HALF;Y;25-FEB-26;22h31m;75;5;Z:\RandA\Work\AndresStrello\ILSAreport_checks\DB\TIMSS_4_2003.sav;NONE
Cyprus;ASMMAT0;   10,00;   50,00;ASBGSEX;GIRL;GIRL;116,405916947656;5,0142189040487;116,405916947656;5,0142189040487;0;0; ;TOTWGT;JRR;HALF;Y;25-FEB-26;22h31m;75;5;Z:\RandA\Work\AndresStrello\ILSAreport_checks\DB\TIMSS_4_2003.sav;NONE
Cyprus;ASMMAT0;   10,00;   50,00;ASBGSEX;GIRL;BOY;116,405916947656;5,0142189040487;122,875568472636;5,09752049208339;6,46965152498047;7,87365973650528;,821682894802363;TOTWGT;JRR;HALF;Y;25-FEB-26;22h31m;75;5;Z:\RandA\Work\AndresStrello\ILSAreport_checks\DB\TIMSS_4_2003.sav;NONE
Cyprus;ASMMAT0;   10,00;   50,00;ASBGSEX;BOY;GIRL;122,875568472636;5,09752049208339;116,405916947656;5,0142189040487;-6,46965152498047;7,87365973650528;-,821682894802363;TOTWGT;JRR;HALF;Y;25-FEB-26;22h31m;75;5;Z:\RandA\Work\AndresStrello\ILSAreport_checks\DB\TIMSS_4_2003.sav;NONE
Cyprus;ASMMAT0;   10,00;   50,00;ASBGSEX;BOY;BOY;122,875568472636;5,09752049208339;122,875568472636;5,09752049208339;0;0; ;TOTWGT;JRR;HALF;Y;25-FEB-26;22h31m;75;5;Z:\RandA\Work\AndresStrello\ILSAreport_checks\DB\TIMSS_4_2003.sav;NONE
Cyprus;ASMMAT0;   10,00;   90,00;ASBGSEX;GIRL;GIRL;209,328713557075;6,87007618838136;209,328713557075;6,87007618838136;0;0; ;TOTWGT;JRR;HALF;Y;25-FEB-26;22h31m;75;5;Z:\RandA\Work\AndresStrello\ILSAreport_checks\DB\TIMSS_4_2003.sav;NONE
Cyprus;ASMMAT0;   10,00;   90,00;ASBGSEX;GIRL;BOY;209,328713557075;6,87007618838136;225,408875063218;5,65638592674306;16,0801615061428;9,2114549966947;1,74567009358595;TOTWGT;JRR;HALF;Y;25-FEB-26;22h31m;75;5;Z:\RandA\Work\AndresStrello\ILSAreport_checks\DB\TIMSS_4_2003.sav;NONE
Cyprus;ASMMAT0;   10,00;   90,00;ASBGSEX;BOY;GIRL;225,408875063218;5,65638592674306;209,328713557075;6,87007618838136;-16,0801615061428;9,2114549966947;-1,74567009358595;TOTWGT;JRR;HALF;Y;25-FEB-26;22h31m;75;5;Z:\RandA\Work\AndresStrello\ILSAreport_checks\DB\TIMSS_4_2003.sav;NONE
Cyprus;ASMMAT0;   10,00;   90,00;ASBGSEX;BOY;BOY;225,408875063218;5,65638592674306;225,408875063218;5,65638592674306;0;0; ;TOTWGT;JRR;HALF;Y;25-FEB-26;22h31m;75;5;Z:\RandA\Work\AndresStrello\ILSAreport_checks\DB\TIMSS_4_2003.sav;NONE
Cyprus;ASMMAT0;   50,00;   90,00;ASBGSEX;GIRL;GIRL;92,9227966094192;4,97130405483755;92,9227966094192;4,97130405483755;0;0; ;TOTWGT;JRR;HALF;Y;25-FEB-26;22h31m;75;5;Z:\RandA\Work\AndresStrello\ILSAreport_checks\DB\TIMSS_4_2003.sav;NONE
Cyprus;ASMMAT0;   50,00;   90,00;ASBGSEX;GIRL;BOY;92,9227966094192;4,97130405483755;102,533306590581;4,55717206853404;9,61050998116228;7,49901114726229;1,28157030206187;TOTWGT;JRR;HALF;Y;25-FEB-26;22h31m;75;5;Z:\RandA\Work\AndresStrello\ILSAreport_checks\DB\TIMSS_4_2003.sav;NONE
Cyprus;ASMMAT0;   50,00;   90,00;ASBGSEX;BOY;GIRL;102,533306590581;4,55717206853404;92,9227966094192;4,97130405483755;-9,61050998116228;7,49901114726229;-1,28157030206187;TOTWGT;JRR;HALF;Y;25-FEB-26;22h31m;75;5;Z:\RandA\Work\AndresStrello\ILSAreport_checks\DB\TIMSS_4_2003.sav;NONE
Cyprus;ASMMAT0;   50,00;   90,00;ASBGSEX;BOY;BOY;102,533306590581;4,55717206853404;102,533306590581;4,55717206853404;0;0; ;TOTWGT;JRR;HALF;Y;25-FEB-26;22h31m;75;5;Z:\RandA\Work\AndresStrello\ILSAreport_checks\DB\TIMSS_4_2003.sav;NONE
Hong Kong, SAR;ASMMAT0;   10,00;   50,00;ASBGSEX;GIRL;GIRL;78,3422653263827;4,20237879668907;78,3422653263827;4,20237879668907;0;0; ;TOTWGT;JRR;HALF;Y;25-FEB-26;22h31m;75;5;Z:\RandA\Work\AndresStrello\ILSAreport_checks\DB\TIMSS_4_2003.sav;NONE
Hong Kong, SAR;ASMMAT0;   10,00;   50,00;ASBGSEX;GIRL;BOY;78,3422653263827;4,20237879668907;92,2473055525844;4,45026986210556;13,9050402262017;4,22845719109107;3,28844294687391;TOTWGT;JRR;HALF;Y;25-FEB-26;22h31m;75;5;Z:\RandA\Work\AndresStrello\ILSAreport_checks\DB\TIMSS_4_2003.sav;NONE
Hong Kong, SAR;ASMMAT0;   10,00;   50,00;ASBGSEX;BOY;GIRL;92,2473055525844;4,45026986210556;78,3422653263827;4,20237879668907;-13,9050402262017;4,22845719109107;-3,28844294687391;TOTWGT;JRR;HALF;Y;25-FEB-26;22h31m;75;5;Z:\RandA\Work\AndresStrello\ILSAreport_checks\DB\TIMSS_4_2003.sav;NONE
Hong Kong, SAR;ASMMAT0;   10,00;   50,00;ASBGSEX;BOY;BOY;92,2473055525844;4,45026986210556;92,2473055525844;4,45026986210556;0;0; ;TOTWGT;JRR;HALF;Y;25-FEB-26;22h31m;75;5;Z:\RandA\Work\AndresStrello\ILSAreport_checks\DB\TIMSS_4_2003.sav;NONE
Hong Kong, SAR;ASMMAT0;   10,00;   90,00;ASBGSEX;GIRL;GIRL;151,159940563627;6,79387148583169;151,159940563627;6,79387148583169;0;0; ;TOTWGT;JRR;HALF;Y;25-FEB-26;22h31m;75;5;Z:\RandA\Work\AndresStrello\ILSAreport_checks\DB\TIMSS_4_2003.sav;NONE
Hong Kong, SAR;ASMMAT0;   10,00;   90,00;ASBGSEX;GIRL;BOY;151,159940563627;6,79387148583169;170,340933379072;5,82037917026723;19,1809928154447;7,0216306464349;2,73170062358428;TOTWGT;JRR;HALF;Y;25-FEB-26;22h31m;75;5;Z:\RandA\Work\AndresStrello\ILSAreport_checks\DB\TIMSS_4_2003.sav;NONE
Hong Kong, SAR;ASMMAT0;   10,00;   90,00;ASBGSEX;BOY;GIRL;170,340933379072;5,82037917026723;151,159940563627;6,79387148583169;-19,1809928154447;7,0216306464349;-2,73170062358428;TOTWGT;JRR;HALF;Y;25-FEB-26;22h31m;75;5;Z:\RandA\Work\AndresStrello\ILSAreport_checks\DB\TIMSS_4_2003.sav;NONE
Hong Kong, SAR;ASMMAT0;   10,00;   90,00;ASBGSEX;BOY;BOY;170,340933379072;5,82037917026723;170,340933379072;5,82037917026723;0;0; ;TOTWGT;JRR;HALF;Y;25-FEB-26;22h31m;75;5;Z:\RandA\Work\AndresStrello\ILSAreport_checks\DB\TIMSS_4_2003.sav;NONE
Hong Kong, SAR;ASMMAT0;   50,00;   90,00;ASBGSEX;GIRL;GIRL;72,8176752372444;5,23873189288966;72,8176752372444;5,23873189288966;0;0; ;TOTWGT;JRR;HALF;Y;25-FEB-26;22h31m;75;5;Z:\RandA\Work\AndresStrello\ILSAreport_checks\DB\TIMSS_4_2003.sav;NONE
Hong Kong, SAR;ASMMAT0;   50,00;   90,00;ASBGSEX;GIRL;BOY;72,8176752372444;5,23873189288966;78,0936278264874;4,30136559159884;5,27595258924302;6,9446968188891;,75970956354679;TOTWGT;JRR;HALF;Y;25-FEB-26;22h31m;75;5;Z:\RandA\Work\AndresStrello\ILSAreport_checks\DB\TIMSS_4_2003.sav;NONE
Hong Kong, SAR;ASMMAT0;   50,00;   90,00;ASBGSEX;BOY;GIRL;78,0936278264874;4,30136559159884;72,8176752372444;5,23873189288966;-5,27595258924302;6,9446968188891;-,75970956354679;TOTWGT;JRR;HALF;Y;25-FEB-26;22h31m;75;5;Z:\RandA\Work\AndresStrello\ILSAreport_checks\DB\TIMSS_4_2003.sav;NONE
Hong Kong, SAR;ASMMAT0;   50,00;   90,00;ASBGSEX;BOY;BOY;78,0936278264874;4,30136559159884;78,0936278264874;4,30136559159884;0;0; ;TOTWGT;JRR;HALF;Y;25-FEB-26;22h31m;75;5;Z:\RandA\Work\AndresStrello\ILSAreport_checks\DB\TIMSS_4_2003.sav;NONE
Hungary;ASMMAT0;   10,00;   50,00;ASBGSEX;GIRL;GIRL;108,469093799056;6,29561198350554;108,469093799056;6,29561198350554;0;0; ;TOTWGT;JRR;HALF;Y;25-FEB-26;22h31m;75;5;Z:\RandA\Work\AndresStrello\ILSAreport_checks\DB\TIMSS_4_2003.sav;NONE
Hungary;ASMMAT0;   10,00;   50,00;ASBGSEX;GIRL;BOY;108,469093799056;6,29561198350554;109,209957781107;7,34656437080163;,740863982051189;9,40280974617303;,0787917656584218;TOTWGT;JRR;HALF;Y;25-FEB-26;22h31m;75;5;Z:\RandA\Work\AndresStrello\ILSAreport_checks\DB\TIMSS_4_2003.sav;NONE
Hungary;ASMMAT0;   10,00;   50,00;ASBGSEX;BOY;GIRL;109,209957781107;7,34656437080163;108,469093799056;6,29561198350554;-,740863982051189;9,40280974617303;-,0787917656584218;TOTWGT;JRR;HALF;Y;25-FEB-26;22h31m;75;5;Z:\RandA\Work\AndresStrello\ILSAreport_checks\DB\TIMSS_4_2003.sav;NONE
Hungary;ASMMAT0;   10,00;   50,00;ASBGSEX;BOY;BOY;109,209957781107;7,34656437080163;109,209957781107;7,34656437080163;0;0; ;TOTWGT;JRR;HALF;Y;25-FEB-26;22h31m;75;5;Z:\RandA\Work\AndresStrello\ILSAreport_checks\DB\TIMSS_4_2003.sav;NONE
Hungary;ASMMAT0;   10,00;   90,00;ASBGSEX;GIRL;GIRL;196,297468674686;7,54123413978899;196,297468674686;7,54123413978899;0;0; ;TOTWGT;JRR;HALF;Y;25-FEB-26;22h31m;75;5;Z:\RandA\Work\AndresStrello\ILSAreport_checks\DB\TIMSS_4_2003.sav;NONE
Hungary;ASMMAT0;   10,00;   90,00;ASBGSEX;GIRL;BOY;196,297468674686;7,54123413978899;201,096068931915;8,17566079021835;4,798600257229;10,6510179196562;,450529732784815;TOTWGT;JRR;HALF;Y;25-FEB-26;22h31m;75;5;Z:\RandA\Work\AndresStrello\ILSAreport_checks\DB\TIMSS_4_2003.sav;NONE
Hungary;ASMMAT0;   10,00;   90,00;ASBGSEX;BOY;GIRL;201,096068931915;8,17566079021835;196,297468674686;7,54123413978899;-4,798600257229;10,6510179196562;-,450529732784815;TOTWGT;JRR;HALF;Y;25-FEB-26;22h31m;75;5;Z:\RandA\Work\AndresStrello\ILSAreport_checks\DB\TIMSS_4_2003.sav;NONE
Hungary;ASMMAT0;   10,00;   90,00;ASBGSEX;BOY;BOY;201,096068931915;8,17566079021835;201,096068931915;8,17566079021835;0;0; ;TOTWGT;JRR;HALF;Y;25-FEB-26;22h31m;75;5;Z:\RandA\Work\AndresStrello\ILSAreport_checks\DB\TIMSS_4_2003.sav;NONE
Hungary;ASMMAT0;   50,00;   90,00;ASBGSEX;GIRL;GIRL;87,8283748756303;5,85747986988134;87,8283748756303;5,85747986988134;0;0; ;TOTWGT;JRR;HALF;Y;25-FEB-26;22h31m;75;5;Z:\RandA\Work\AndresStrello\ILSAreport_checks\DB\TIMSS_4_2003.sav;NONE
Hungary;ASMMAT0;   50,00;   90,00;ASBGSEX;GIRL;BOY;87,8283748756303;5,85747986988134;91,8861111508081;4,21303609015098;4,05773627517781;7,01576414589329;,578374100211596;TOTWGT;JRR;HALF;Y;25-FEB-26;22h31m;75;5;Z:\RandA\Work\AndresStrello\ILSAreport_checks\DB\TIMSS_4_2003.sav;NONE
Hungary;ASMMAT0;   50,00;   90,00;ASBGSEX;BOY;GIRL;91,8861111508081;4,21303609015098;87,8283748756303;5,85747986988134;-4,05773627517781;7,01576414589329;-,578374100211596;TOTWGT;JRR;HALF;Y;25-FEB-26;22h31m;75;5;Z:\RandA\Work\AndresStrello\ILSAreport_checks\DB\TIMSS_4_2003.sav;NONE
Hungary;ASMMAT0;   50,00;   90,00;ASBGSEX;BOY;BOY;91,8861111508081;4,21303609015098;91,8861111508081;4,21303609015098;0;0; ;TOTWGT;JRR;HALF;Y;25-FEB-26;22h31m;75;5;Z:\RandA\Work\AndresStrello\ILSAreport_checks\DB\TIMSS_4_2003.sav;NONE
Iran, Islamic Republic of;ASMMAT0;   10,00;   50,00;ASBGSEX;GIRL;GIRL;109,871321807132;9,29495708695207;109,871321807132;9,29495708695207;0;0; ;TOTWGT;JRR;HALF;Y;25-FEB-26;22h31m;75;5;Z:\RandA\Work\AndresStrello\ILSAreport_checks\DB\TIMSS_4_2003.sav;NONE
Iran, Islamic Republic of;ASMMAT0;   10,00;   50,00;ASBGSEX;GIRL;BOY;109,871321807132;9,29495708695207;112,139819519899;5,23587946494238;2,26849771276752;11,0743301354784;,204842883047167;TOTWGT;JRR;HALF;Y;25-FEB-26;22h31m;75;5;Z:\RandA\Work\AndresStrello\ILSAreport_checks\DB\TIMSS_4_2003.sav;NONE
Iran, Islamic Republic of;ASMMAT0;   10,00;   50,00;ASBGSEX;BOY;GIRL;112,139819519899;5,23587946494238;109,871321807132;9,29495708695207;-2,26849771276752;11,0743301354784;-,204842883047167;TOTWGT;JRR;HALF;Y;25-FEB-26;22h31m;75;5;Z:\RandA\Work\AndresStrello\ILSAreport_checks\DB\TIMSS_4_2003.sav;NONE
Iran, Islamic Republic of;ASMMAT0;   10,00;   50,00;ASBGSEX;BOY;BOY;112,139819519899;5,23587946494238;112,139819519899;5,23587946494238;0;0; ;TOTWGT;JRR;HALF;Y;25-FEB-26;22h31m;75;5;Z:\RandA\Work\AndresStrello\ILSAreport_checks\DB\TIMSS_4_2003.sav;NONE
Iran, Islamic Republic of;ASMMAT0;   10,00;   90,00;ASBGSEX;GIRL;GIRL;215,87492079796;11,2946247953514;215,87492079796;11,2946247953514;0;0; ;TOTWGT;JRR;HALF;Y;25-FEB-26;22h31m;75;5;Z:\RandA\Work\AndresStrello\ILSAreport_checks\DB\TIMSS_4_2003.sav;NONE
Iran, Islamic Republic of;ASMMAT0;   10,00;   90,00;ASBGSEX;GIRL;BOY;215,87492079796;11,2946247953514;225,174208271336;8,16117008097236;9,29928747337583;13,3112674690151;,698602705942311;TOTWGT;JRR;HALF;Y;25-FEB-26;22h31m;75;5;Z:\RandA\Work\AndresStrello\ILSAreport_checks\DB\TIMSS_4_2003.sav;NONE
Iran, Islamic Republic of;ASMMAT0;   10,00;   90,00;ASBGSEX;BOY;GIRL;225,174208271336;8,16117008097236;215,87492079796;11,2946247953514;-9,29928747337583;13,3112674690151;-,698602705942311;TOTWGT;JRR;HALF;Y;25-FEB-26;22h31m;75;5;Z:\RandA\Work\AndresStrello\ILSAreport_checks\DB\TIMSS_4_2003.sav;NONE
Iran, Islamic Republic of;ASMMAT0;   10,00;   90,00;ASBGSEX;BOY;BOY;225,174208271336;8,16117008097236;225,174208271336;8,16117008097236;0;0; ;TOTWGT;JRR;HALF;Y;25-FEB-26;22h31m;75;5;Z:\RandA\Work\AndresStrello\ILSAreport_checks\DB\TIMSS_4_2003.sav;NONE
Iran, Islamic Republic of;ASMMAT0;   50,00;   90,00;ASBGSEX;GIRL;GIRL;106,003598990828;5,14829170292426;106,003598990828;5,14829170292426;0;0; ;TOTWGT;JRR;HALF;Y;25-FEB-26;22h31m;75;5;Z:\RandA\Work\AndresStrello\ILSAreport_checks\DB\TIMSS_4_2003.sav;NONE
Iran, Islamic Republic of;ASMMAT0;   50,00;   90,00;ASBGSEX;GIRL;BOY;106,003598990828;5,14829170292426;113,034388751437;5,95604439284209;7,03078976060831;6,81385188212689;1,03183777432123;TOTWGT;JRR;HALF;Y;25-FEB-26;22h31m;75;5;Z:\RandA\Work\AndresStrello\ILSAreport_checks\DB\TIMSS_4_2003.sav;NONE
Iran, Islamic Republic of;ASMMAT0;   50,00;   90,00;ASBGSEX;BOY;GIRL;113,034388751437;5,95604439284209;106,003598990828;5,14829170292426;-7,03078976060831;6,81385188212689;-1,03183777432123;TOTWGT;JRR;HALF;Y;25-FEB-26;22h31m;75;5;Z:\RandA\Work\AndresStrello\ILSAreport_checks\DB\TIMSS_4_2003.sav;NONE
Iran, Islamic Republic of;ASMMAT0;   50,00;   90,00;ASBGSEX;BOY;BOY;113,034388751437;5,95604439284209;113,034388751437;5,95604439284209;0;0; ;TOTWGT;JRR;HALF;Y;25-FEB-26;22h31m;75;5;Z:\RandA\Work\AndresStrello\ILSAreport_checks\DB\TIMSS_4_2003.sav;NONE
Italy;ASMMAT0;   10,00;   50,00;ASBGSEX;GIRL;GIRL;104,685444369991;5,46190817484655;104,685444369991;5,46190817484655;0;0; ;TOTWGT;JRR;HALF;Y;25-FEB-26;22h31m;75;5;Z:\RandA\Work\AndresStrello\ILSAreport_checks\DB\TIMSS_4_2003.sav;NONE
Italy;ASMMAT0;   10,00;   50,00;ASBGSEX;GIRL;BOY;104,685444369991;5,46190817484655;120,025840715572;4,56959473829765;15,3403963455801;6,79254318092801;2,25841719912104;TOTWGT;JRR;HALF;Y;25-FEB-26;22h31m;75;5;Z:\RandA\Work\AndresStrello\ILSAreport_checks\DB\TIMSS_4_2003.sav;NONE
Italy;ASMMAT0;   10,00;   50,00;ASBGSEX;BOY;GIRL;120,025840715572;4,56959473829765;104,685444369991;5,46190817484655;-15,3403963455801;6,79254318092801;-2,25841719912104;TOTWGT;JRR;HALF;Y;25-FEB-26;22h31m;75;5;Z:\RandA\Work\AndresStrello\ILSAreport_checks\DB\TIMSS_4_2003.sav;NONE
Italy;ASMMAT0;   10,00;   50,00;ASBGSEX;BOY;BOY;120,025840715572;4,56959473829765;120,025840715572;4,56959473829765;0;0; ;TOTWGT;JRR;HALF;Y;25-FEB-26;22h31m;75;5;Z:\RandA\Work\AndresStrello\ILSAreport_checks\DB\TIMSS_4_2003.sav;NONE
Italy;ASMMAT0;   10,00;   90,00;ASBGSEX;GIRL;GIRL;203,160452089601;8,4540403973503;203,160452089601;8,4540403973503;0;0; ;TOTWGT;JRR;HALF;Y;25-FEB-26;22h31m;75;5;Z:\RandA\Work\AndresStrello\ILSAreport_checks\DB\TIMSS_4_2003.sav;NONE
Italy;ASMMAT0;   10,00;   90,00;ASBGSEX;GIRL;BOY;203,160452089601;8,4540403973503;215,475256491352;7,38497151277901;12,3148044017512;9,04786084843016;1,3610735850218;TOTWGT;JRR;HALF;Y;25-FEB-26;22h31m;75;5;Z:\RandA\Work\AndresStrello\ILSAreport_checks\DB\TIMSS_4_2003.sav;NONE
Italy;ASMMAT0;   10,00;   90,00;ASBGSEX;BOY;GIRL;215,475256491352;7,38497151277901;203,160452089601;8,4540403973503;-12,3148044017512;9,04786084843016;-1,3610735850218;TOTWGT;JRR;HALF;Y;25-FEB-26;22h31m;75;5;Z:\RandA\Work\AndresStrello\ILSAreport_checks\DB\TIMSS_4_2003.sav;NONE
Italy;ASMMAT0;   10,00;   90,00;ASBGSEX;BOY;BOY;215,475256491352;7,38497151277901;215,475256491352;7,38497151277901;0;0; ;TOTWGT;JRR;HALF;Y;25-FEB-26;22h31m;75;5;Z:\RandA\Work\AndresStrello\ILSAreport_checks\DB\TIMSS_4_2003.sav;NONE
Italy;ASMMAT0;   50,00;   90,00;ASBGSEX;GIRL;GIRL;98,4750077196093;7,3337574187029;98,4750077196093;7,3337574187029;0;0; ;TOTWGT;JRR;HALF;Y;25-FEB-26;22h31m;75;5;Z:\RandA\Work\AndresStrello\ILSAreport_checks\DB\TIMSS_4_2003.sav;NONE
Italy;ASMMAT0;   50,00;   90,00;ASBGSEX;GIRL;BOY;98,4750077196093;7,3337574187029;95,4494157757803;5,23065160702713;-3,02559194382895;6,68859629235926;-,452350808985923;TOTWGT;JRR;HALF;Y;25-FEB-26;22h31m;75;5;Z:\RandA\Work\AndresStrello\ILSAreport_checks\DB\TIMSS_4_2003.sav;NONE
Italy;ASMMAT0;   50,00;   90,00;ASBGSEX;BOY;GIRL;95,4494157757803;5,23065160702713;98,4750077196093;7,3337574187029;3,02559194382895;6,68859629235926;,452350808985923;TOTWGT;JRR;HALF;Y;25-FEB-26;22h31m;75;5;Z:\RandA\Work\AndresStrello\ILSAreport_checks\DB\TIMSS_4_2003.sav;NONE
Italy;ASMMAT0;   50,00;   90,00;ASBGSEX;BOY;BOY;95,4494157757803;5,23065160702713;95,4494157757803;5,23065160702713;0;0; ;TOTWGT;JRR;HALF;Y;25-FEB-26;22h31m;75;5;Z:\RandA\Work\AndresStrello\ILSAreport_checks\DB\TIMSS_4_2003.sav;NONE
Japan;ASMMAT0;   10,00;   50,00;ASBGSEX;GIRL;GIRL;90,6204105079224;3,82446448673099;90,6204105079224;3,82446448673099;0;0; ;TOTWGT;JRR;HALF;Y;25-FEB-26;22h31m;75;5;Z:\RandA\Work\AndresStrello\ILSAreport_checks\DB\TIMSS_4_2003.sav;NONE
Japan;ASMMAT0;   10,00;   50,00;ASBGSEX;GIRL;BOY;90,6204105079224;3,82446448673099;104,370574624736;3,42554940216021;13,7501641168134;4,45902555028653;3,08367017899905;TOTWGT;JRR;HALF;Y;25-FEB-26;22h31m;75;5;Z:\RandA\Work\AndresStrello\ILSAreport_checks\DB\TIMSS_4_2003.sav;NONE
Japan;ASMMAT0;   10,00;   50,00;ASBGSEX;BOY;GIRL;104,370574624736;3,42554940216021;90,6204105079224;3,82446448673099;-13,7501641168134;4,45902555028653;-3,08367017899905;TOTWGT;JRR;HALF;Y;25-FEB-26;22h31m;75;5;Z:\RandA\Work\AndresStrello\ILSAreport_checks\DB\TIMSS_4_2003.sav;NONE
Japan;ASMMAT0;   10,00;   50,00;ASBGSEX;BOY;BOY;104,370574624736;3,42554940216021;104,370574624736;3,42554940216021;0;0; ;TOTWGT;JRR;HALF;Y;25-FEB-26;22h31m;75;5;Z:\RandA\Work\AndresStrello\ILSAreport_checks\DB\TIMSS_4_2003.sav;NONE
Japan;ASMMAT0;   10,00;   90,00;ASBGSEX;GIRL;GIRL;175,871565618775;4,03194854584685;175,871565618775;4,03194854584685;0;0; ;TOTWGT;JRR;HALF;Y;25-FEB-26;22h31m;75;5;Z:\RandA\Work\AndresStrello\ILSAreport_checks\DB\TIMSS_4_2003.sav;NONE
Japan;ASMMAT0;   10,00;   90,00;ASBGSEX;GIRL;BOY;175,871565618775;4,03194854584685;194,51558694829;5,75570227450444;18,644021329515;6,64660336208549;2,8050449701673;TOTWGT;JRR;HALF;Y;25-FEB-26;22h31m;75;5;Z:\RandA\Work\AndresStrello\ILSAreport_checks\DB\TIMSS_4_2003.sav;NONE
Japan;ASMMAT0;   10,00;   90,00;ASBGSEX;BOY;GIRL;194,51558694829;5,75570227450444;175,871565618775;4,03194854584685;-18,644021329515;6,64660336208549;-2,8050449701673;TOTWGT;JRR;HALF;Y;25-FEB-26;22h31m;75;5;Z:\RandA\Work\AndresStrello\ILSAreport_checks\DB\TIMSS_4_2003.sav;NONE
Japan;ASMMAT0;   10,00;   90,00;ASBGSEX;BOY;BOY;194,51558694829;5,75570227450444;194,51558694829;5,75570227450444;0;0; ;TOTWGT;JRR;HALF;Y;25-FEB-26;22h31m;75;5;Z:\RandA\Work\AndresStrello\ILSAreport_checks\DB\TIMSS_4_2003.sav;NONE
Japan;ASMMAT0;   50,00;   90,00;ASBGSEX;GIRL;GIRL;85,2511551108525;3,08878070909589;85,2511551108525;3,08878070909589;0;0; ;TOTWGT;JRR;HALF;Y;25-FEB-26;22h31m;75;5;Z:\RandA\Work\AndresStrello\ILSAreport_checks\DB\TIMSS_4_2003.sav;NONE
Japan;ASMMAT0;   50,00;   90,00;ASBGSEX;GIRL;BOY;85,2511551108525;3,08878070909589;90,1450123235541;4,91131846517847;4,89385721270155;5,94525499242546;,823153459176529;TOTWGT;JRR;HALF;Y;25-FEB-26;22h31m;75;5;Z:\RandA\Work\AndresStrello\ILSAreport_checks\DB\TIMSS_4_2003.sav;NONE
Japan;ASMMAT0;   50,00;   90,00;ASBGSEX;BOY;GIRL;90,1450123235541;4,91131846517847;85,2511551108525;3,08878070909589;-4,89385721270155;5,94525499242546;-,823153459176529;TOTWGT;JRR;HALF;Y;25-FEB-26;22h31m;75;5;Z:\RandA\Work\AndresStrello\ILSAreport_checks\DB\TIMSS_4_2003.sav;NONE
Japan;ASMMAT0;   50,00;   90,00;ASBGSEX;BOY;BOY;90,1450123235541;4,91131846517847;90,1450123235541;4,91131846517847;0;0; ;TOTWGT;JRR;HALF;Y;25-FEB-26;22h31m;75;5;Z:\RandA\Work\AndresStrello\ILSAreport_checks\DB\TIMSS_4_2003.sav;NONE
Latvia;ASMMAT0;   10,00;   50,00;ASBGSEX;GIRL;GIRL;94,4708513483725;7,21748522121549;94,4708513483725;7,21748522121549;0;0; ;TOTWGT;JRR;HALF;Y;25-FEB-26;22h31m;75;5;Z:\RandA\Work\AndresStrello\ILSAreport_checks\DB\TIMSS_4_2003.sav;NONE
Latvia;ASMMAT0;   10,00;   50,00;ASBGSEX;GIRL;BOY;94,4708513483725;7,21748522121549;108,310098109324;7,88955193151794;13,8392467609514;9,79616421945629;1,41272098455282;TOTWGT;JRR;HALF;Y;25-FEB-26;22h31m;75;5;Z:\RandA\Work\AndresStrello\ILSAreport_checks\DB\TIMSS_4_2003.sav;NONE
Latvia;ASMMAT0;   10,00;   50,00;ASBGSEX;BOY;GIRL;108,310098109324;7,88955193151794;94,4708513483725;7,21748522121549;-13,8392467609514;9,79616421945629;-1,41272098455282;TOTWGT;JRR;HALF;Y;25-FEB-26;22h31m;75;5;Z:\RandA\Work\AndresStrello\ILSAreport_checks\DB\TIMSS_4_2003.sav;NONE
Latvia;ASMMAT0;   10,00;   50,00;ASBGSEX;BOY;BOY;108,310098109324;7,88955193151794;108,310098109324;7,88955193151794;0;0; ;TOTWGT;JRR;HALF;Y;25-FEB-26;22h31m;75;5;Z:\RandA\Work\AndresStrello\ILSAreport_checks\DB\TIMSS_4_2003.sav;NONE
Latvia;ASMMAT0;   10,00;   90,00;ASBGSEX;GIRL;GIRL;179,319090548318;9,02430074435203;179,319090548318;9,02430074435203;0;0; ;TOTWGT;JRR;HALF;Y;25-FEB-26;22h31m;75;5;Z:\RandA\Work\AndresStrello\ILSAreport_checks\DB\TIMSS_4_2003.sav;NONE
Latvia;ASMMAT0;   10,00;   90,00;ASBGSEX;GIRL;BOY;179,319090548318;9,02430074435203;193,263337347452;8,05737333315701;13,9442467991339;12,045281091985;1,15765225341337;TOTWGT;JRR;HALF;Y;25-FEB-26;22h31m;75;5;Z:\RandA\Work\AndresStrello\ILSAreport_checks\DB\TIMSS_4_2003.sav;NONE
Latvia;ASMMAT0;   10,00;   90,00;ASBGSEX;BOY;GIRL;193,263337347452;8,05737333315701;179,319090548318;9,02430074435203;-13,9442467991339;12,045281091985;-1,15765225341337;TOTWGT;JRR;HALF;Y;25-FEB-26;22h31m;75;5;Z:\RandA\Work\AndresStrello\ILSAreport_checks\DB\TIMSS_4_2003.sav;NONE
Latvia;ASMMAT0;   10,00;   90,00;ASBGSEX;BOY;BOY;193,263337347452;8,05737333315701;193,263337347452;8,05737333315701;0;0; ;TOTWGT;JRR;HALF;Y;25-FEB-26;22h31m;75;5;Z:\RandA\Work\AndresStrello\ILSAreport_checks\DB\TIMSS_4_2003.sav;NONE
Latvia;ASMMAT0;   50,00;   90,00;ASBGSEX;GIRL;GIRL;84,8482391999452;4,61002341463211;84,8482391999452;4,61002341463211;0;0; ;TOTWGT;JRR;HALF;Y;25-FEB-26;22h31m;75;5;Z:\RandA\Work\AndresStrello\ILSAreport_checks\DB\TIMSS_4_2003.sav;NONE
Latvia;ASMMAT0;   50,00;   90,00;ASBGSEX;GIRL;BOY;84,8482391999452;4,61002341463211;84,9532392381277;4,29074204558331;,105000038182516;6,27656710104531;,0167288959859967;TOTWGT;JRR;HALF;Y;25-FEB-26;22h31m;75;5;Z:\RandA\Work\AndresStrello\ILSAreport_checks\DB\TIMSS_4_2003.sav;NONE
Latvia;ASMMAT0;   50,00;   90,00;ASBGSEX;BOY;GIRL;84,9532392381277;4,29074204558331;84,8482391999452;4,61002341463211;-,105000038182516;6,27656710104531;-,0167288959859967;TOTWGT;JRR;HALF;Y;25-FEB-26;22h31m;75;5;Z:\RandA\Work\AndresStrello\ILSAreport_checks\DB\TIMSS_4_2003.sav;NONE
Latvia;ASMMAT0;   50,00;   90,00;ASBGSEX;BOY;BOY;84,9532392381277;4,29074204558331;84,9532392381277;4,29074204558331;0;0; ;TOTWGT;JRR;HALF;Y;25-FEB-26;22h31m;75;5;Z:\RandA\Work\AndresStrello\ILSAreport_checks\DB\TIMSS_4_2003.sav;NONE
Lithuania;ASMMAT0;   10,00;   50,00;ASBGSEX;GIRL;GIRL;102,563249409182;7,00828619621433;102,563249409182;7,00828619621433;0;0; ;TOTWGT;JRR;HALF;Y;25-FEB-26;22h31m;75;5;Z:\RandA\Work\AndresStrello\ILSAreport_checks\DB\TIMSS_4_2003.sav;NONE
Lithuania;ASMMAT0;   10,00;   50,00;ASBGSEX;GIRL;BOY;102,563249409182;7,00828619621433;111,626844356051;6,05131713550201;9,06359494686882;7,89107080691486;1,14858872371624;TOTWGT;JRR;HALF;Y;25-FEB-26;22h31m;75;5;Z:\RandA\Work\AndresStrello\ILSAreport_checks\DB\TIMSS_4_2003.sav;NONE
Lithuania;ASMMAT0;   10,00;   50,00;ASBGSEX;BOY;GIRL;111,626844356051;6,05131713550201;102,563249409182;7,00828619621433;-9,06359494686882;7,89107080691486;-1,14858872371624;TOTWGT;JRR;HALF;Y;25-FEB-26;22h31m;75;5;Z:\RandA\Work\AndresStrello\ILSAreport_checks\DB\TIMSS_4_2003.sav;NONE
Lithuania;ASMMAT0;   10,00;   50,00;ASBGSEX;BOY;BOY;111,626844356051;6,05131713550201;111,626844356051;6,05131713550201;0;0; ;TOTWGT;JRR;HALF;Y;25-FEB-26;22h31m;75;5;Z:\RandA\Work\AndresStrello\ILSAreport_checks\DB\TIMSS_4_2003.sav;NONE
Lithuania;ASMMAT0;   10,00;   90,00;ASBGSEX;GIRL;GIRL;187,256838222436;5,32812563143717;187,256838222436;5,32812563143717;0;0; ;TOTWGT;JRR;HALF;Y;25-FEB-26;22h31m;75;5;Z:\RandA\Work\AndresStrello\ILSAreport_checks\DB\TIMSS_4_2003.sav;NONE
Lithuania;ASMMAT0;   10,00;   90,00;ASBGSEX;GIRL;BOY;187,256838222436;5,32812563143717;198,725415725449;7,03068726836149;11,4685775030131;8,51272757871205;1,34722712514527;TOTWGT;JRR;HALF;Y;25-FEB-26;22h31m;75;5;Z:\RandA\Work\AndresStrello\ILSAreport_checks\DB\TIMSS_4_2003.sav;NONE
Lithuania;ASMMAT0;   10,00;   90,00;ASBGSEX;BOY;GIRL;198,725415725449;7,03068726836149;187,256838222436;5,32812563143717;-11,4685775030131;8,51272757871205;-1,34722712514527;TOTWGT;JRR;HALF;Y;25-FEB-26;22h31m;75;5;Z:\RandA\Work\AndresStrello\ILSAreport_checks\DB\TIMSS_4_2003.sav;NONE
Lithuania;ASMMAT0;   10,00;   90,00;ASBGSEX;BOY;BOY;198,725415725449;7,03068726836149;198,725415725449;7,03068726836149;0;0; ;TOTWGT;JRR;HALF;Y;25-FEB-26;22h31m;75;5;Z:\RandA\Work\AndresStrello\ILSAreport_checks\DB\TIMSS_4_2003.sav;NONE
Lithuania;ASMMAT0;   50,00;   90,00;ASBGSEX;GIRL;GIRL;84,6935888132543;6,04488961825599;84,6935888132543;6,04488961825599;0;0; ;TOTWGT;JRR;HALF;Y;25-FEB-26;22h31m;75;5;Z:\RandA\Work\AndresStrello\ILSAreport_checks\DB\TIMSS_4_2003.sav;NONE
Lithuania;ASMMAT0;   50,00;   90,00;ASBGSEX;GIRL;BOY;84,6935888132543;6,04488961825599;87,0985713693985;4,0253744441153;2,40498255614425;6,50854935864117;,369511303306203;TOTWGT;JRR;HALF;Y;25-FEB-26;22h31m;75;5;Z:\RandA\Work\AndresStrello\ILSAreport_checks\DB\TIMSS_4_2003.sav;NONE
Lithuania;ASMMAT0;   50,00;   90,00;ASBGSEX;BOY;GIRL;87,0985713693985;4,0253744441153;84,6935888132543;6,04488961825599;-2,40498255614425;6,50854935864117;-,369511303306203;TOTWGT;JRR;HALF;Y;25-FEB-26;22h31m;75;5;Z:\RandA\Work\AndresStrello\ILSAreport_checks\DB\TIMSS_4_2003.sav;NONE
Lithuania;ASMMAT0;   50,00;   90,00;ASBGSEX;BOY;BOY;87,0985713693985;4,0253744441153;87,0985713693985;4,0253744441153;0;0; ;TOTWGT;JRR;HALF;Y;25-FEB-26;22h31m;75;5;Z:\RandA\Work\AndresStrello\ILSAreport_checks\DB\TIMSS_4_2003.sav;NONE
Moldova;ASMMAT0;   10,00;   50,00;ASBGSEX;GIRL;GIRL;123,393417630556;9,70452712027345;123,393417630556;9,70452712027345;0;0; ;TOTWGT;JRR;HALF;Y;25-FEB-26;22h31m;75;5;Z:\RandA\Work\AndresStrello\ILSAreport_checks\DB\TIMSS_4_2003.sav;NONE
Moldova;ASMMAT0;   10,00;   50,00;ASBGSEX;GIRL;BOY;123,393417630556;9,70452712027345;123,835615106602;8,51269139245254;,442197476045874;11,6796101786387;,0378606365522905;TOTWGT;JRR;HALF;Y;25-FEB-26;22h31m;75;5;Z:\RandA\Work\AndresStrello\ILSAreport_checks\DB\TIMSS_4_2003.sav;NONE
Moldova;ASMMAT0;   10,00;   50,00;ASBGSEX;BOY;GIRL;123,835615106602;8,51269139245254;123,393417630556;9,70452712027345;-,442197476045874;11,6796101786387;-,0378606365522905;TOTWGT;JRR;HALF;Y;25-FEB-26;22h31m;75;5;Z:\RandA\Work\AndresStrello\ILSAreport_checks\DB\TIMSS_4_2003.sav;NONE
Moldova;ASMMAT0;   10,00;   50,00;ASBGSEX;BOY;BOY;123,835615106602;8,51269139245254;123,835615106602;8,51269139245254;0;0; ;TOTWGT;JRR;HALF;Y;25-FEB-26;22h31m;75;5;Z:\RandA\Work\AndresStrello\ILSAreport_checks\DB\TIMSS_4_2003.sav;NONE
Moldova;ASMMAT0;   10,00;   90,00;ASBGSEX;GIRL;GIRL;219,842658677206;11,0758076368697;219,842658677206;11,0758076368697;0;0; ;TOTWGT;JRR;HALF;Y;25-FEB-26;22h31m;75;5;Z:\RandA\Work\AndresStrello\ILSAreport_checks\DB\TIMSS_4_2003.sav;NONE
Moldova;ASMMAT0;   10,00;   90,00;ASBGSEX;GIRL;BOY;219,842658677206;11,0758076368697;221,931700042614;10,9542396087319;2,08904136540771;12,1184810005236;,172384753940485;TOTWGT;JRR;HALF;Y;25-FEB-26;22h31m;75;5;Z:\RandA\Work\AndresStrello\ILSAreport_checks\DB\TIMSS_4_2003.sav;NONE
Moldova;ASMMAT0;   10,00;   90,00;ASBGSEX;BOY;GIRL;221,931700042614;10,9542396087319;219,842658677206;11,0758076368697;-2,08904136540771;12,1184810005236;-,172384753940485;TOTWGT;JRR;HALF;Y;25-FEB-26;22h31m;75;5;Z:\RandA\Work\AndresStrello\ILSAreport_checks\DB\TIMSS_4_2003.sav;NONE
Moldova;ASMMAT0;   10,00;   90,00;ASBGSEX;BOY;BOY;221,931700042614;10,9542396087319;221,931700042614;10,9542396087319;0;0; ;TOTWGT;JRR;HALF;Y;25-FEB-26;22h31m;75;5;Z:\RandA\Work\AndresStrello\ILSAreport_checks\DB\TIMSS_4_2003.sav;NONE
Moldova;ASMMAT0;   50,00;   90,00;ASBGSEX;GIRL;GIRL;96,4492410466503;6,93232625091451;96,4492410466503;6,93232625091451;0;0; ;TOTWGT;JRR;HALF;Y;25-FEB-26;22h31m;75;5;Z:\RandA\Work\AndresStrello\ILSAreport_checks\DB\TIMSS_4_2003.sav;NONE
Moldova;ASMMAT0;   50,00;   90,00;ASBGSEX;GIRL;BOY;96,4492410466503;6,93232625091451;98,0960849360121;5,79513894278909;1,64684388936183;7,88172873855689;,208944502404096;TOTWGT;JRR;HALF;Y;25-FEB-26;22h31m;75;5;Z:\RandA\Work\AndresStrello\ILSAreport_checks\DB\TIMSS_4_2003.sav;NONE
Moldova;ASMMAT0;   50,00;   90,00;ASBGSEX;BOY;GIRL;98,0960849360121;5,79513894278909;96,4492410466503;6,93232625091451;-1,64684388936183;7,88172873855689;-,208944502404096;TOTWGT;JRR;HALF;Y;25-FEB-26;22h31m;75;5;Z:\RandA\Work\AndresStrello\ILSAreport_checks\DB\TIMSS_4_2003.sav;NONE
Moldova;ASMMAT0;   50,00;   90,00;ASBGSEX;BOY;BOY;98,0960849360121;5,79513894278909;98,0960849360121;5,79513894278909;0;0; ;TOTWGT;JRR;HALF;Y;25-FEB-26;22h31m;75;5;Z:\RandA\Work\AndresStrello\ILSAreport_checks\DB\TIMSS_4_2003.sav;NONE
Morocco;ASMMAT0;   10,00;   50,00;ASBGSEX;GIRL;GIRL;120,04376014613;5,17780122052963;120,04376014613;5,17780122052963;0;0; ;TOTWGT;JRR;HALF;Y;25-FEB-26;22h31m;75;5;Z:\RandA\Work\AndresStrello\ILSAreport_checks\DB\TIMSS_4_2003.sav;NONE
Morocco;ASMMAT0;   10,00;   50,00;ASBGSEX;GIRL;BOY;120,04376014613;5,17780122052963;114,188638719662;8,37884766588714;-5,8551214264681;9,34339003981463;-,626659210577521;TOTWGT;JRR;HALF;Y;25-FEB-26;22h31m;75;5;Z:\RandA\Work\AndresStrello\ILSAreport_checks\DB\TIMSS_4_2003.sav;NONE
Morocco;ASMMAT0;   10,00;   50,00;ASBGSEX;BOY;GIRL;114,188638719662;8,37884766588714;120,04376014613;5,17780122052963;5,8551214264681;9,34339003981463;,626659210577521;TOTWGT;JRR;HALF;Y;25-FEB-26;22h31m;75;5;Z:\RandA\Work\AndresStrello\ILSAreport_checks\DB\TIMSS_4_2003.sav;NONE
Morocco;ASMMAT0;   10,00;   50,00;ASBGSEX;BOY;BOY;114,188638719662;8,37884766588714;114,188638719662;8,37884766588714;0;0; ;TOTWGT;JRR;HALF;Y;25-FEB-26;22h31m;75;5;Z:\RandA\Work\AndresStrello\ILSAreport_checks\DB\TIMSS_4_2003.sav;NONE
Morocco;ASMMAT0;   10,00;   90,00;ASBGSEX;GIRL;GIRL;236,677868782972;6,74169095964641;236,677868782972;6,74169095964641;0;0; ;TOTWGT;JRR;HALF;Y;25-FEB-26;22h31m;75;5;Z:\RandA\Work\AndresStrello\ILSAreport_checks\DB\TIMSS_4_2003.sav;NONE
Morocco;ASMMAT0;   10,00;   90,00;ASBGSEX;GIRL;BOY;236,677868782972;6,74169095964641;234,572909048467;13,5474417098355;-2,10495973450535;13,5032466576789;-,155885453911065;TOTWGT;JRR;HALF;Y;25-FEB-26;22h31m;75;5;Z:\RandA\Work\AndresStrello\ILSAreport_checks\DB\TIMSS_4_2003.sav;NONE
Morocco;ASMMAT0;   10,00;   90,00;ASBGSEX;BOY;GIRL;234,572909048467;13,5474417098355;236,677868782972;6,74169095964641;2,10495973450535;13,5032466576789;,155885453911065;TOTWGT;JRR;HALF;Y;25-FEB-26;22h31m;75;5;Z:\RandA\Work\AndresStrello\ILSAreport_checks\DB\TIMSS_4_2003.sav;NONE
Morocco;ASMMAT0;   10,00;   90,00;ASBGSEX;BOY;BOY;234,572909048467;13,5474417098355;234,572909048467;13,5474417098355;0;0; ;TOTWGT;JRR;HALF;Y;25-FEB-26;22h31m;75;5;Z:\RandA\Work\AndresStrello\ILSAreport_checks\DB\TIMSS_4_2003.sav;NONE
Morocco;ASMMAT0;   50,00;   90,00;ASBGSEX;GIRL;GIRL;116,634108636843;7,09553488182001;116,634108636843;7,09553488182001;0;0; ;TOTWGT;JRR;HALF;Y;25-FEB-26;22h31m;75;5;Z:\RandA\Work\AndresStrello\ILSAreport_checks\DB\TIMSS_4_2003.sav;NONE
Morocco;ASMMAT0;   50,00;   90,00;ASBGSEX;GIRL;BOY;116,634108636843;7,09553488182001;120,384270328805;10,1776352598131;3,75016169196275;10,749624404298;,348864439436909;TOTWGT;JRR;HALF;Y;25-FEB-26;22h31m;75;5;Z:\RandA\Work\AndresStrello\ILSAreport_checks\DB\TIMSS_4_2003.sav;NONE
Morocco;ASMMAT0;   50,00;   90,00;ASBGSEX;BOY;GIRL;120,384270328805;10,1776352598131;116,634108636843;7,09553488182001;-3,75016169196275;10,749624404298;-,348864439436909;TOTWGT;JRR;HALF;Y;25-FEB-26;22h31m;75;5;Z:\RandA\Work\AndresStrello\ILSAreport_checks\DB\TIMSS_4_2003.sav;NONE
Morocco;ASMMAT0;   50,00;   90,00;ASBGSEX;BOY;BOY;120,384270328805;10,1776352598131;120,384270328805;10,1776352598131;0;0; ;TOTWGT;JRR;HALF;Y;25-FEB-26;22h31m;75;5;Z:\RandA\Work\AndresStrello\ILSAreport_checks\DB\TIMSS_4_2003.sav;NONE
Netherlands;ASMMAT0;   10,00;   50,00;ASBGSEX;GIRL;GIRL;72,4601334326314;6,58422729631433;72,4601334326314;6,58422729631433;0;0; ;TOTWGT;JRR;HALF;Y;25-FEB-26;22h31m;75;5;Z:\RandA\Work\AndresStrello\ILSAreport_checks\DB\TIMSS_4_2003.sav;NONE
Netherlands;ASMMAT0;   10,00;   50,00;ASBGSEX;GIRL;BOY;72,4601334326314;6,58422729631433;70,1042946624121;4,16904909595354;-2,3558387702193;8,05646695312404;-,292415867144566;TOTWGT;JRR;HALF;Y;25-FEB-26;22h31m;75;5;Z:\RandA\Work\AndresStrello\ILSAreport_checks\DB\TIMSS_4_2003.sav;NONE
Netherlands;ASMMAT0;   10,00;   50,00;ASBGSEX;BOY;GIRL;70,1042946624121;4,16904909595354;72,4601334326314;6,58422729631433;2,3558387702193;8,05646695312404;,292415867144566;TOTWGT;JRR;HALF;Y;25-FEB-26;22h31m;75;5;Z:\RandA\Work\AndresStrello\ILSAreport_checks\DB\TIMSS_4_2003.sav;NONE
Netherlands;ASMMAT0;   10,00;   50,00;ASBGSEX;BOY;BOY;70,1042946624121;4,16904909595354;70,1042946624121;4,16904909595354;0;0; ;TOTWGT;JRR;HALF;Y;25-FEB-26;22h31m;75;5;Z:\RandA\Work\AndresStrello\ILSAreport_checks\DB\TIMSS_4_2003.sav;NONE
Netherlands;ASMMAT0;   10,00;   90,00;ASBGSEX;GIRL;GIRL;139,588018160097;7,07451816155745;139,588018160097;7,07451816155745;0;0; ;TOTWGT;JRR;HALF;Y;25-FEB-26;22h31m;75;5;Z:\RandA\Work\AndresStrello\ILSAreport_checks\DB\TIMSS_4_2003.sav;NONE
Netherlands;ASMMAT0;   10,00;   90,00;ASBGSEX;GIRL;BOY;139,588018160097;7,07451816155745;138,099092449839;5,17018117289024;-1,48892571025887;8,6809903847365;-,171515650204704;TOTWGT;JRR;HALF;Y;25-FEB-26;22h31m;75;5;Z:\RandA\Work\AndresStrello\ILSAreport_checks\DB\TIMSS_4_2003.sav;NONE
Netherlands;ASMMAT0;   10,00;   90,00;ASBGSEX;BOY;GIRL;138,099092449839;5,17018117289024;139,588018160097;7,07451816155745;1,48892571025887;8,6809903847365;,171515650204704;TOTWGT;JRR;HALF;Y;25-FEB-26;22h31m;75;5;Z:\RandA\Work\AndresStrello\ILSAreport_checks\DB\TIMSS_4_2003.sav;NONE
Netherlands;ASMMAT0;   10,00;   90,00;ASBGSEX;BOY;BOY;138,099092449839;5,17018117289024;138,099092449839;5,17018117289024;0;0; ;TOTWGT;JRR;HALF;Y;25-FEB-26;22h31m;75;5;Z:\RandA\Work\AndresStrello\ILSAreport_checks\DB\TIMSS_4_2003.sav;NONE
Netherlands;ASMMAT0;   50,00;   90,00;ASBGSEX;GIRL;GIRL;67,127884727466;4,0066075362854;67,127884727466;4,0066075362854;0;0; ;TOTWGT;JRR;HALF;Y;25-FEB-26;22h31m;75;5;Z:\RandA\Work\AndresStrello\ILSAreport_checks\DB\TIMSS_4_2003.sav;NONE
Netherlands;ASMMAT0;   50,00;   90,00;ASBGSEX;GIRL;BOY;67,127884727466;4,0066075362854;67,9947977874265;4,11821713298462;,866913059960439;5,91621344641265;,146531741596662;TOTWGT;JRR;HALF;Y;25-FEB-26;22h31m;75;5;Z:\RandA\Work\AndresStrello\ILSAreport_checks\DB\TIMSS_4_2003.sav;NONE
Netherlands;ASMMAT0;   50,00;   90,00;ASBGSEX;BOY;GIRL;67,9947977874265;4,11821713298462;67,127884727466;4,0066075362854;-,866913059960439;5,91621344641265;-,146531741596662;TOTWGT;JRR;HALF;Y;25-FEB-26;22h31m;75;5;Z:\RandA\Work\AndresStrello\ILSAreport_checks\DB\TIMSS_4_2003.sav;NONE
Netherlands;ASMMAT0;   50,00;   90,00;ASBGSEX;BOY;BOY;67,9947977874265;4,11821713298462;67,9947977874265;4,11821713298462;0;0; ;TOTWGT;JRR;HALF;Y;25-FEB-26;22h31m;75;5;Z:\RandA\Work\AndresStrello\ILSAreport_checks\DB\TIMSS_4_2003.sav;NONE
New Zealand;ASMMAT0;   10,00;   50,00;ASBGSEX;GIRL;GIRL;117,462114065803;5,12083875160349;117,462114065803;5,12083875160349;0;0; ;TOTWGT;JRR;HALF;Y;25-FEB-26;22h31m;75;5;Z:\RandA\Work\AndresStrello\ILSAreport_checks\DB\TIMSS_4_2003.sav;NONE
New Zealand;ASMMAT0;   10,00;   50,00;ASBGSEX;GIRL;BOY;117,462114065803;5,12083875160349;122,868470253939;7,66803134825627;5,40635618813563;8,27353640722697;,653451670728513;TOTWGT;JRR;HALF;Y;25-FEB-26;22h31m;75;5;Z:\RandA\Work\AndresStrello\ILSAreport_checks\DB\TIMSS_4_2003.sav;NONE
New Zealand;ASMMAT0;   10,00;   50,00;ASBGSEX;BOY;GIRL;122,868470253939;7,66803134825627;117,462114065803;5,12083875160349;-5,40635618813563;8,27353640722697;-,653451670728513;TOTWGT;JRR;HALF;Y;25-FEB-26;22h31m;75;5;Z:\RandA\Work\AndresStrello\ILSAreport_checks\DB\TIMSS_4_2003.sav;NONE
New Zealand;ASMMAT0;   10,00;   50,00;ASBGSEX;BOY;BOY;122,868470253939;7,66803134825627;122,868470253939;7,66803134825627;0;0; ;TOTWGT;JRR;HALF;Y;25-FEB-26;22h31m;75;5;Z:\RandA\Work\AndresStrello\ILSAreport_checks\DB\TIMSS_4_2003.sav;NONE
New Zealand;ASMMAT0;   10,00;   90,00;ASBGSEX;GIRL;GIRL;212,570395747317;7,08923168783596;212,570395747317;7,08923168783596;0;0; ;TOTWGT;JRR;HALF;Y;25-FEB-26;22h31m;75;5;Z:\RandA\Work\AndresStrello\ILSAreport_checks\DB\TIMSS_4_2003.sav;NONE
New Zealand;ASMMAT0;   10,00;   90,00;ASBGSEX;GIRL;BOY;212,570395747317;7,08923168783596;222,683880999912;8,06388901882418;10,1134852525952;8,93119034616945;1,1323782005086;TOTWGT;JRR;HALF;Y;25-FEB-26;22h31m;75;5;Z:\RandA\Work\AndresStrello\ILSAreport_checks\DB\TIMSS_4_2003.sav;NONE
New Zealand;ASMMAT0;   10,00;   90,00;ASBGSEX;BOY;GIRL;222,683880999912;8,06388901882418;212,570395747317;7,08923168783596;-10,1134852525952;8,93119034616945;-1,1323782005086;TOTWGT;JRR;HALF;Y;25-FEB-26;22h31m;75;5;Z:\RandA\Work\AndresStrello\ILSAreport_checks\DB\TIMSS_4_2003.sav;NONE
New Zealand;ASMMAT0;   10,00;   90,00;ASBGSEX;BOY;BOY;222,683880999912;8,06388901882418;222,683880999912;8,06388901882418;0;0; ;TOTWGT;JRR;HALF;Y;25-FEB-26;22h31m;75;5;Z:\RandA\Work\AndresStrello\ILSAreport_checks\DB\TIMSS_4_2003.sav;NONE
New Zealand;ASMMAT0;   50,00;   90,00;ASBGSEX;GIRL;GIRL;95,1082816815142;4,7917022518211;95,1082816815142;4,7917022518211;0;0; ;TOTWGT;JRR;HALF;Y;25-FEB-26;22h31m;75;5;Z:\RandA\Work\AndresStrello\ILSAreport_checks\DB\TIMSS_4_2003.sav;NONE
New Zealand;ASMMAT0;   50,00;   90,00;ASBGSEX;GIRL;BOY;95,1082816815142;4,7917022518211;99,8154107459738;5,83237561470568;4,70712906445954;7,21112502247037;,652759319772129;TOTWGT;JRR;HALF;Y;25-FEB-26;22h31m;75;5;Z:\RandA\Work\AndresStrello\ILSAreport_checks\DB\TIMSS_4_2003.sav;NONE
New Zealand;ASMMAT0;   50,00;   90,00;ASBGSEX;BOY;GIRL;99,8154107459738;5,83237561470568;95,1082816815142;4,7917022518211;-4,70712906445954;7,21112502247037;-,652759319772129;TOTWGT;JRR;HALF;Y;25-FEB-26;22h31m;75;5;Z:\RandA\Work\AndresStrello\ILSAreport_checks\DB\TIMSS_4_2003.sav;NONE
New Zealand;ASMMAT0;   50,00;   90,00;ASBGSEX;BOY;BOY;99,8154107459738;5,83237561470568;99,8154107459738;5,83237561470568;0;0; ;TOTWGT;JRR;HALF;Y;25-FEB-26;22h31m;75;5;Z:\RandA\Work\AndresStrello\ILSAreport_checks\DB\TIMSS_4_2003.sav;NONE
Norway;ASMMAT0;   10,00;   50,00;ASBGSEX;GIRL;GIRL;108,266229385604;4,85588350679268;108,266229385604;4,85588350679268;0;0; ;TOTWGT;JRR;HALF;Y;25-FEB-26;22h31m;75;5;Z:\RandA\Work\AndresStrello\ILSAreport_checks\DB\TIMSS_4_2003.sav;NONE
Norway;ASMMAT0;   10,00;   50,00;ASBGSEX;GIRL;BOY;108,266229385604;4,85588350679268;115,351247719435;8,64297313471968;7,08501833383106;9,26039024013987;,765088527600112;TOTWGT;JRR;HALF;Y;25-FEB-26;22h31m;75;5;Z:\RandA\Work\AndresStrello\ILSAreport_checks\DB\TIMSS_4_2003.sav;NONE
Norway;ASMMAT0;   10,00;   50,00;ASBGSEX;BOY;GIRL;115,351247719435;8,64297313471968;108,266229385604;4,85588350679268;-7,08501833383106;9,26039024013987;-,765088527600112;TOTWGT;JRR;HALF;Y;25-FEB-26;22h31m;75;5;Z:\RandA\Work\AndresStrello\ILSAreport_checks\DB\TIMSS_4_2003.sav;NONE
Norway;ASMMAT0;   10,00;   50,00;ASBGSEX;BOY;BOY;115,351247719435;8,64297313471968;115,351247719435;8,64297313471968;0;0; ;TOTWGT;JRR;HALF;Y;25-FEB-26;22h31m;75;5;Z:\RandA\Work\AndresStrello\ILSAreport_checks\DB\TIMSS_4_2003.sav;NONE
Norway;ASMMAT0;   10,00;   90,00;ASBGSEX;GIRL;GIRL;201,525782051695;6,15840716099715;201,525782051695;6,15840716099715;0;0; ;TOTWGT;JRR;HALF;Y;25-FEB-26;22h31m;75;5;Z:\RandA\Work\AndresStrello\ILSAreport_checks\DB\TIMSS_4_2003.sav;NONE
Norway;ASMMAT0;   10,00;   90,00;ASBGSEX;GIRL;BOY;201,525782051695;6,15840716099715;209,288567928108;8,99398568066918;7,76278587641241;9,04994691740182;,857771426425234;TOTWGT;JRR;HALF;Y;25-FEB-26;22h31m;75;5;Z:\RandA\Work\AndresStrello\ILSAreport_checks\DB\TIMSS_4_2003.sav;NONE
Norway;ASMMAT0;   10,00;   90,00;ASBGSEX;BOY;GIRL;209,288567928108;8,99398568066918;201,525782051695;6,15840716099715;-7,76278587641241;9,04994691740182;-,857771426425234;TOTWGT;JRR;HALF;Y;25-FEB-26;22h31m;75;5;Z:\RandA\Work\AndresStrello\ILSAreport_checks\DB\TIMSS_4_2003.sav;NONE
Norway;ASMMAT0;   10,00;   90,00;ASBGSEX;BOY;BOY;209,288567928108;8,99398568066918;209,288567928108;8,99398568066918;0;0; ;TOTWGT;JRR;HALF;Y;25-FEB-26;22h31m;75;5;Z:\RandA\Work\AndresStrello\ILSAreport_checks\DB\TIMSS_4_2003.sav;NONE
Norway;ASMMAT0;   50,00;   90,00;ASBGSEX;GIRL;GIRL;93,2595526660915;4,08255623519557;93,2595526660915;4,08255623519557;0;0; ;TOTWGT;JRR;HALF;Y;25-FEB-26;22h31m;75;5;Z:\RandA\Work\AndresStrello\ILSAreport_checks\DB\TIMSS_4_2003.sav;NONE
Norway;ASMMAT0;   50,00;   90,00;ASBGSEX;GIRL;BOY;93,2595526660915;4,08255623519557;93,9373202086728;4,80366929851323;,677767542581353;5,58509472513773;,121352918067945;TOTWGT;JRR;HALF;Y;25-FEB-26;22h31m;75;5;Z:\RandA\Work\AndresStrello\ILSAreport_checks\DB\TIMSS_4_2003.sav;NONE
Norway;ASMMAT0;   50,00;   90,00;ASBGSEX;BOY;GIRL;93,9373202086728;4,80366929851323;93,2595526660915;4,08255623519557;-,677767542581353;5,58509472513773;-,121352918067945;TOTWGT;JRR;HALF;Y;25-FEB-26;22h31m;75;5;Z:\RandA\Work\AndresStrello\ILSAreport_checks\DB\TIMSS_4_2003.sav;NONE
Norway;ASMMAT0;   50,00;   90,00;ASBGSEX;BOY;BOY;93,9373202086728;4,80366929851323;93,9373202086728;4,80366929851323;0;0; ;TOTWGT;JRR;HALF;Y;25-FEB-26;22h31m;75;5;Z:\RandA\Work\AndresStrello\ILSAreport_checks\DB\TIMSS_4_2003.sav;NONE
Philippines;ASMMAT0;   10,00;   50,00;ASBGSEX;GIRL;GIRL;135,315433829408;8,50225980492314;135,315433829408;8,50225980492314;0;0; ;TOTWGT;JRR;HALF;Y;25-FEB-26;22h31m;75;5;Z:\RandA\Work\AndresStrello\ILSAreport_checks\DB\TIMSS_4_2003.sav;NONE
Philippines;ASMMAT0;   10,00;   50,00;ASBGSEX;GIRL;BOY;135,315433829408;8,50225980492314;128,014794424672;5,75979055607295;-7,30063940473634;8,02952239490849;-,90922461457554;TOTWGT;JRR;HALF;Y;25-FEB-26;22h31m;75;5;Z:\RandA\Work\AndresStrello\ILSAreport_checks\DB\TIMSS_4_2003.sav;NONE
Philippines;ASMMAT0;   10,00;   50,00;ASBGSEX;BOY;GIRL;128,014794424672;5,75979055607295;135,315433829408;8,50225980492314;7,30063940473634;8,02952239490849;,90922461457554;TOTWGT;JRR;HALF;Y;25-FEB-26;22h31m;75;5;Z:\RandA\Work\AndresStrello\ILSAreport_checks\DB\TIMSS_4_2003.sav;NONE
Philippines;ASMMAT0;   10,00;   50,00;ASBGSEX;BOY;BOY;128,014794424672;5,75979055607295;128,014794424672;5,75979055607295;0;0; ;TOTWGT;JRR;HALF;Y;25-FEB-26;22h31m;75;5;Z:\RandA\Work\AndresStrello\ILSAreport_checks\DB\TIMSS_4_2003.sav;NONE
Philippines;ASMMAT0;   10,00;   90,00;ASBGSEX;GIRL;GIRL;287,637213420934;18,4440544153457;287,637213420934;18,4440544153457;0;0; ;TOTWGT;JRR;HALF;Y;25-FEB-26;22h31m;75;5;Z:\RandA\Work\AndresStrello\ILSAreport_checks\DB\TIMSS_4_2003.sav;NONE
Philippines;ASMMAT0;   10,00;   90,00;ASBGSEX;GIRL;BOY;287,637213420934;18,4440544153457;284,238875598112;17,0073337733023;-3,39833782282207;9,48296925228433;-,358362210444102;TOTWGT;JRR;HALF;Y;25-FEB-26;22h31m;75;5;Z:\RandA\Work\AndresStrello\ILSAreport_checks\DB\TIMSS_4_2003.sav;NONE
Philippines;ASMMAT0;   10,00;   90,00;ASBGSEX;BOY;GIRL;284,238875598112;17,0073337733023;287,637213420934;18,4440544153457;3,39833782282207;9,48296925228433;,358362210444102;TOTWGT;JRR;HALF;Y;25-FEB-26;22h31m;75;5;Z:\RandA\Work\AndresStrello\ILSAreport_checks\DB\TIMSS_4_2003.sav;NONE
Philippines;ASMMAT0;   10,00;   90,00;ASBGSEX;BOY;BOY;284,238875598112;17,0073337733023;284,238875598112;17,0073337733023;0;0; ;TOTWGT;JRR;HALF;Y;25-FEB-26;22h31m;75;5;Z:\RandA\Work\AndresStrello\ILSAreport_checks\DB\TIMSS_4_2003.sav;NONE
Philippines;ASMMAT0;   50,00;   90,00;ASBGSEX;GIRL;GIRL;152,321779591526;13,9412123979023;152,321779591526;13,9412123979023;0;0; ;TOTWGT;JRR;HALF;Y;25-FEB-26;22h31m;75;5;Z:\RandA\Work\AndresStrello\ILSAreport_checks\DB\TIMSS_4_2003.sav;NONE
Philippines;ASMMAT0;   50,00;   90,00;ASBGSEX;GIRL;BOY;152,321779591526;13,9412123979023;156,22408117344;14,5282289951772;3,90230158191428;8,96875991059015;,435099347157962;TOTWGT;JRR;HALF;Y;25-FEB-26;22h31m;75;5;Z:\RandA\Work\AndresStrello\ILSAreport_checks\DB\TIMSS_4_2003.sav;NONE
Philippines;ASMMAT0;   50,00;   90,00;ASBGSEX;BOY;GIRL;156,22408117344;14,5282289951772;152,321779591526;13,9412123979023;-3,90230158191428;8,96875991059015;-,435099347157962;TOTWGT;JRR;HALF;Y;25-FEB-26;22h31m;75;5;Z:\RandA\Work\AndresStrello\ILSAreport_checks\DB\TIMSS_4_2003.sav;NONE
Philippines;ASMMAT0;   50,00;   90,00;ASBGSEX;BOY;BOY;156,22408117344;14,5282289951772;156,22408117344;14,5282289951772;0;0; ;TOTWGT;JRR;HALF;Y;25-FEB-26;22h31m;75;5;Z:\RandA\Work\AndresStrello\ILSAreport_checks\DB\TIMSS_4_2003.sav;NONE
Russian Federation;ASMMAT0;   10,00;   50,00;ASBGSEX;GIRL;GIRL;104,344837441762;6,72888755543824;104,344837441762;6,72888755543824;0;0; ;TOTWGT;JRR;HALF;Y;25-FEB-26;22h31m;75;5;Z:\RandA\Work\AndresStrello\ILSAreport_checks\DB\TIMSS_4_2003.sav;NONE
Russian Federation;ASMMAT0;   10,00;   50,00;ASBGSEX;GIRL;BOY;104,344837441762;6,72888755543824;102,122287721421;6,51640570144364;-2,22254972034029;8,27187570309549;-,268687514188417;TOTWGT;JRR;HALF;Y;25-FEB-26;22h31m;75;5;Z:\RandA\Work\AndresStrello\ILSAreport_checks\DB\TIMSS_4_2003.sav;NONE
Russian Federation;ASMMAT0;   10,00;   50,00;ASBGSEX;BOY;GIRL;102,122287721421;6,51640570144364;104,344837441762;6,72888755543824;2,22254972034029;8,27187570309549;,268687514188417;TOTWGT;JRR;HALF;Y;25-FEB-26;22h31m;75;5;Z:\RandA\Work\AndresStrello\ILSAreport_checks\DB\TIMSS_4_2003.sav;NONE
Russian Federation;ASMMAT0;   10,00;   50,00;ASBGSEX;BOY;BOY;102,122287721421;6,51640570144364;102,122287721421;6,51640570144364;0;0; ;TOTWGT;JRR;HALF;Y;25-FEB-26;22h31m;75;5;Z:\RandA\Work\AndresStrello\ILSAreport_checks\DB\TIMSS_4_2003.sav;NONE
Russian Federation;ASMMAT0;   10,00;   90,00;ASBGSEX;GIRL;GIRL;202,115841931614;7,60105094706423;202,115841931614;7,60105094706423;0;0; ;TOTWGT;JRR;HALF;Y;25-FEB-26;22h31m;75;5;Z:\RandA\Work\AndresStrello\ILSAreport_checks\DB\TIMSS_4_2003.sav;NONE
Russian Federation;ASMMAT0;   10,00;   90,00;ASBGSEX;GIRL;BOY;202,115841931614;7,60105094706423;201,125951013976;9,60739842896405;-,989890917638854;10,1214862527198;-,0978009447350538;TOTWGT;JRR;HALF;Y;25-FEB-26;22h31m;75;5;Z:\RandA\Work\AndresStrello\ILSAreport_checks\DB\TIMSS_4_2003.sav;NONE
Russian Federation;ASMMAT0;   10,00;   90,00;ASBGSEX;BOY;GIRL;201,125951013976;9,60739842896405;202,115841931614;7,60105094706423;,989890917638854;10,1214862527198;,0978009447350538;TOTWGT;JRR;HALF;Y;25-FEB-26;22h31m;75;5;Z:\RandA\Work\AndresStrello\ILSAreport_checks\DB\TIMSS_4_2003.sav;NONE
Russian Federation;ASMMAT0;   10,00;   90,00;ASBGSEX;BOY;BOY;201,125951013976;9,60739842896405;201,125951013976;9,60739842896405;0;0; ;TOTWGT;JRR;HALF;Y;25-FEB-26;22h31m;75;5;Z:\RandA\Work\AndresStrello\ILSAreport_checks\DB\TIMSS_4_2003.sav;NONE
Russian Federation;ASMMAT0;   50,00;   90,00;ASBGSEX;GIRL;GIRL;97,7710044898528;5,26725916167976;97,7710044898528;5,26725916167976;0;0; ;TOTWGT;JRR;HALF;Y;25-FEB-26;22h31m;75;5;Z:\RandA\Work\AndresStrello\ILSAreport_checks\DB\TIMSS_4_2003.sav;NONE
Russian Federation;ASMMAT0;   50,00;   90,00;ASBGSEX;GIRL;BOY;97,7710044898528;5,26725916167976;99,0036632925543;6,77173720406657;1,23265880270144;7,29920363863033;,168875792994418;TOTWGT;JRR;HALF;Y;25-FEB-26;22h31m;75;5;Z:\RandA\Work\AndresStrello\ILSAreport_checks\DB\TIMSS_4_2003.sav;NONE
Russian Federation;ASMMAT0;   50,00;   90,00;ASBGSEX;BOY;GIRL;99,0036632925543;6,77173720406657;97,7710044898528;5,26725916167976;-1,23265880270144;7,29920363863033;-,168875792994418;TOTWGT;JRR;HALF;Y;25-FEB-26;22h31m;75;5;Z:\RandA\Work\AndresStrello\ILSAreport_checks\DB\TIMSS_4_2003.sav;NONE
Russian Federation;ASMMAT0;   50,00;   90,00;ASBGSEX;BOY;BOY;99,0036632925543;6,77173720406657;99,0036632925543;6,77173720406657;0;0; ;TOTWGT;JRR;HALF;Y;25-FEB-26;22h31m;75;5;Z:\RandA\Work\AndresStrello\ILSAreport_checks\DB\TIMSS_4_2003.sav;NONE
Singapore;ASMMAT0;   10,00;   50,00;ASBGSEX;GIRL;GIRL;109,998388539772;9,05826644587859;109,998388539772;9,05826644587859;0;0; ;TOTWGT;JRR;HALF;Y;25-FEB-26;22h31m;75;5;Z:\RandA\Work\AndresStrello\ILSAreport_checks\DB\TIMSS_4_2003.sav;NONE
Singapore;ASMMAT0;   10,00;   50,00;ASBGSEX;GIRL;BOY;109,998388539772;9,05826644587859;124,096573121419;11,1671095924571;14,0981845816471;6,73962941730633;2,09183379511121;TOTWGT;JRR;HALF;Y;25-FEB-26;22h31m;75;5;Z:\RandA\Work\AndresStrello\ILSAreport_checks\DB\TIMSS_4_2003.sav;NONE
Singapore;ASMMAT0;   10,00;   50,00;ASBGSEX;BOY;GIRL;124,096573121419;11,1671095924571;109,998388539772;9,05826644587859;-14,0981845816471;6,73962941730633;-2,09183379511121;TOTWGT;JRR;HALF;Y;25-FEB-26;22h31m;75;5;Z:\RandA\Work\AndresStrello\ILSAreport_checks\DB\TIMSS_4_2003.sav;NONE
Singapore;ASMMAT0;   10,00;   50,00;ASBGSEX;BOY;BOY;124,096573121419;11,1671095924571;124,096573121419;11,1671095924571;0;0; ;TOTWGT;JRR;HALF;Y;25-FEB-26;22h31m;75;5;Z:\RandA\Work\AndresStrello\ILSAreport_checks\DB\TIMSS_4_2003.sav;NONE
Singapore;ASMMAT0;   10,00;   90,00;ASBGSEX;GIRL;GIRL;199,877792506942;11,0137457601264;199,877792506942;11,0137457601264;0;0; ;TOTWGT;JRR;HALF;Y;25-FEB-26;22h31m;75;5;Z:\RandA\Work\AndresStrello\ILSAreport_checks\DB\TIMSS_4_2003.sav;NONE
Singapore;ASMMAT0;   10,00;   90,00;ASBGSEX;GIRL;BOY;199,877792506942;11,0137457601264;223,303236061862;12,2611838159508;23,4254435549201;8,36074078853328;2,80183827574801;TOTWGT;JRR;HALF;Y;25-FEB-26;22h31m;75;5;Z:\RandA\Work\AndresStrello\ILSAreport_checks\DB\TIMSS_4_2003.sav;NONE
Singapore;ASMMAT0;   10,00;   90,00;ASBGSEX;BOY;GIRL;223,303236061862;12,2611838159508;199,877792506942;11,0137457601264;-23,4254435549201;8,36074078853328;-2,80183827574801;TOTWGT;JRR;HALF;Y;25-FEB-26;22h31m;75;5;Z:\RandA\Work\AndresStrello\ILSAreport_checks\DB\TIMSS_4_2003.sav;NONE
Singapore;ASMMAT0;   10,00;   90,00;ASBGSEX;BOY;BOY;223,303236061862;12,2611838159508;223,303236061862;12,2611838159508;0;0; ;TOTWGT;JRR;HALF;Y;25-FEB-26;22h31m;75;5;Z:\RandA\Work\AndresStrello\ILSAreport_checks\DB\TIMSS_4_2003.sav;NONE
Singapore;ASMMAT0;   50,00;   90,00;ASBGSEX;GIRL;GIRL;89,8794039671696;4,70300654595424;89,8794039671696;4,70300654595424;0;0; ;TOTWGT;JRR;HALF;Y;25-FEB-26;22h31m;75;5;Z:\RandA\Work\AndresStrello\ILSAreport_checks\DB\TIMSS_4_2003.sav;NONE
Singapore;ASMMAT0;   50,00;   90,00;ASBGSEX;GIRL;BOY;89,8794039671696;4,70300654595424;99,2066629404427;4,99231666281062;9,32725897327305;5,69348236391631;1,63823445425713;TOTWGT;JRR;HALF;Y;25-FEB-26;22h31m;75;5;Z:\RandA\Work\AndresStrello\ILSAreport_checks\DB\TIMSS_4_2003.sav;NONE
Singapore;ASMMAT0;   50,00;   90,00;ASBGSEX;BOY;GIRL;99,2066629404427;4,99231666281062;89,8794039671696;4,70300654595424;-9,32725897327305;5,69348236391631;-1,63823445425713;TOTWGT;JRR;HALF;Y;25-FEB-26;22h31m;75;5;Z:\RandA\Work\AndresStrello\ILSAreport_checks\DB\TIMSS_4_2003.sav;NONE
Singapore;ASMMAT0;   50,00;   90,00;ASBGSEX;BOY;BOY;99,2066629404427;4,99231666281062;99,2066629404427;4,99231666281062;0;0; ;TOTWGT;JRR;HALF;Y;25-FEB-26;22h31m;75;5;Z:\RandA\Work\AndresStrello\ILSAreport_checks\DB\TIMSS_4_2003.sav;NONE
Slovenia;ASMMAT0;   10,00;   50,00;ASBGSEX;GIRL;GIRL;108,90782981295;5,16496809960141;108,90782981295;5,16496809960141;0;0; ;TOTWGT;JRR;HALF;Y;25-FEB-26;22h31m;75;5;Z:\RandA\Work\AndresStrello\ILSAreport_checks\DB\TIMSS_4_2003.sav;NONE
Slovenia;ASMMAT0;   10,00;   50,00;ASBGSEX;GIRL;BOY;108,90782981295;5,16496809960141;117,263937824443;5,26207249698492;8,35610801149219;7,3657423486674;1,13445564831683;TOTWGT;JRR;HALF;Y;25-FEB-26;22h31m;75;5;Z:\RandA\Work\AndresStrello\ILSAreport_checks\DB\TIMSS_4_2003.sav;NONE
Slovenia;ASMMAT0;   10,00;   50,00;ASBGSEX;BOY;GIRL;117,263937824443;5,26207249698492;108,90782981295;5,16496809960141;-8,35610801149219;7,3657423486674;-1,13445564831683;TOTWGT;JRR;HALF;Y;25-FEB-26;22h31m;75;5;Z:\RandA\Work\AndresStrello\ILSAreport_checks\DB\TIMSS_4_2003.sav;NONE
Slovenia;ASMMAT0;   10,00;   50,00;ASBGSEX;BOY;BOY;117,263937824443;5,26207249698492;117,263937824443;5,26207249698492;0;0; ;TOTWGT;JRR;HALF;Y;25-FEB-26;22h31m;75;5;Z:\RandA\Work\AndresStrello\ILSAreport_checks\DB\TIMSS_4_2003.sav;NONE
Slovenia;ASMMAT0;   10,00;   90,00;ASBGSEX;GIRL;GIRL;193,784299889271;7,00786732265953;193,784299889271;7,00786732265953;0;0; ;TOTWGT;JRR;HALF;Y;25-FEB-26;22h31m;75;5;Z:\RandA\Work\AndresStrello\ILSAreport_checks\DB\TIMSS_4_2003.sav;NONE
Slovenia;ASMMAT0;   10,00;   90,00;ASBGSEX;GIRL;BOY;193,784299889271;7,00786732265953;211,283720210214;8,64490837990562;17,4994203209426;11,7480921950301;1,48955422126714;TOTWGT;JRR;HALF;Y;25-FEB-26;22h31m;75;5;Z:\RandA\Work\AndresStrello\ILSAreport_checks\DB\TIMSS_4_2003.sav;NONE
Slovenia;ASMMAT0;   10,00;   90,00;ASBGSEX;BOY;GIRL;211,283720210214;8,64490837990562;193,784299889271;7,00786732265953;-17,4994203209426;11,7480921950301;-1,48955422126714;TOTWGT;JRR;HALF;Y;25-FEB-26;22h31m;75;5;Z:\RandA\Work\AndresStrello\ILSAreport_checks\DB\TIMSS_4_2003.sav;NONE
Slovenia;ASMMAT0;   10,00;   90,00;ASBGSEX;BOY;BOY;211,283720210214;8,64490837990562;211,283720210214;8,64490837990562;0;0; ;TOTWGT;JRR;HALF;Y;25-FEB-26;22h31m;75;5;Z:\RandA\Work\AndresStrello\ILSAreport_checks\DB\TIMSS_4_2003.sav;NONE
Slovenia;ASMMAT0;   50,00;   90,00;ASBGSEX;GIRL;GIRL;84,8764700763211;5,87404979347893;84,8764700763211;5,87404979347893;0;0; ;TOTWGT;JRR;HALF;Y;25-FEB-26;22h31m;75;5;Z:\RandA\Work\AndresStrello\ILSAreport_checks\DB\TIMSS_4_2003.sav;NONE
Slovenia;ASMMAT0;   50,00;   90,00;ASBGSEX;GIRL;BOY;84,8764700763211;5,87404979347893;94,0197823857715;7,87034921221282;9,14331230945041;9,59740488276063;,952685900109739;TOTWGT;JRR;HALF;Y;25-FEB-26;22h31m;75;5;Z:\RandA\Work\AndresStrello\ILSAreport_checks\DB\TIMSS_4_2003.sav;NONE
Slovenia;ASMMAT0;   50,00;   90,00;ASBGSEX;BOY;GIRL;94,0197823857715;7,87034921221282;84,8764700763211;5,87404979347893;-9,14331230945041;9,59740488276063;-,952685900109739;TOTWGT;JRR;HALF;Y;25-FEB-26;22h31m;75;5;Z:\RandA\Work\AndresStrello\ILSAreport_checks\DB\TIMSS_4_2003.sav;NONE
Slovenia;ASMMAT0;   50,00;   90,00;ASBGSEX;BOY;BOY;94,0197823857715;7,87034921221282;94,0197823857715;7,87034921221282;0;0; ;TOTWGT;JRR;HALF;Y;25-FEB-26;22h31m;75;5;Z:\RandA\Work\AndresStrello\ILSAreport_checks\DB\TIMSS_4_2003.sav;NONE
Tunisia;ASMMAT0;   10,00;   50,00;ASBGSEX;GIRL;GIRL;129,441431267724;10,4881682180028;129,441431267724;10,4881682180028;0;0; ;TOTWGT;JRR;HALF;Y;25-FEB-26;22h31m;75;5;Z:\RandA\Work\AndresStrello\ILSAreport_checks\DB\TIMSS_4_2003.sav;NONE
Tunisia;ASMMAT0;   10,00;   50,00;ASBGSEX;GIRL;BOY;129,441431267724;10,4881682180028;128,638937834378;6,34545272478735;-,802493433346712;11,7287061905276;-,0684213092484851;TOTWGT;JRR;HALF;Y;25-FEB-26;22h31m;75;5;Z:\RandA\Work\AndresStrello\ILSAreport_checks\DB\TIMSS_4_2003.sav;NONE
Tunisia;ASMMAT0;   10,00;   50,00;ASBGSEX;BOY;GIRL;128,638937834378;6,34545272478735;129,441431267724;10,4881682180028;,802493433346712;11,7287061905276;,0684213092484851;TOTWGT;JRR;HALF;Y;25-FEB-26;22h31m;75;5;Z:\RandA\Work\AndresStrello\ILSAreport_checks\DB\TIMSS_4_2003.sav;NONE
Tunisia;ASMMAT0;   10,00;   50,00;ASBGSEX;BOY;BOY;128,638937834378;6,34545272478735;128,638937834378;6,34545272478735;0;0; ;TOTWGT;JRR;HALF;Y;25-FEB-26;22h31m;75;5;Z:\RandA\Work\AndresStrello\ILSAreport_checks\DB\TIMSS_4_2003.sav;NONE
Tunisia;ASMMAT0;   10,00;   90,00;ASBGSEX;GIRL;GIRL;256,323203163846;12,8078300255294;256,323203163846;12,8078300255294;0;0; ;TOTWGT;JRR;HALF;Y;25-FEB-26;22h31m;75;5;Z:\RandA\Work\AndresStrello\ILSAreport_checks\DB\TIMSS_4_2003.sav;NONE
Tunisia;ASMMAT0;   10,00;   90,00;ASBGSEX;GIRL;BOY;256,323203163846;12,8078300255294;261,366736003811;9,57141312631986;5,0435328399657;11,1274643176387;,453250866144854;TOTWGT;JRR;HALF;Y;25-FEB-26;22h31m;75;5;Z:\RandA\Work\AndresStrello\ILSAreport_checks\DB\TIMSS_4_2003.sav;NONE
Tunisia;ASMMAT0;   10,00;   90,00;ASBGSEX;BOY;GIRL;261,366736003811;9,57141312631986;256,323203163846;12,8078300255294;-5,0435328399657;11,1274643176387;-,453250866144854;TOTWGT;JRR;HALF;Y;25-FEB-26;22h31m;75;5;Z:\RandA\Work\AndresStrello\ILSAreport_checks\DB\TIMSS_4_2003.sav;NONE
Tunisia;ASMMAT0;   10,00;   90,00;ASBGSEX;BOY;BOY;261,366736003811;9,57141312631986;261,366736003811;9,57141312631986;0;0; ;TOTWGT;JRR;HALF;Y;25-FEB-26;22h31m;75;5;Z:\RandA\Work\AndresStrello\ILSAreport_checks\DB\TIMSS_4_2003.sav;NONE
Tunisia;ASMMAT0;   50,00;   90,00;ASBGSEX;GIRL;GIRL;126,881771896121;7,58907641826715;126,881771896121;7,58907641826715;0;0; ;TOTWGT;JRR;HALF;Y;25-FEB-26;22h31m;75;5;Z:\RandA\Work\AndresStrello\ILSAreport_checks\DB\TIMSS_4_2003.sav;NONE
Tunisia;ASMMAT0;   50,00;   90,00;ASBGSEX;GIRL;BOY;126,881771896121;7,58907641826715;132,727798169433;6,92341201053969;5,84602627331241;8,06783951021642;,724608647198485;TOTWGT;JRR;HALF;Y;25-FEB-26;22h31m;75;5;Z:\RandA\Work\AndresStrello\ILSAreport_checks\DB\TIMSS_4_2003.sav;NONE
Tunisia;ASMMAT0;   50,00;   90,00;ASBGSEX;BOY;GIRL;132,727798169433;6,92341201053969;126,881771896121;7,58907641826715;-5,84602627331241;8,06783951021642;-,724608647198485;TOTWGT;JRR;HALF;Y;25-FEB-26;22h31m;75;5;Z:\RandA\Work\AndresStrello\ILSAreport_checks\DB\TIMSS_4_2003.sav;NONE
Tunisia;ASMMAT0;   50,00;   90,00;ASBGSEX;BOY;BOY;132,727798169433;6,92341201053969;132,727798169433;6,92341201053969;0;0; ;TOTWGT;JRR;HALF;Y;25-FEB-26;22h31m;75;5;Z:\RandA\Work\AndresStrello\ILSAreport_checks\DB\TIMSS_4_2003.sav;NONE
United States;ASMMAT0;   10,00;   50,00;ASBGSEX;GIRL;GIRL;101,06239880019;3,33900490514249;101,06239880019;3,33900490514249;0;0; ;TOTWGT;JRR;HALF;Y;25-FEB-26;22h31m;75;5;Z:\RandA\Work\AndresStrello\ILSAreport_checks\DB\TIMSS_4_2003.sav;NONE
United States;ASMMAT0;   10,00;   50,00;ASBGSEX;GIRL;BOY;101,06239880019;3,33900490514249;108,385910706757;3,69654438862409;7,32351190656736;5,07543150312898;1,44293384750685;TOTWGT;JRR;HALF;Y;25-FEB-26;22h31m;75;5;Z:\RandA\Work\AndresStrello\ILSAreport_checks\DB\TIMSS_4_2003.sav;NONE
United States;ASMMAT0;   10,00;   50,00;ASBGSEX;BOY;GIRL;108,385910706757;3,69654438862409;101,06239880019;3,33900490514249;-7,32351190656736;5,07543150312898;-1,44293384750685;TOTWGT;JRR;HALF;Y;25-FEB-26;22h31m;75;5;Z:\RandA\Work\AndresStrello\ILSAreport_checks\DB\TIMSS_4_2003.sav;NONE
United States;ASMMAT0;   10,00;   50,00;ASBGSEX;BOY;BOY;108,385910706757;3,69654438862409;108,385910706757;3,69654438862409;0;0; ;TOTWGT;JRR;HALF;Y;25-FEB-26;22h31m;75;5;Z:\RandA\Work\AndresStrello\ILSAreport_checks\DB\TIMSS_4_2003.sav;NONE
United States;ASMMAT0;   10,00;   90,00;ASBGSEX;GIRL;GIRL;191,725690431692;3,54116806561517;191,725690431692;3,54116806561517;0;0; ;TOTWGT;JRR;HALF;Y;25-FEB-26;22h31m;75;5;Z:\RandA\Work\AndresStrello\ILSAreport_checks\DB\TIMSS_4_2003.sav;NONE
United States;ASMMAT0;   10,00;   90,00;ASBGSEX;GIRL;BOY;191,725690431692;3,54116806561517;202,150613618147;4,87415347484851;10,4249231864552;5,92399602344057;1,75977889674553;TOTWGT;JRR;HALF;Y;25-FEB-26;22h31m;75;5;Z:\RandA\Work\AndresStrello\ILSAreport_checks\DB\TIMSS_4_2003.sav;NONE
United States;ASMMAT0;   10,00;   90,00;ASBGSEX;BOY;GIRL;202,150613618147;4,87415347484851;191,725690431692;3,54116806561517;-10,4249231864552;5,92399602344057;-1,75977889674553;TOTWGT;JRR;HALF;Y;25-FEB-26;22h31m;75;5;Z:\RandA\Work\AndresStrello\ILSAreport_checks\DB\TIMSS_4_2003.sav;NONE
United States;ASMMAT0;   10,00;   90,00;ASBGSEX;BOY;BOY;202,150613618147;4,87415347484851;202,150613618147;4,87415347484851;0;0; ;TOTWGT;JRR;HALF;Y;25-FEB-26;22h31m;75;5;Z:\RandA\Work\AndresStrello\ILSAreport_checks\DB\TIMSS_4_2003.sav;NONE
United States;ASMMAT0;   50,00;   90,00;ASBGSEX;GIRL;GIRL;90,6632916315023;3,19369656729155;90,6632916315023;3,19369656729155;0;0; ;TOTWGT;JRR;HALF;Y;25-FEB-26;22h31m;75;5;Z:\RandA\Work\AndresStrello\ILSAreport_checks\DB\TIMSS_4_2003.sav;NONE
United States;ASMMAT0;   50,00;   90,00;ASBGSEX;GIRL;BOY;90,6632916315023;3,19369656729155;93,7647029113902;4,59809649337346;3,10141127988782;5,81446309245162;,533395986968099;TOTWGT;JRR;HALF;Y;25-FEB-26;22h31m;75;5;Z:\RandA\Work\AndresStrello\ILSAreport_checks\DB\TIMSS_4_2003.sav;NONE
United States;ASMMAT0;   50,00;   90,00;ASBGSEX;BOY;GIRL;93,7647029113902;4,59809649337346;90,6632916315023;3,19369656729155;-3,10141127988782;5,81446309245162;-,533395986968099;TOTWGT;JRR;HALF;Y;25-FEB-26;22h31m;75;5;Z:\RandA\Work\AndresStrello\ILSAreport_checks\DB\TIMSS_4_2003.sav;NONE
United States;ASMMAT0;   50,00;   90,00;ASBGSEX;BOY;BOY;93,7647029113902;4,59809649337346;93,7647029113902;4,59809649337346;0;0; ;TOTWGT;JRR;HALF;Y;25-FEB-26;22h31m;75;5;Z:\RandA\Work\AndresStrello\ILSAreport_checks\DB\TIMSS_4_2003.sav;NONE
Yemen;ASMMAT0;   10,00;   50,00;ASBGSEX;GIRL;GIRL;141,963850144956;7,55679204381178;141,963850144956;7,55679204381178;0;0; ;TOTWGT;JRR;HALF;Y;25-FEB-26;22h31m;75;5;Z:\RandA\Work\AndresStrello\ILSAreport_checks\DB\TIMSS_4_2003.sav;NONE
Yemen;ASMMAT0;   10,00;   50,00;ASBGSEX;GIRL;BOY;141,963850144956;7,55679204381178;138,853423333216;8,53663272982498;-3,11042681173991;11,3011899369821;-,275230027022317;TOTWGT;JRR;HALF;Y;25-FEB-26;22h31m;75;5;Z:\RandA\Work\AndresStrello\ILSAreport_checks\DB\TIMSS_4_2003.sav;NONE
Yemen;ASMMAT0;   10,00;   50,00;ASBGSEX;BOY;GIRL;138,853423333216;8,53663272982498;141,963850144956;7,55679204381178;3,11042681173991;11,3011899369821;,275230027022317;TOTWGT;JRR;HALF;Y;25-FEB-26;22h31m;75;5;Z:\RandA\Work\AndresStrello\ILSAreport_checks\DB\TIMSS_4_2003.sav;NONE
Yemen;ASMMAT0;   10,00;   50,00;ASBGSEX;BOY;BOY;138,853423333216;8,53663272982498;138,853423333216;8,53663272982498;0;0; ;TOTWGT;JRR;HALF;Y;25-FEB-26;22h31m;75;5;Z:\RandA\Work\AndresStrello\ILSAreport_checks\DB\TIMSS_4_2003.sav;NONE
Yemen;ASMMAT0;   10,00;   90,00;ASBGSEX;GIRL;GIRL;292,076212259307;11,2346054079828;292,076212259307;11,2346054079828;0;0; ;TOTWGT;JRR;HALF;Y;25-FEB-26;22h31m;75;5;Z:\RandA\Work\AndresStrello\ILSAreport_checks\DB\TIMSS_4_2003.sav;NONE
Yemen;ASMMAT0;   10,00;   90,00;ASBGSEX;GIRL;BOY;292,076212259307;11,2346054079828;297,994148357473;14,0656699896097;5,91793609816652;18,5351053969481;,319282570637066;TOTWGT;JRR;HALF;Y;25-FEB-26;22h31m;75;5;Z:\RandA\Work\AndresStrello\ILSAreport_checks\DB\TIMSS_4_2003.sav;NONE
Yemen;ASMMAT0;   10,00;   90,00;ASBGSEX;BOY;GIRL;297,994148357473;14,0656699896097;292,076212259307;11,2346054079828;-5,91793609816652;18,5351053969481;-,319282570637066;TOTWGT;JRR;HALF;Y;25-FEB-26;22h31m;75;5;Z:\RandA\Work\AndresStrello\ILSAreport_checks\DB\TIMSS_4_2003.sav;NONE
Yemen;ASMMAT0;   10,00;   90,00;ASBGSEX;BOY;BOY;297,994148357473;14,0656699896097;297,994148357473;14,0656699896097;0;0; ;TOTWGT;JRR;HALF;Y;25-FEB-26;22h31m;75;5;Z:\RandA\Work\AndresStrello\ILSAreport_checks\DB\TIMSS_4_2003.sav;NONE
Yemen;ASMMAT0;   50,00;   90,00;ASBGSEX;GIRL;GIRL;150,112362114351;9,76195545377013;150,112362114351;9,76195545377013;0;0; ;TOTWGT;JRR;HALF;Y;25-FEB-26;22h31m;75;5;Z:\RandA\Work\AndresStrello\ILSAreport_checks\DB\TIMSS_4_2003.sav;NONE
Yemen;ASMMAT0;   50,00;   90,00;ASBGSEX;GIRL;BOY;150,112362114351;9,76195545377013;159,140725024257;11,1574236307307;9,02836290990646;15,6066505865892;,578494588561143;TOTWGT;JRR;HALF;Y;25-FEB-26;22h31m;75;5;Z:\RandA\Work\AndresStrello\ILSAreport_checks\DB\TIMSS_4_2003.sav;NONE
Yemen;ASMMAT0;   50,00;   90,00;ASBGSEX;BOY;GIRL;159,140725024257;11,1574236307307;150,112362114351;9,76195545377013;-9,02836290990646;15,6066505865892;-,578494588561143;TOTWGT;JRR;HALF;Y;25-FEB-26;22h31m;75;5;Z:\RandA\Work\AndresStrello\ILSAreport_checks\DB\TIMSS_4_2003.sav;NONE
Yemen;ASMMAT0;   50,00;   90,00;ASBGSEX;BOY;BOY;159,140725024257;11,1574236307307;159,140725024257;11,1574236307307;0;0; ;TOTWGT;JRR;HALF;Y;25-FEB-26;22h31m;75;5;Z:\RandA\Work\AndresStrello\ILSAreport_checks\DB\TIMSS_4_2003.sav;NONE
England;ASMMAT0;   10,00;   50,00;ASBGSEX;GIRL;GIRL;115,866093709802;5,61776366190129;115,866093709802;5,61776366190129;0;0; ;TOTWGT;JRR;HALF;Y;25-FEB-26;22h31m;75;5;Z:\RandA\Work\AndresStrello\ILSAreport_checks\DB\TIMSS_4_2003.sav;NONE
England;ASMMAT0;   10,00;   50,00;ASBGSEX;GIRL;BOY;115,866093709802;5,61776366190129;125,905686041551;5,28166545438078;10,0395923317489;6,7364651044338;1,49033538749292;TOTWGT;JRR;HALF;Y;25-FEB-26;22h31m;75;5;Z:\RandA\Work\AndresStrello\ILSAreport_checks\DB\TIMSS_4_2003.sav;NONE
England;ASMMAT0;   10,00;   50,00;ASBGSEX;BOY;GIRL;125,905686041551;5,28166545438078;115,866093709802;5,61776366190129;-10,0395923317489;6,7364651044338;-1,49033538749292;TOTWGT;JRR;HALF;Y;25-FEB-26;22h31m;75;5;Z:\RandA\Work\AndresStrello\ILSAreport_checks\DB\TIMSS_4_2003.sav;NONE
England;ASMMAT0;   10,00;   50,00;ASBGSEX;BOY;BOY;125,905686041551;5,28166545438078;125,905686041551;5,28166545438078;0;0; ;TOTWGT;JRR;HALF;Y;25-FEB-26;22h31m;75;5;Z:\RandA\Work\AndresStrello\ILSAreport_checks\DB\TIMSS_4_2003.sav;NONE
England;ASMMAT0;   10,00;   90,00;ASBGSEX;GIRL;GIRL;216,270347865336;5,27928185745179;216,270347865336;5,27928185745179;0;0; ;TOTWGT;JRR;HALF;Y;25-FEB-26;22h31m;75;5;Z:\RandA\Work\AndresStrello\ILSAreport_checks\DB\TIMSS_4_2003.sav;NONE
England;ASMMAT0;   10,00;   90,00;ASBGSEX;GIRL;BOY;216,270347865336;5,27928185745179;233,14620731818;5,17726782005523;16,875859452844;6,17117081830671;2,73462847646057;TOTWGT;JRR;HALF;Y;25-FEB-26;22h31m;75;5;Z:\RandA\Work\AndresStrello\ILSAreport_checks\DB\TIMSS_4_2003.sav;NONE
England;ASMMAT0;   10,00;   90,00;ASBGSEX;BOY;GIRL;233,14620731818;5,17726782005523;216,270347865336;5,27928185745179;-16,875859452844;6,17117081830671;-2,73462847646057;TOTWGT;JRR;HALF;Y;25-FEB-26;22h31m;75;5;Z:\RandA\Work\AndresStrello\ILSAreport_checks\DB\TIMSS_4_2003.sav;NONE
England;ASMMAT0;   10,00;   90,00;ASBGSEX;BOY;BOY;233,14620731818;5,17726782005523;233,14620731818;5,17726782005523;0;0; ;TOTWGT;JRR;HALF;Y;25-FEB-26;22h31m;75;5;Z:\RandA\Work\AndresStrello\ILSAreport_checks\DB\TIMSS_4_2003.sav;NONE
England;ASMMAT0;   50,00;   90,00;ASBGSEX;GIRL;GIRL;100,404254155534;5,65913811179917;100,404254155534;5,65913811179917;0;0; ;TOTWGT;JRR;HALF;Y;25-FEB-26;22h31m;75;5;Z:\RandA\Work\AndresStrello\ILSAreport_checks\DB\TIMSS_4_2003.sav;NONE
England;ASMMAT0;   50,00;   90,00;ASBGSEX;GIRL;BOY;100,404254155534;5,65913811179917;107,240521276629;4,5495821418749;6,8362671210951;7,35473686147641;,929505331034069;TOTWGT;JRR;HALF;Y;25-FEB-26;22h31m;75;5;Z:\RandA\Work\AndresStrello\ILSAreport_checks\DB\TIMSS_4_2003.sav;NONE
England;ASMMAT0;   50,00;   90,00;ASBGSEX;BOY;GIRL;107,240521276629;4,5495821418749;100,404254155534;5,65913811179917;-6,8362671210951;7,35473686147641;-,929505331034069;TOTWGT;JRR;HALF;Y;25-FEB-26;22h31m;75;5;Z:\RandA\Work\AndresStrello\ILSAreport_checks\DB\TIMSS_4_2003.sav;NONE
England;ASMMAT0;   50,00;   90,00;ASBGSEX;BOY;BOY;107,240521276629;4,5495821418749;107,240521276629;4,5495821418749;0;0; ;TOTWGT;JRR;HALF;Y;25-FEB-26;22h31m;75;5;Z:\RandA\Work\AndresStrello\ILSAreport_checks\DB\TIMSS_4_2003.sav;NONE
Scotland;ASMMAT0;   10,00;   50,00;ASBGSEX;GIRL;GIRL;99,4503733439705;3,95074875366008;99,4503733439705;3,95074875366008;0;0; ;TOTWGT;JRR;HALF;Y;25-FEB-26;22h31m;75;5;Z:\RandA\Work\AndresStrello\ILSAreport_checks\DB\TIMSS_4_2003.sav;NONE
Scotland;ASMMAT0;   10,00;   50,00;ASBGSEX;GIRL;BOY;99,4503733439705;3,95074875366008;111,080581631708;10,457822447074;11,6302082877375;11,3529120247149;1,02442512215535;TOTWGT;JRR;HALF;Y;25-FEB-26;22h31m;75;5;Z:\RandA\Work\AndresStrello\ILSAreport_checks\DB\TIMSS_4_2003.sav;NONE
Scotland;ASMMAT0;   10,00;   50,00;ASBGSEX;BOY;GIRL;111,080581631708;10,457822447074;99,4503733439705;3,95074875366008;-11,6302082877375;11,3529120247149;-1,02442512215535;TOTWGT;JRR;HALF;Y;25-FEB-26;22h31m;75;5;Z:\RandA\Work\AndresStrello\ILSAreport_checks\DB\TIMSS_4_2003.sav;NONE
Scotland;ASMMAT0;   10,00;   50,00;ASBGSEX;BOY;BOY;111,080581631708;10,457822447074;111,080581631708;10,457822447074;0;0; ;TOTWGT;JRR;HALF;Y;25-FEB-26;22h31m;75;5;Z:\RandA\Work\AndresStrello\ILSAreport_checks\DB\TIMSS_4_2003.sav;NONE
Scotland;ASMMAT0;   10,00;   90,00;ASBGSEX;GIRL;GIRL;189,26076675875;5,7114964922828;189,26076675875;5,7114964922828;0;0; ;TOTWGT;JRR;HALF;Y;25-FEB-26;22h31m;75;5;Z:\RandA\Work\AndresStrello\ILSAreport_checks\DB\TIMSS_4_2003.sav;NONE
Scotland;ASMMAT0;   10,00;   90,00;ASBGSEX;GIRL;BOY;189,26076675875;5,7114964922828;204,727455963944;11,1296303367366;15,4666892051945;12,7174854906885;1,21617510132163;TOTWGT;JRR;HALF;Y;25-FEB-26;22h31m;75;5;Z:\RandA\Work\AndresStrello\ILSAreport_checks\DB\TIMSS_4_2003.sav;NONE
Scotland;ASMMAT0;   10,00;   90,00;ASBGSEX;BOY;GIRL;204,727455963944;11,1296303367366;189,26076675875;5,7114964922828;-15,4666892051945;12,7174854906885;-1,21617510132163;TOTWGT;JRR;HALF;Y;25-FEB-26;22h31m;75;5;Z:\RandA\Work\AndresStrello\ILSAreport_checks\DB\TIMSS_4_2003.sav;NONE
Scotland;ASMMAT0;   10,00;   90,00;ASBGSEX;BOY;BOY;204,727455963944;11,1296303367366;204,727455963944;11,1296303367366;0;0; ;TOTWGT;JRR;HALF;Y;25-FEB-26;22h31m;75;5;Z:\RandA\Work\AndresStrello\ILSAreport_checks\DB\TIMSS_4_2003.sav;NONE
Scotland;ASMMAT0;   50,00;   90,00;ASBGSEX;GIRL;GIRL;89,8103934147791;4,74912419877864;89,8103934147791;4,74912419877864;0;0; ;TOTWGT;JRR;HALF;Y;25-FEB-26;22h31m;75;5;Z:\RandA\Work\AndresStrello\ILSAreport_checks\DB\TIMSS_4_2003.sav;NONE
Scotland;ASMMAT0;   50,00;   90,00;ASBGSEX;GIRL;BOY;89,8103934147791;4,74912419877864;93,6468743322361;3,99273427596322;3,83648091745699;6,56870145356811;,584054694002423;TOTWGT;JRR;HALF;Y;25-FEB-26;22h31m;75;5;Z:\RandA\Work\AndresStrello\ILSAreport_checks\DB\TIMSS_4_2003.sav;NONE
Scotland;ASMMAT0;   50,00;   90,00;ASBGSEX;BOY;GIRL;93,6468743322361;3,99273427596322;89,8103934147791;4,74912419877864;-3,83648091745699;6,56870145356811;-,584054694002423;TOTWGT;JRR;HALF;Y;25-FEB-26;22h31m;75;5;Z:\RandA\Work\AndresStrello\ILSAreport_checks\DB\TIMSS_4_2003.sav;NONE
Scotland;ASMMAT0;   50,00;   90,00;ASBGSEX;BOY;BOY;93,6468743322361;3,99273427596322;93,6468743322361;3,99273427596322;0;0; ;TOTWGT;JRR;HALF;Y;25-FEB-26;22h31m;75;5;Z:\RandA\Work\AndresStrello\ILSAreport_checks\DB\TIMSS_4_2003.sav;NONE
Belgium (Flemish);ASMMAT0;   10,00;   50,00;ASBGSEX;GIRL;GIRL;72,6205698358807;4,12624052049964;72,6205698358807;4,12624052049964;0;0; ;TOTWGT;JRR;HALF;Y;25-FEB-26;22h31m;75;5;Z:\RandA\Work\AndresStrello\ILSAreport_checks\DB\TIMSS_4_2003.sav;NONE
Belgium (Flemish);ASMMAT0;   10,00;   50,00;ASBGSEX;GIRL;BOY;72,6205698358807;4,12624052049964;80,8532766932953;6,91468070985927;8,23270685741459;8,09604236096482;1,01688040777908;TOTWGT;JRR;HALF;Y;25-FEB-26;22h31m;75;5;Z:\RandA\Work\AndresStrello\ILSAreport_checks\DB\TIMSS_4_2003.sav;NONE
Belgium (Flemish);ASMMAT0;   10,00;   50,00;ASBGSEX;BOY;GIRL;80,8532766932953;6,91468070985927;72,6205698358807;4,12624052049964;-8,23270685741459;8,09604236096482;-1,01688040777908;TOTWGT;JRR;HALF;Y;25-FEB-26;22h31m;75;5;Z:\RandA\Work\AndresStrello\ILSAreport_checks\DB\TIMSS_4_2003.sav;NONE
Belgium (Flemish);ASMMAT0;   10,00;   50,00;ASBGSEX;BOY;BOY;80,8532766932953;6,91468070985927;80,8532766932953;6,91468070985927;0;0; ;TOTWGT;JRR;HALF;Y;25-FEB-26;22h31m;75;5;Z:\RandA\Work\AndresStrello\ILSAreport_checks\DB\TIMSS_4_2003.sav;NONE
Belgium (Flemish);ASMMAT0;   10,00;   90,00;ASBGSEX;GIRL;GIRL;145,101960199982;5,11762089084916;145,101960199982;5,11762089084916;0;0; ;TOTWGT;JRR;HALF;Y;25-FEB-26;22h31m;75;5;Z:\RandA\Work\AndresStrello\ILSAreport_checks\DB\TIMSS_4_2003.sav;NONE
Belgium (Flemish);ASMMAT0;   10,00;   90,00;ASBGSEX;GIRL;BOY;145,101960199982;5,11762089084916;155,129514916805;7,58988354140603;10,0275547168232;9,07931759579735;1,1044392500891;TOTWGT;JRR;HALF;Y;25-FEB-26;22h31m;75;5;Z:\RandA\Work\AndresStrello\ILSAreport_checks\DB\TIMSS_4_2003.sav;NONE
Belgium (Flemish);ASMMAT0;   10,00;   90,00;ASBGSEX;BOY;GIRL;155,129514916805;7,58988354140603;145,101960199982;5,11762089084916;-10,0275547168232;9,07931759579735;-1,1044392500891;TOTWGT;JRR;HALF;Y;25-FEB-26;22h31m;75;5;Z:\RandA\Work\AndresStrello\ILSAreport_checks\DB\TIMSS_4_2003.sav;NONE
Belgium (Flemish);ASMMAT0;   10,00;   90,00;ASBGSEX;BOY;BOY;155,129514916805;7,58988354140603;155,129514916805;7,58988354140603;0;0; ;TOTWGT;JRR;HALF;Y;25-FEB-26;22h31m;75;5;Z:\RandA\Work\AndresStrello\ILSAreport_checks\DB\TIMSS_4_2003.sav;NONE
Belgium (Flemish);ASMMAT0;   50,00;   90,00;ASBGSEX;GIRL;GIRL;72,4813903641016;2,29338711010296;72,4813903641016;2,29338711010296;0;0; ;TOTWGT;JRR;HALF;Y;25-FEB-26;22h31m;75;5;Z:\RandA\Work\AndresStrello\ILSAreport_checks\DB\TIMSS_4_2003.sav;NONE
Belgium (Flemish);ASMMAT0;   50,00;   90,00;ASBGSEX;GIRL;BOY;72,4813903641016;2,29338711010296;74,2762382235101;2,23960837170279;1,79484785940858;3,31434832322146;,541538693091871;TOTWGT;JRR;HALF;Y;25-FEB-26;22h31m;75;5;Z:\RandA\Work\AndresStrello\ILSAreport_checks\DB\TIMSS_4_2003.sav;NONE
Belgium (Flemish);ASMMAT0;   50,00;   90,00;ASBGSEX;BOY;GIRL;74,2762382235101;2,23960837170279;72,4813903641016;2,29338711010296;-1,79484785940858;3,31434832322146;-,541538693091871;TOTWGT;JRR;HALF;Y;25-FEB-26;22h31m;75;5;Z:\RandA\Work\AndresStrello\ILSAreport_checks\DB\TIMSS_4_2003.sav;NONE
Belgium (Flemish);ASMMAT0;   50,00;   90,00;ASBGSEX;BOY;BOY;74,2762382235101;2,23960837170279;74,2762382235101;2,23960837170279;0;0; ;TOTWGT;JRR;HALF;Y;25-FEB-26;22h31m;75;5;Z:\RandA\Work\AndresStrello\ILSAreport_checks\DB\TIMSS_4_2003.sav;NONE
Canada (Ontario);ASMMAT0;   10,00;   50,00;ASBGSEX;GIRL;GIRL;90,9527422875618;6,32185019410459;90,9527422875618;6,32185019410459;0;0; ;TOTWGT;JRR;HALF;Y;25-FEB-26;22h31m;75;5;Z:\RandA\Work\AndresStrello\ILSAreport_checks\DB\TIMSS_4_2003.sav;NONE
Canada (Ontario);ASMMAT0;   10,00;   50,00;ASBGSEX;GIRL;BOY;90,9527422875618;6,32185019410459;94,6935888732801;4,27186136198888;3,74084658571832;7,36990834964579;,507583867837122;TOTWGT;JRR;HALF;Y;25-FEB-26;22h31m;75;5;Z:\RandA\Work\AndresStrello\ILSAreport_checks\DB\TIMSS_4_2003.sav;NONE
Canada (Ontario);ASMMAT0;   10,00;   50,00;ASBGSEX;BOY;GIRL;94,6935888732801;4,27186136198888;90,9527422875618;6,32185019410459;-3,74084658571832;7,36990834964579;-,507583867837122;TOTWGT;JRR;HALF;Y;25-FEB-26;22h31m;75;5;Z:\RandA\Work\AndresStrello\ILSAreport_checks\DB\TIMSS_4_2003.sav;NONE
Canada (Ontario);ASMMAT0;   10,00;   50,00;ASBGSEX;BOY;BOY;94,6935888732801;4,27186136198888;94,6935888732801;4,27186136198888;0;0; ;TOTWGT;JRR;HALF;Y;25-FEB-26;22h31m;75;5;Z:\RandA\Work\AndresStrello\ILSAreport_checks\DB\TIMSS_4_2003.sav;NONE
Canada (Ontario);ASMMAT0;   10,00;   90,00;ASBGSEX;GIRL;GIRL;177,160652161036;7,0217372232902;177,160652161036;7,0217372232902;0;0; ;TOTWGT;JRR;HALF;Y;25-FEB-26;22h31m;75;5;Z:\RandA\Work\AndresStrello\ILSAreport_checks\DB\TIMSS_4_2003.sav;NONE
Canada (Ontario);ASMMAT0;   10,00;   90,00;ASBGSEX;GIRL;BOY;177,160652161036;7,0217372232902;186,263291157896;7,86831566877784;9,10263899686058;8,48915090645463;1,07226730884705;TOTWGT;JRR;HALF;Y;25-FEB-26;22h31m;75;5;Z:\RandA\Work\AndresStrello\ILSAreport_checks\DB\TIMSS_4_2003.sav;NONE
Canada (Ontario);ASMMAT0;   10,00;   90,00;ASBGSEX;BOY;GIRL;186,263291157896;7,86831566877784;177,160652161036;7,0217372232902;-9,10263899686058;8,48915090645463;-1,07226730884705;TOTWGT;JRR;HALF;Y;25-FEB-26;22h31m;75;5;Z:\RandA\Work\AndresStrello\ILSAreport_checks\DB\TIMSS_4_2003.sav;NONE
Canada (Ontario);ASMMAT0;   10,00;   90,00;ASBGSEX;BOY;BOY;186,263291157896;7,86831566877784;186,263291157896;7,86831566877784;0;0; ;TOTWGT;JRR;HALF;Y;25-FEB-26;22h31m;75;5;Z:\RandA\Work\AndresStrello\ILSAreport_checks\DB\TIMSS_4_2003.sav;NONE
Canada (Ontario);ASMMAT0;   50,00;   90,00;ASBGSEX;GIRL;GIRL;86,207909873474;4,23680468032597;86,207909873474;4,23680468032597;0;0; ;TOTWGT;JRR;HALF;Y;25-FEB-26;22h31m;75;5;Z:\RandA\Work\AndresStrello\ILSAreport_checks\DB\TIMSS_4_2003.sav;NONE
Canada (Ontario);ASMMAT0;   50,00;   90,00;ASBGSEX;GIRL;BOY;86,207909873474;4,23680468032597;91,5697022846162;6,10169198070036;5,36179241114227;6,97215171520053;,769029795988606;TOTWGT;JRR;HALF;Y;25-FEB-26;22h31m;75;5;Z:\RandA\Work\AndresStrello\ILSAreport_checks\DB\TIMSS_4_2003.sav;NONE
Canada (Ontario);ASMMAT0;   50,00;   90,00;ASBGSEX;BOY;GIRL;91,5697022846162;6,10169198070036;86,207909873474;4,23680468032597;-5,36179241114227;6,97215171520053;-,769029795988606;TOTWGT;JRR;HALF;Y;25-FEB-26;22h31m;75;5;Z:\RandA\Work\AndresStrello\ILSAreport_checks\DB\TIMSS_4_2003.sav;NONE
Canada (Ontario);ASMMAT0;   50,00;   90,00;ASBGSEX;BOY;BOY;91,5697022846162;6,10169198070036;91,5697022846162;6,10169198070036;0;0; ;TOTWGT;JRR;HALF;Y;25-FEB-26;22h31m;75;5;Z:\RandA\Work\AndresStrello\ILSAreport_checks\DB\TIMSS_4_2003.sav;NONE
Canada (Quebec);ASMMAT0;   10,00;   50,00;ASBGSEX;GIRL;GIRL;87,0880965875844;4,80937766750972;87,0880965875844;4,80937766750972;0;0; ;TOTWGT;JRR;HALF;Y;25-FEB-26;22h31m;75;5;Z:\RandA\Work\AndresStrello\ILSAreport_checks\DB\TIMSS_4_2003.sav;NONE
Canada (Quebec);ASMMAT0;   10,00;   50,00;ASBGSEX;GIRL;BOY;87,0880965875844;4,80937766750972;93,4708997832822;5,17894157253458;6,38280319569772;6,75063198727211;,945511947286134;TOTWGT;JRR;HALF;Y;25-FEB-26;22h31m;75;5;Z:\RandA\Work\AndresStrello\ILSAreport_checks\DB\TIMSS_4_2003.sav;NONE
Canada (Quebec);ASMMAT0;   10,00;   50,00;ASBGSEX;BOY;GIRL;93,4708997832822;5,17894157253458;87,0880965875844;4,80937766750972;-6,38280319569772;6,75063198727211;-,945511947286134;TOTWGT;JRR;HALF;Y;25-FEB-26;22h31m;75;5;Z:\RandA\Work\AndresStrello\ILSAreport_checks\DB\TIMSS_4_2003.sav;NONE
Canada (Quebec);ASMMAT0;   10,00;   50,00;ASBGSEX;BOY;BOY;93,4708997832822;5,17894157253458;93,4708997832822;5,17894157253458;0;0; ;TOTWGT;JRR;HALF;Y;25-FEB-26;22h31m;75;5;Z:\RandA\Work\AndresStrello\ILSAreport_checks\DB\TIMSS_4_2003.sav;NONE
Canada (Quebec);ASMMAT0;   10,00;   90,00;ASBGSEX;GIRL;GIRL;165,806448533227;6,24457696963647;165,806448533227;6,24457696963647;0;0; ;TOTWGT;JRR;HALF;Y;25-FEB-26;22h31m;75;5;Z:\RandA\Work\AndresStrello\ILSAreport_checks\DB\TIMSS_4_2003.sav;NONE
Canada (Quebec);ASMMAT0;   10,00;   90,00;ASBGSEX;GIRL;BOY;165,806448533227;6,24457696963647;171,627351397199;6,8313327245896;5,82090286397206;8,31634203540082;,699935481151902;TOTWGT;JRR;HALF;Y;25-FEB-26;22h31m;75;5;Z:\RandA\Work\AndresStrello\ILSAreport_checks\DB\TIMSS_4_2003.sav;NONE
Canada (Quebec);ASMMAT0;   10,00;   90,00;ASBGSEX;BOY;GIRL;171,627351397199;6,8313327245896;165,806448533227;6,24457696963647;-5,82090286397206;8,31634203540082;-,699935481151902;TOTWGT;JRR;HALF;Y;25-FEB-26;22h31m;75;5;Z:\RandA\Work\AndresStrello\ILSAreport_checks\DB\TIMSS_4_2003.sav;NONE
Canada (Quebec);ASMMAT0;   10,00;   90,00;ASBGSEX;BOY;BOY;171,627351397199;6,8313327245896;171,627351397199;6,8313327245896;0;0; ;TOTWGT;JRR;HALF;Y;25-FEB-26;22h31m;75;5;Z:\RandA\Work\AndresStrello\ILSAreport_checks\DB\TIMSS_4_2003.sav;NONE
Canada (Quebec);ASMMAT0;   50,00;   90,00;ASBGSEX;GIRL;GIRL;78,7183519456428;4,48911669936677;78,7183519456428;4,48911669936677;0;0; ;TOTWGT;JRR;HALF;Y;25-FEB-26;22h31m;75;5;Z:\RandA\Work\AndresStrello\ILSAreport_checks\DB\TIMSS_4_2003.sav;NONE
Canada (Quebec);ASMMAT0;   50,00;   90,00;ASBGSEX;GIRL;BOY;78,7183519456428;4,48911669936677;78,1564516139171;4,93507293960386;-,561900331725656;5,77036983848914;-,0973768315468629;TOTWGT;JRR;HALF;Y;25-FEB-26;22h31m;75;5;Z:\RandA\Work\AndresStrello\ILSAreport_checks\DB\TIMSS_4_2003.sav;NONE
Canada (Quebec);ASMMAT0;   50,00;   90,00;ASBGSEX;BOY;GIRL;78,1564516139171;4,93507293960386;78,7183519456428;4,48911669936677;,561900331725656;5,77036983848914;,0973768315468629;TOTWGT;JRR;HALF;Y;25-FEB-26;22h31m;75;5;Z:\RandA\Work\AndresStrello\ILSAreport_checks\DB\TIMSS_4_2003.sav;NONE
Canada (Quebec);ASMMAT0;   50,00;   90,00;ASBGSEX;BOY;BOY;78,1564516139171;4,93507293960386;78,1564516139171;4,93507293960386;0;0; ;TOTWGT;JRR;HALF;Y;25-FEB-26;22h31m;75;5;Z:\RandA\Work\AndresStrello\ILSAreport_checks\DB\TIMSS_4_2003.sav;NONE
United States (Indiana);ASMMAT0;   10,00;   50,00;ASBGSEX;GIRL;GIRL;82,2636175058514;5,26095397242164;82,2636175058514;5,26095397242164;0;0; ;TOTWGT;JRR;HALF;Y;25-FEB-26;22h31m;75;5;Z:\RandA\Work\AndresStrello\ILSAreport_checks\DB\TIMSS_4_2003.sav;NONE
United States (Indiana);ASMMAT0;   10,00;   50,00;ASBGSEX;GIRL;BOY;82,2636175058514;5,26095397242164;91,4987011853506;4,64585904817367;9,23508367949921;5,46473439072961;1,68994191102236;TOTWGT;JRR;HALF;Y;25-FEB-26;22h31m;75;5;Z:\RandA\Work\AndresStrello\ILSAreport_checks\DB\TIMSS_4_2003.sav;NONE
United States (Indiana);ASMMAT0;   10,00;   50,00;ASBGSEX;BOY;GIRL;91,4987011853506;4,64585904817367;82,2636175058514;5,26095397242164;-9,23508367949921;5,46473439072961;-1,68994191102236;TOTWGT;JRR;HALF;Y;25-FEB-26;22h31m;75;5;Z:\RandA\Work\AndresStrello\ILSAreport_checks\DB\TIMSS_4_2003.sav;NONE
United States (Indiana);ASMMAT0;   10,00;   50,00;ASBGSEX;BOY;BOY;91,4987011853506;4,64585904817367;91,4987011853506;4,64585904817367;0;0; ;TOTWGT;JRR;HALF;Y;25-FEB-26;22h31m;75;5;Z:\RandA\Work\AndresStrello\ILSAreport_checks\DB\TIMSS_4_2003.sav;NONE
United States (Indiana);ASMMAT0;   10,00;   90,00;ASBGSEX;GIRL;GIRL;155,878482895057;7,905716976097;155,878482895057;7,905716976097;0;0; ;TOTWGT;JRR;HALF;Y;25-FEB-26;22h31m;75;5;Z:\RandA\Work\AndresStrello\ILSAreport_checks\DB\TIMSS_4_2003.sav;NONE
United States (Indiana);ASMMAT0;   10,00;   90,00;ASBGSEX;GIRL;BOY;155,878482895057;7,905716976097;176,790031184644;7,31795823436178;20,9115482895869;7,37857421464149;2,83409066321941;TOTWGT;JRR;HALF;Y;25-FEB-26;22h31m;75;5;Z:\RandA\Work\AndresStrello\ILSAreport_checks\DB\TIMSS_4_2003.sav;NONE
United States (Indiana);ASMMAT0;   10,00;   90,00;ASBGSEX;BOY;GIRL;176,790031184644;7,31795823436178;155,878482895057;7,905716976097;-20,9115482895869;7,37857421464149;-2,83409066321941;TOTWGT;JRR;HALF;Y;25-FEB-26;22h31m;75;5;Z:\RandA\Work\AndresStrello\ILSAreport_checks\DB\TIMSS_4_2003.sav;NONE
United States (Indiana);ASMMAT0;   10,00;   90,00;ASBGSEX;BOY;BOY;176,790031184644;7,31795823436178;176,790031184644;7,31795823436178;0;0; ;TOTWGT;JRR;HALF;Y;25-FEB-26;22h31m;75;5;Z:\RandA\Work\AndresStrello\ILSAreport_checks\DB\TIMSS_4_2003.sav;NONE
United States (Indiana);ASMMAT0;   50,00;   90,00;ASBGSEX;GIRL;GIRL;73,6148653892053;7,11238944016336;73,6148653892053;7,11238944016336;0;0; ;TOTWGT;JRR;HALF;Y;25-FEB-26;22h31m;75;5;Z:\RandA\Work\AndresStrello\ILSAreport_checks\DB\TIMSS_4_2003.sav;NONE
United States (Indiana);ASMMAT0;   50,00;   90,00;ASBGSEX;GIRL;BOY;73,6148653892053;7,11238944016336;85,291329999293;7,58316080101963;11,6764646100877;5,62771935703753;2,07481288054746;TOTWGT;JRR;HALF;Y;25-FEB-26;22h31m;75;5;Z:\RandA\Work\AndresStrello\ILSAreport_checks\DB\TIMSS_4_2003.sav;NONE
United States (Indiana);ASMMAT0;   50,00;   90,00;ASBGSEX;BOY;GIRL;85,291329999293;7,58316080101963;73,6148653892053;7,11238944016336;-11,6764646100877;5,62771935703753;-2,07481288054746;TOTWGT;JRR;HALF;Y;25-FEB-26;22h31m;75;5;Z:\RandA\Work\AndresStrello\ILSAreport_checks\DB\TIMSS_4_2003.sav;NONE
United States (Indiana);ASMMAT0;   50,00;   90,00;ASBGSEX;BOY;BOY;85,291329999293;7,58316080101963;85,291329999293;7,58316080101963;0;0; ;TOTWGT;JRR;HALF;Y;25-FEB-26;22h31m;75;5;Z:\RandA\Work\AndresStrello\ILSAreport_checks\DB\TIMSS_4_2003.sav;NONE
