IDCNTRY;EqVar;b;ExpB;df;b.se;ExpB.se;b.wald;b.sig;dvar;convar;catvar;contrast;refcats;weight;method;jk2type;shortcut;date;time;reps;npv;infile;selcrit
Armenia;CONSTANT;-,99497284297003;,420541676429292;1;1,39895735154646;,414866600416481;,505840391176151;,476945084387697;ASMMAT0_DIC;ASDAGE;ASDMSCL ASBGSEX;INDICATOR INDICATOR;DEFAULT DEFAULT;TOTWGT;JRR;HALF;Y;25-FEB-26;22h21m;75;5;Z:\RandA\Work\AndresStrello\ILSAreport_checks\DB\TIMSS_4_2003.sav;NONE
Armenia;ASDAGE;-,128090240240672;,880699930480252;1;,130793285390129;,118784538299148;,959094018609405;,327415244740896;ASMMAT0_DIC;ASDAGE;ASDMSCL ASBGSEX;INDICATOR INDICATOR;DEFAULT DEFAULT;TOTWGT;JRR;HALF;Y;25-FEB-26;22h21m;75;5;Z:\RandA\Work\AndresStrello\ILSAreport_checks\DB\TIMSS_4_2003.sav;NONE
Armenia;ASDMSCL(1);1,18341410499102;3,27261472349366;1;,205410156450543;,704810823593099;33,191712176464;8,35056892665103E-009;ASMMAT0_DIC;ASDAGE;ASDMSCL ASBGSEX;INDICATOR INDICATOR;DEFAULT DEFAULT;TOTWGT;JRR;HALF;Y;25-FEB-26;22h21m;75;5;Z:\RandA\Work\AndresStrello\ILSAreport_checks\DB\TIMSS_4_2003.sav;NONE
Armenia;ASDMSCL(2);,34526800064538;1,41472499233537;1;,158871204026142;,229638661768363;4,72304720269833;,0297609588645047;ASMMAT0_DIC;ASDAGE;ASDMSCL ASBGSEX;INDICATOR INDICATOR;DEFAULT DEFAULT;TOTWGT;JRR;HALF;Y;25-FEB-26;22h21m;75;5;Z:\RandA\Work\AndresStrello\ILSAreport_checks\DB\TIMSS_4_2003.sav;NONE
Armenia;ASBGSEX(1);,145183157814306;1,15672940809205;1;,0973405446354247;,111541160647651;2,2245641441186;,135830984111211;ASMMAT0_DIC;ASDAGE;ASDMSCL ASBGSEX;INDICATOR INDICATOR;DEFAULT DEFAULT;TOTWGT;JRR;HALF;Y;25-FEB-26;22h21m;75;5;Z:\RandA\Work\AndresStrello\ILSAreport_checks\DB\TIMSS_4_2003.sav;NONE
Australia;CONSTANT;-7,16804825987124;,00082492507363156;1;1,39675300251632;,00117450634509675;26,3367762432328;2,86775662662326E-007;ASMMAT0_DIC;ASDAGE;ASDMSCL ASBGSEX;INDICATOR INDICATOR;DEFAULT DEFAULT;TOTWGT;JRR;HALF;Y;25-FEB-26;22h21m;75;5;Z:\RandA\Work\AndresStrello\ILSAreport_checks\DB\TIMSS_4_2003.sav;NONE
Australia;ASDAGE;,418259524284269;1,52058516582099;1;,132962611782455;,200764996989828;9,89538289534208;,00165693971111971;ASMMAT0_DIC;ASDAGE;ASDMSCL ASBGSEX;INDICATOR INDICATOR;DEFAULT DEFAULT;TOTWGT;JRR;HALF;Y;25-FEB-26;22h21m;75;5;Z:\RandA\Work\AndresStrello\ILSAreport_checks\DB\TIMSS_4_2003.sav;NONE
Australia;ASDMSCL(1);2,53650748116302;12,8181609191843;1;,397914545739953;5,19768968001334;40,6342889968278;1,83557176392271E-010;ASMMAT0_DIC;ASDAGE;ASDMSCL ASBGSEX;INDICATOR INDICATOR;DEFAULT DEFAULT;TOTWGT;JRR;HALF;Y;25-FEB-26;22h21m;75;5;Z:\RandA\Work\AndresStrello\ILSAreport_checks\DB\TIMSS_4_2003.sav;NONE
Australia;ASDMSCL(2);1,24431186207773;3,54648903539135;1;,457706498143273;1,58386927335338;7,39067876491019;,00655627426390489;ASMMAT0_DIC;ASDAGE;ASDMSCL ASBGSEX;INDICATOR INDICATOR;DEFAULT DEFAULT;TOTWGT;JRR;HALF;Y;25-FEB-26;22h21m;75;5;Z:\RandA\Work\AndresStrello\ILSAreport_checks\DB\TIMSS_4_2003.sav;NONE
Australia;ASBGSEX(1);-,0851404973055888;,918945038901988;1;,12069151444852;,107392300917748;,497644136481854;,480537101173877;ASMMAT0_DIC;ASDAGE;ASDMSCL ASBGSEX;INDICATOR INDICATOR;DEFAULT DEFAULT;TOTWGT;JRR;HALF;Y;25-FEB-26;22h21m;75;5;Z:\RandA\Work\AndresStrello\ILSAreport_checks\DB\TIMSS_4_2003.sav;NONE
Belgium (Flemish);CONSTANT;7,73587822937434;2511,44111206797;1;,98777249826684;2922,43603292319;61,3345790804897;4,81548195162287E-015;ASMMAT0_DIC;ASDAGE;ASDMSCL ASBGSEX;INDICATOR INDICATOR;DEFAULT DEFAULT;TOTWGT;JRR;HALF;Y;25-FEB-26;22h21m;75;5;Z:\RandA\Work\AndresStrello\ILSAreport_checks\DB\TIMSS_4_2003.sav;NONE
Belgium (Flemish);ASDAGE;-,910225001836502;,402791834290801;1;,0978760002963721;,0383148579936276;86,4858570819166;1,407402108402E-020;ASMMAT0_DIC;ASDAGE;ASDMSCL ASBGSEX;INDICATOR INDICATOR;DEFAULT DEFAULT;TOTWGT;JRR;HALF;Y;25-FEB-26;22h21m;75;5;Z:\RandA\Work\AndresStrello\ILSAreport_checks\DB\TIMSS_4_2003.sav;NONE
Belgium (Flemish);ASDMSCL(1);1,97083506572059;7,195184266166;1;,163523626582223;1,24845074006924;145,257826365304;1,88622736590085E-033;ASMMAT0_DIC;ASDAGE;ASDMSCL ASBGSEX;INDICATOR INDICATOR;DEFAULT DEFAULT;TOTWGT;JRR;HALF;Y;25-FEB-26;22h21m;75;5;Z:\RandA\Work\AndresStrello\ILSAreport_checks\DB\TIMSS_4_2003.sav;NONE
Belgium (Flemish);ASDMSCL(2);,703360867688182;2,02670799120167;1;,16108696458096;,34859641894325;19,0649472632895;1,26344286150575E-005;ASMMAT0_DIC;ASDAGE;ASDMSCL ASBGSEX;INDICATOR INDICATOR;DEFAULT DEFAULT;TOTWGT;JRR;HALF;Y;25-FEB-26;22h21m;75;5;Z:\RandA\Work\AndresStrello\ILSAreport_checks\DB\TIMSS_4_2003.sav;NONE
Belgium (Flemish);ASBGSEX(1);,0668862772551266;1,06995294705885;1;,0811146756485342;,0915011586471215;,679947181100366;,409604912709474;ASMMAT0_DIC;ASDAGE;ASDMSCL ASBGSEX;INDICATOR INDICATOR;DEFAULT DEFAULT;TOTWGT;JRR;HALF;Y;25-FEB-26;22h21m;75;5;Z:\RandA\Work\AndresStrello\ILSAreport_checks\DB\TIMSS_4_2003.sav;NONE
Canada (Ontario);CONSTANT;-1,42706021945493;,276737646128581;1;1,54354534811734;,613105765214825;,854763194517019;,355208336104608;ASMMAT0_DIC;ASDAGE;ASDMSCL ASBGSEX;INDICATOR INDICATOR;DEFAULT DEFAULT;TOTWGT;JRR;HALF;Y;25-FEB-26;22h21m;75;5;Z:\RandA\Work\AndresStrello\ILSAreport_checks\DB\TIMSS_4_2003.sav;NONE
Canada (Ontario);ASDAGE;-,0778906757576199;,926446201400595;1;,155288124075042;,138143100322243;,251590626262321;,615957288932461;ASMMAT0_DIC;ASDAGE;ASDMSCL ASBGSEX;INDICATOR INDICATOR;DEFAULT DEFAULT;TOTWGT;JRR;HALF;Y;25-FEB-26;22h21m;75;5;Z:\RandA\Work\AndresStrello\ILSAreport_checks\DB\TIMSS_4_2003.sav;NONE
Canada (Ontario);ASDMSCL(1);1,79861714292391;6,05460921254884;1;,222172676693538;1,22775125325808;65,5384494193878;5,69911637579343E-016;ASMMAT0_DIC;ASDAGE;ASDMSCL ASBGSEX;INDICATOR INDICATOR;DEFAULT DEFAULT;TOTWGT;JRR;HALF;Y;25-FEB-26;22h21m;75;5;Z:\RandA\Work\AndresStrello\ILSAreport_checks\DB\TIMSS_4_2003.sav;NONE
Canada (Ontario);ASDMSCL(2);,376185284047979;1,47263520630307;1;,267289213220972;,369057454219105;1,98080051197039;,159306099904029;ASMMAT0_DIC;ASDAGE;ASDMSCL ASBGSEX;INDICATOR INDICATOR;DEFAULT DEFAULT;TOTWGT;JRR;HALF;Y;25-FEB-26;22h21m;75;5;Z:\RandA\Work\AndresStrello\ILSAreport_checks\DB\TIMSS_4_2003.sav;NONE
Canada (Ontario);ASBGSEX(1);-,219103658822413;,803964853392283;1;,125936331448224;,102016146908675;3,02689379952972;,0818946594466086;ASMMAT0_DIC;ASDAGE;ASDMSCL ASBGSEX;INDICATOR INDICATOR;DEFAULT DEFAULT;TOTWGT;JRR;HALF;Y;25-FEB-26;22h21m;75;5;Z:\RandA\Work\AndresStrello\ILSAreport_checks\DB\TIMSS_4_2003.sav;NONE
Canada (Quebec);CONSTANT;,943241621815138;3,82847113281324;1;1,4733459238748;10,3840753212739;,409860873063331;,522040129133236;ASMMAT0_DIC;ASDAGE;ASDMSCL ASBGSEX;INDICATOR INDICATOR;DEFAULT DEFAULT;TOTWGT;JRR;HALF;Y;25-FEB-26;22h21m;75;5;Z:\RandA\Work\AndresStrello\ILSAreport_checks\DB\TIMSS_4_2003.sav;NONE
Canada (Quebec);ASDAGE;-,407380071147959;,667433287298636;1;,13253107494155;,083195166632134;9,44852721682087;,00211318717281125;ASMMAT0_DIC;ASDAGE;ASDMSCL ASBGSEX;INDICATOR INDICATOR;DEFAULT DEFAULT;TOTWGT;JRR;HALF;Y;25-FEB-26;22h21m;75;5;Z:\RandA\Work\AndresStrello\ILSAreport_checks\DB\TIMSS_4_2003.sav;NONE
Canada (Quebec);ASDMSCL(1);2,57468667783331;13,3536273676043;1;,437567661730975;5,66567375912221;34,6224929433022;4,00254570118367E-009;ASMMAT0_DIC;ASDAGE;ASDMSCL ASBGSEX;INDICATOR INDICATOR;DEFAULT DEFAULT;TOTWGT;JRR;HALF;Y;25-FEB-26;22h21m;75;5;Z:\RandA\Work\AndresStrello\ILSAreport_checks\DB\TIMSS_4_2003.sav;NONE
Canada (Quebec);ASDMSCL(2);,705249313116017;2,06693639863386;1;,474334187844533;,937860294142478;2,21063218239947;,137062493691437;ASMMAT0_DIC;ASDAGE;ASDMSCL ASBGSEX;INDICATOR INDICATOR;DEFAULT DEFAULT;TOTWGT;JRR;HALF;Y;25-FEB-26;22h21m;75;5;Z:\RandA\Work\AndresStrello\ILSAreport_checks\DB\TIMSS_4_2003.sav;NONE
Canada (Quebec);ASBGSEX(1);-,135253107080498;,873716472698812;1;,0922255520415963;,0828178412576178;2,15076011626596;,142499325548527;ASMMAT0_DIC;ASDAGE;ASDMSCL ASBGSEX;INDICATOR INDICATOR;DEFAULT DEFAULT;TOTWGT;JRR;HALF;Y;25-FEB-26;22h21m;75;5;Z:\RandA\Work\AndresStrello\ILSAreport_checks\DB\TIMSS_4_2003.sav;NONE
Chinese Taipei;CONSTANT;-3,02655372713647;,0535406268632128;1;1,45698299111927;,103214069513839;4,31506966985591;,0377762240864052;ASMMAT0_DIC;ASDAGE;ASDMSCL ASBGSEX;INDICATOR INDICATOR;DEFAULT DEFAULT;TOTWGT;JRR;HALF;Y;25-FEB-26;22h21m;75;5;Z:\RandA\Work\AndresStrello\ILSAreport_checks\DB\TIMSS_4_2003.sav;NONE
Chinese Taipei;ASDAGE;,261396801654508;1,29984410190635;1;,140739660062674;,177287171102804;3,44959050219328;,0632674427686481;ASMMAT0_DIC;ASDAGE;ASDMSCL ASBGSEX;INDICATOR INDICATOR;DEFAULT DEFAULT;TOTWGT;JRR;HALF;Y;25-FEB-26;22h21m;75;5;Z:\RandA\Work\AndresStrello\ILSAreport_checks\DB\TIMSS_4_2003.sav;NONE
Chinese Taipei;ASDMSCL(1);1,54563231076472;4,69294574423508;1;,106977144828237;,501589137356157;208,75186809625;2,57144113671704E-047;ASMMAT0_DIC;ASDAGE;ASDMSCL ASBGSEX;INDICATOR INDICATOR;DEFAULT DEFAULT;TOTWGT;JRR;HALF;Y;25-FEB-26;22h21m;75;5;Z:\RandA\Work\AndresStrello\ILSAreport_checks\DB\TIMSS_4_2003.sav;NONE
Chinese Taipei;ASDMSCL(2);,338228758778819;1,40338984565744;1;,107787852221064;,145523096553021;9,84648961437633;,00170156148580848;ASMMAT0_DIC;ASDAGE;ASDMSCL ASBGSEX;INDICATOR INDICATOR;DEFAULT DEFAULT;TOTWGT;JRR;HALF;Y;25-FEB-26;22h21m;75;5;Z:\RandA\Work\AndresStrello\ILSAreport_checks\DB\TIMSS_4_2003.sav;NONE
Chinese Taipei;ASBGSEX(1);,223857553269375;1,25225197968006;1;,0885372633257835;,113020484467931;6,39280294328092;,0114583956494239;ASMMAT0_DIC;ASDAGE;ASDMSCL ASBGSEX;INDICATOR INDICATOR;DEFAULT DEFAULT;TOTWGT;JRR;HALF;Y;25-FEB-26;22h21m;75;5;Z:\RandA\Work\AndresStrello\ILSAreport_checks\DB\TIMSS_4_2003.sav;NONE
Cyprus;CONSTANT;-3,87323986217824;,0239182211934272;1;1,30358026931038;,0169402570378444;8,82822165572115;,00296607288307723;ASMMAT0_DIC;ASDAGE;ASDMSCL ASBGSEX;INDICATOR INDICATOR;DEFAULT DEFAULT;TOTWGT;JRR;HALF;Y;25-FEB-26;22h21m;75;5;Z:\RandA\Work\AndresStrello\ILSAreport_checks\DB\TIMSS_4_2003.sav;NONE
Cyprus;ASDAGE;,169514523057759;1,1861878842954;1;,12565247224592;,15611888686037;1,82000151028167;,177313096978792;ASMMAT0_DIC;ASDAGE;ASDMSCL ASBGSEX;INDICATOR INDICATOR;DEFAULT DEFAULT;TOTWGT;JRR;HALF;Y;25-FEB-26;22h21m;75;5;Z:\RandA\Work\AndresStrello\ILSAreport_checks\DB\TIMSS_4_2003.sav;NONE
Cyprus;ASDMSCL(1);2,00963912404678;7,64911387550029;1;,422776335528357;3,97599538800788;22,5951284140081;1,99991073144768E-006;ASMMAT0_DIC;ASDAGE;ASDMSCL ASBGSEX;INDICATOR INDICATOR;DEFAULT DEFAULT;TOTWGT;JRR;HALF;Y;25-FEB-26;22h21m;75;5;Z:\RandA\Work\AndresStrello\ILSAreport_checks\DB\TIMSS_4_2003.sav;NONE
Cyprus;ASDMSCL(2);,5040306485687;1,68851434469998;1;,413010278577801;,873647082075051;1,48933422799494;,222319786859311;ASMMAT0_DIC;ASDAGE;ASDMSCL ASBGSEX;INDICATOR INDICATOR;DEFAULT DEFAULT;TOTWGT;JRR;HALF;Y;25-FEB-26;22h21m;75;5;Z:\RandA\Work\AndresStrello\ILSAreport_checks\DB\TIMSS_4_2003.sav;NONE
Cyprus;ASBGSEX(1);-,237045983495095;,790068204608583;1;,0975304553224367;,0737399851648168;5,90724112663297;,015078768936389;ASMMAT0_DIC;ASDAGE;ASDMSCL ASBGSEX;INDICATOR INDICATOR;DEFAULT DEFAULT;TOTWGT;JRR;HALF;Y;25-FEB-26;22h21m;75;5;Z:\RandA\Work\AndresStrello\ILSAreport_checks\DB\TIMSS_4_2003.sav;NONE
England;CONSTANT;-8,79310741517692;,000181696833071199;1;1,65126866791272;,000721521773355486;28,3562813043075;1,00918819866747E-007;ASMMAT0_DIC;ASDAGE;ASDMSCL ASBGSEX;INDICATOR INDICATOR;DEFAULT DEFAULT;TOTWGT;JRR;HALF;Y;25-FEB-26;22h21m;75;5;Z:\RandA\Work\AndresStrello\ILSAreport_checks\DB\TIMSS_4_2003.sav;NONE
England;ASDAGE;,697948222001677;2,01247482334087;1;,161465472337057;,298943832589392;18,6847407213312;1,5421166982195E-005;ASMMAT0_DIC;ASDAGE;ASDMSCL ASBGSEX;INDICATOR INDICATOR;DEFAULT DEFAULT;TOTWGT;JRR;HALF;Y;25-FEB-26;22h21m;75;5;Z:\RandA\Work\AndresStrello\ILSAreport_checks\DB\TIMSS_4_2003.sav;NONE
England;ASDMSCL(1);1,85290684593207;6,39872695805123;1;,177057598095716;1,08816203963624;109,516116466635;1,2508338645906E-025;ASMMAT0_DIC;ASDAGE;ASDMSCL ASBGSEX;INDICATOR INDICATOR;DEFAULT DEFAULT;TOTWGT;JRR;HALF;Y;25-FEB-26;22h21m;75;5;Z:\RandA\Work\AndresStrello\ILSAreport_checks\DB\TIMSS_4_2003.sav;NONE
England;ASDMSCL(2);,693728308725414;2,00343181536014;1;,188498872646716;,351335993333095;13,5444482931819;,000232979551478581;ASMMAT0_DIC;ASDAGE;ASDMSCL ASBGSEX;INDICATOR INDICATOR;DEFAULT DEFAULT;TOTWGT;JRR;HALF;Y;25-FEB-26;22h21m;75;5;Z:\RandA\Work\AndresStrello\ILSAreport_checks\DB\TIMSS_4_2003.sav;NONE
England;ASBGSEX(1);,0517990469385542;1,05339484507828;1;,088329713913887;,0954235926253403;,343898190457753;,557587708605069;ASMMAT0_DIC;ASDAGE;ASDMSCL ASBGSEX;INDICATOR INDICATOR;DEFAULT DEFAULT;TOTWGT;JRR;HALF;Y;25-FEB-26;22h21m;75;5;Z:\RandA\Work\AndresStrello\ILSAreport_checks\DB\TIMSS_4_2003.sav;NONE
Hong Kong, SAR;CONSTANT;1,34152981004218;3,99788240697222;1;,788851100700864;2,88585304133816;2,89208187292724;,0890158307336133;ASMMAT0_DIC;ASDAGE;ASDMSCL ASBGSEX;INDICATOR INDICATOR;DEFAULT DEFAULT;TOTWGT;JRR;HALF;Y;25-FEB-26;22h21m;75;5;Z:\RandA\Work\AndresStrello\ILSAreport_checks\DB\TIMSS_4_2003.sav;NONE
Hong Kong, SAR;ASDAGE;-,141930174338573;,86805995239082;1;,0770944166486298;,0671354429651849;3,38925011337266;,0656227880039241;ASMMAT0_DIC;ASDAGE;ASDMSCL ASBGSEX;INDICATOR INDICATOR;DEFAULT DEFAULT;TOTWGT;JRR;HALF;Y;25-FEB-26;22h21m;75;5;Z:\RandA\Work\AndresStrello\ILSAreport_checks\DB\TIMSS_4_2003.sav;NONE
Hong Kong, SAR;ASDMSCL(1);1,55270555580023;4,73754361640626;1;,142312379929251;,70735814484249;119,039981544267;1,02639704833139E-027;ASMMAT0_DIC;ASDAGE;ASDMSCL ASBGSEX;INDICATOR INDICATOR;DEFAULT DEFAULT;TOTWGT;JRR;HALF;Y;25-FEB-26;22h21m;75;5;Z:\RandA\Work\AndresStrello\ILSAreport_checks\DB\TIMSS_4_2003.sav;NONE
Hong Kong, SAR;ASDMSCL(2);,420431106266367;1,52297990944497;1;,113464318242479;,170976531159591;13,7300166866123;,000211054295568962;ASMMAT0_DIC;ASDAGE;ASDMSCL ASBGSEX;INDICATOR INDICATOR;DEFAULT DEFAULT;TOTWGT;JRR;HALF;Y;25-FEB-26;22h21m;75;5;Z:\RandA\Work\AndresStrello\ILSAreport_checks\DB\TIMSS_4_2003.sav;NONE
Hong Kong, SAR;ASBGSEX(1);,235703811708202;1,26603804619818;1;,0904213921811458;,111337232054564;6,79502146268964;,00914124244191107;ASMMAT0_DIC;ASDAGE;ASDMSCL ASBGSEX;INDICATOR INDICATOR;DEFAULT DEFAULT;TOTWGT;JRR;HALF;Y;25-FEB-26;22h21m;75;5;Z:\RandA\Work\AndresStrello\ILSAreport_checks\DB\TIMSS_4_2003.sav;NONE
Hungary;CONSTANT;2,51900425765911;15,6247824301174;1;1,30424463425564;19,8871797016998;3,73026500273631;,0534349153981012;ASMMAT0_DIC;ASDAGE;ASDMSCL ASBGSEX;INDICATOR INDICATOR;DEFAULT DEFAULT;TOTWGT;JRR;HALF;Y;25-FEB-26;22h21m;75;5;Z:\RandA\Work\AndresStrello\ILSAreport_checks\DB\TIMSS_4_2003.sav;NONE
Hungary;ASDAGE;-,423472762249527;,655765926406814;1;,119280080009399;,0784205833916913;12,6041951877792;,000384881928318437;ASMMAT0_DIC;ASDAGE;ASDMSCL ASBGSEX;INDICATOR INDICATOR;DEFAULT DEFAULT;TOTWGT;JRR;HALF;Y;25-FEB-26;22h21m;75;5;Z:\RandA\Work\AndresStrello\ILSAreport_checks\DB\TIMSS_4_2003.sav;NONE
Hungary;ASDMSCL(1);2,18557330064777;9,04258459206178;1;,289309916267234;2,68003221607272;57,069506100355;4,20678151684033E-014;ASMMAT0_DIC;ASDAGE;ASDMSCL ASBGSEX;INDICATOR INDICATOR;DEFAULT DEFAULT;TOTWGT;JRR;HALF;Y;25-FEB-26;22h21m;75;5;Z:\RandA\Work\AndresStrello\ILSAreport_checks\DB\TIMSS_4_2003.sav;NONE
Hungary;ASDMSCL(2);,545658731929224;1,74415383002365;1;,268250495903899;,45535158586524;4,13772050739896;,0419376066465241;ASMMAT0_DIC;ASDAGE;ASDMSCL ASBGSEX;INDICATOR INDICATOR;DEFAULT DEFAULT;TOTWGT;JRR;HALF;Y;25-FEB-26;22h21m;75;5;Z:\RandA\Work\AndresStrello\ILSAreport_checks\DB\TIMSS_4_2003.sav;NONE
Hungary;ASBGSEX(1);-,0314628049439953;,969854801229457;1;,10158658936631;,0971188339565628;,095922859387093;,756778335649339;ASMMAT0_DIC;ASDAGE;ASDMSCL ASBGSEX;INDICATOR INDICATOR;DEFAULT DEFAULT;TOTWGT;JRR;HALF;Y;25-FEB-26;22h21m;75;5;Z:\RandA\Work\AndresStrello\ILSAreport_checks\DB\TIMSS_4_2003.sav;NONE
Iran, Islamic Republic of;CONSTANT;-1,46731154180975;,337060059121215;1;1,78542077519183;,948215159593002;,675403799654282;,411173916499465;ASMMAT0_DIC;ASDAGE;ASDMSCL ASBGSEX;INDICATOR INDICATOR;DEFAULT DEFAULT;TOTWGT;JRR;HALF;Y;25-FEB-26;22h21m;75;5;Z:\RandA\Work\AndresStrello\ILSAreport_checks\DB\TIMSS_4_2003.sav;NONE
Iran, Islamic Republic of;ASDAGE;-,474006107021019;,625679206882353;1;,167120625510752;,0987382907642315;8,04466139750578;,00456379482483716;ASMMAT0_DIC;ASDAGE;ASDMSCL ASBGSEX;INDICATOR INDICATOR;DEFAULT DEFAULT;TOTWGT;JRR;HALF;Y;25-FEB-26;22h21m;75;5;Z:\RandA\Work\AndresStrello\ILSAreport_checks\DB\TIMSS_4_2003.sav;NONE
Iran, Islamic Republic of;ASDMSCL(1);3,26582077061089;30,3289713578166;1;1,00390144440003;35,0787906207381;10,5828474396327;,00114141719318598;ASMMAT0_DIC;ASDAGE;ASDMSCL ASBGSEX;INDICATOR INDICATOR;DEFAULT DEFAULT;TOTWGT;JRR;HALF;Y;25-FEB-26;22h21m;75;5;Z:\RandA\Work\AndresStrello\ILSAreport_checks\DB\TIMSS_4_2003.sav;NONE
Iran, Islamic Republic of;ASDMSCL(2);1,42146664654146;5,42085705521343;1;1,14741917054805;7,13656989165572;1,53471997058718;,215405441222501;ASMMAT0_DIC;ASDAGE;ASDMSCL ASBGSEX;INDICATOR INDICATOR;DEFAULT DEFAULT;TOTWGT;JRR;HALF;Y;25-FEB-26;22h21m;75;5;Z:\RandA\Work\AndresStrello\ILSAreport_checks\DB\TIMSS_4_2003.sav;NONE
Iran, Islamic Republic of;ASBGSEX(1);,0104014739075041;1,01395991057363;1;,329195333859472;,31437983478397;,000998349090155714;,974793704887904;ASMMAT0_DIC;ASDAGE;ASDMSCL ASBGSEX;INDICATOR INDICATOR;DEFAULT DEFAULT;TOTWGT;JRR;HALF;Y;25-FEB-26;22h21m;75;5;Z:\RandA\Work\AndresStrello\ILSAreport_checks\DB\TIMSS_4_2003.sav;NONE
Italy;CONSTANT;-3,64150043990083;,0312357638430702;1;1,51172681828876;,0603534836446797;5,80248596024301;,0160035322839957;ASMMAT0_DIC;ASDAGE;ASDMSCL ASBGSEX;INDICATOR INDICATOR;DEFAULT DEFAULT;TOTWGT;JRR;HALF;Y;25-FEB-26;22h21m;75;5;Z:\RandA\Work\AndresStrello\ILSAreport_checks\DB\TIMSS_4_2003.sav;NONE
Italy;ASDAGE;,196511660084549;1,2202149623482;1;,149128928087187;,177475890102069;1,73641231183332;,187594053334249;ASMMAT0_DIC;ASDAGE;ASDMSCL ASBGSEX;INDICATOR INDICATOR;DEFAULT DEFAULT;TOTWGT;JRR;HALF;Y;25-FEB-26;22h21m;75;5;Z:\RandA\Work\AndresStrello\ILSAreport_checks\DB\TIMSS_4_2003.sav;NONE
Italy;ASDMSCL(1);1,30964999418343;3,70642305386763;1;,227778997679242;,906695550790248;33,0584993639805;8,94272671415182E-009;ASMMAT0_DIC;ASDAGE;ASDMSCL ASBGSEX;INDICATOR INDICATOR;DEFAULT DEFAULT;TOTWGT;JRR;HALF;Y;25-FEB-26;22h21m;75;5;Z:\RandA\Work\AndresStrello\ILSAreport_checks\DB\TIMSS_4_2003.sav;NONE
Italy;ASDMSCL(2);,350256803405517;1,41999077487819;1;,264757893910388;,388541538712822;1,75015020887889;,185857850133107;ASMMAT0_DIC;ASDAGE;ASDMSCL ASBGSEX;INDICATOR INDICATOR;DEFAULT DEFAULT;TOTWGT;JRR;HALF;Y;25-FEB-26;22h21m;75;5;Z:\RandA\Work\AndresStrello\ILSAreport_checks\DB\TIMSS_4_2003.sav;NONE
Italy;ASBGSEX(1);-,303281227465513;,739160949641978;1;,0933979091855779;,0691411082022108;10,5442756286165;,00116548490800754;ASMMAT0_DIC;ASDAGE;ASDMSCL ASBGSEX;INDICATOR INDICATOR;DEFAULT DEFAULT;TOTWGT;JRR;HALF;Y;25-FEB-26;22h21m;75;5;Z:\RandA\Work\AndresStrello\ILSAreport_checks\DB\TIMSS_4_2003.sav;NONE
Japan;CONSTANT;-2,11062685226056;,169083890748221;1;1,80897113454601;,313489261380154;1,36131817966323;,243309160160594;ASMMAT0_DIC;ASDAGE;ASDMSCL ASBGSEX;INDICATOR INDICATOR;DEFAULT DEFAULT;TOTWGT;JRR;HALF;Y;25-FEB-26;22h21m;75;5;Z:\RandA\Work\AndresStrello\ILSAreport_checks\DB\TIMSS_4_2003.sav;NONE
Japan;ASDAGE;,166125186943887;1,1869790532393;1;,172526308043764;,205334211377563;,927172000077194;,335598858871701;ASMMAT0_DIC;ASDAGE;ASDMSCL ASBGSEX;INDICATOR INDICATOR;DEFAULT DEFAULT;TOTWGT;JRR;HALF;Y;25-FEB-26;22h21m;75;5;Z:\RandA\Work\AndresStrello\ILSAreport_checks\DB\TIMSS_4_2003.sav;NONE
Japan;ASDMSCL(1);1,7860433692199;5,98171231539453;1;,126164526779875;,801071225271256;200,405425359226;1,70356789622882E-045;ASMMAT0_DIC;ASDAGE;ASDMSCL ASBGSEX;INDICATOR INDICATOR;DEFAULT DEFAULT;TOTWGT;JRR;HALF;Y;25-FEB-26;22h21m;75;5;Z:\RandA\Work\AndresStrello\ILSAreport_checks\DB\TIMSS_4_2003.sav;NONE
Japan;ASDMSCL(2);,480614933275959;1,61840870561862;1;,0994736001498005;,166263550294393;23,3441921335286;1,35451879431284E-006;ASMMAT0_DIC;ASDAGE;ASDMSCL ASBGSEX;INDICATOR INDICATOR;DEFAULT DEFAULT;TOTWGT;JRR;HALF;Y;25-FEB-26;22h21m;75;5;Z:\RandA\Work\AndresStrello\ILSAreport_checks\DB\TIMSS_4_2003.sav;NONE
Japan;ASBGSEX(1);,0645189978205984;1,06732851631771;1;,0836143278196341;,0939087575315157;,59540684080385;,440335910273985;ASMMAT0_DIC;ASDAGE;ASDMSCL ASBGSEX;INDICATOR INDICATOR;DEFAULT DEFAULT;TOTWGT;JRR;HALF;Y;25-FEB-26;22h21m;75;5;Z:\RandA\Work\AndresStrello\ILSAreport_checks\DB\TIMSS_4_2003.sav;NONE
Latvia;CONSTANT;2,13483936928883;11,1888118642121;1;1,51190693323743;9,12026716054407;1,99379402023818;,157944745910435;ASMMAT0_DIC;ASDAGE;ASDMSCL ASBGSEX;INDICATOR INDICATOR;DEFAULT DEFAULT;TOTWGT;JRR;HALF;Y;25-FEB-26;22h21m;75;5;Z:\RandA\Work\AndresStrello\ILSAreport_checks\DB\TIMSS_4_2003.sav;NONE
Latvia;ASDAGE;-,32697374861778;,723208965476077;1;,135715525328378;,102490856640428;5,80452529983027;,0159849824852518;ASMMAT0_DIC;ASDAGE;ASDMSCL ASBGSEX;INDICATOR INDICATOR;DEFAULT DEFAULT;TOTWGT;JRR;HALF;Y;25-FEB-26;22h21m;75;5;Z:\RandA\Work\AndresStrello\ILSAreport_checks\DB\TIMSS_4_2003.sav;NONE
Latvia;ASDMSCL(1);1,95787994653139;7,10674664826627;1;,157681884904339;1,13373461222053;154,173066558525;2,12279045384191E-035;ASMMAT0_DIC;ASDAGE;ASDMSCL ASBGSEX;INDICATOR INDICATOR;DEFAULT DEFAULT;TOTWGT;JRR;HALF;Y;25-FEB-26;22h21m;75;5;Z:\RandA\Work\AndresStrello\ILSAreport_checks\DB\TIMSS_4_2003.sav;NONE
Latvia;ASDMSCL(2);,693895928710012;2,00890970754685;1;,152952992933465;,30956705298888;20,5812960445322;5,71517726427935E-006;ASMMAT0_DIC;ASDAGE;ASDMSCL ASBGSEX;INDICATOR INDICATOR;DEFAULT DEFAULT;TOTWGT;JRR;HALF;Y;25-FEB-26;22h21m;75;5;Z:\RandA\Work\AndresStrello\ILSAreport_checks\DB\TIMSS_4_2003.sav;NONE
Latvia;ASBGSEX(1);,0288999785154088;1,02994436819197;1;,0856818342475239;,0887965013485601;,113767320496366;,735895195061881;ASMMAT0_DIC;ASDAGE;ASDMSCL ASBGSEX;INDICATOR INDICATOR;DEFAULT DEFAULT;TOTWGT;JRR;HALF;Y;25-FEB-26;22h21m;75;5;Z:\RandA\Work\AndresStrello\ILSAreport_checks\DB\TIMSS_4_2003.sav;NONE
Lithuania;CONSTANT;,685359555875784;3,37275371624017;1;1,81716935373412;3,8633058381242;,142247989577182;,706056355432119;ASMMAT0_DIC;ASDAGE;ASDMSCL ASBGSEX;INDICATOR INDICATOR;DEFAULT DEFAULT;TOTWGT;JRR;HALF;Y;25-FEB-26;22h21m;75;5;Z:\RandA\Work\AndresStrello\ILSAreport_checks\DB\TIMSS_4_2003.sav;NONE
Lithuania;ASDAGE;-,178296265931033;,84063038637149;1;,160747309421242;,142596356569006;1,23026047274609;,267356388307557;ASMMAT0_DIC;ASDAGE;ASDMSCL ASBGSEX;INDICATOR INDICATOR;DEFAULT DEFAULT;TOTWGT;JRR;HALF;Y;25-FEB-26;22h21m;75;5;Z:\RandA\Work\AndresStrello\ILSAreport_checks\DB\TIMSS_4_2003.sav;NONE
Lithuania;ASDMSCL(1);1,55640911508517;4,75703719310955;1;,255077405633183;1,33300852570044;37,230901205546;1,04937694628123E-009;ASMMAT0_DIC;ASDAGE;ASDMSCL ASBGSEX;INDICATOR INDICATOR;DEFAULT DEFAULT;TOTWGT;JRR;HALF;Y;25-FEB-26;22h21m;75;5;Z:\RandA\Work\AndresStrello\ILSAreport_checks\DB\TIMSS_4_2003.sav;NONE
Lithuania;ASDMSCL(2);,240935065325413;1,27552027524384;1;,238563027268773;,306387404509569;1,01998491300471;,312522587851366;ASMMAT0_DIC;ASDAGE;ASDMSCL ASBGSEX;INDICATOR INDICATOR;DEFAULT DEFAULT;TOTWGT;JRR;HALF;Y;25-FEB-26;22h21m;75;5;Z:\RandA\Work\AndresStrello\ILSAreport_checks\DB\TIMSS_4_2003.sav;NONE
Lithuania;ASBGSEX(1);,0278815037603569;1,0286615064246;1;,10232918098111;,109179452406709;,0742392182882417;,785261618522356;ASMMAT0_DIC;ASDAGE;ASDMSCL ASBGSEX;INDICATOR INDICATOR;DEFAULT DEFAULT;TOTWGT;JRR;HALF;Y;25-FEB-26;22h21m;75;5;Z:\RandA\Work\AndresStrello\ILSAreport_checks\DB\TIMSS_4_2003.sav;NONE
Moldova;CONSTANT;-3,31488692039024;,0380080684934112;1;1,13690778790695;,0484687928191254;8,50133153675853;,00354886679872582;ASMMAT0_DIC;ASDAGE;ASDMSCL ASBGSEX;INDICATOR INDICATOR;DEFAULT DEFAULT;TOTWGT;JRR;HALF;Y;25-FEB-26;22h21m;75;5;Z:\RandA\Work\AndresStrello\ILSAreport_checks\DB\TIMSS_4_2003.sav;NONE
Moldova;ASDAGE;,113112984240296;1,12050609498828;1;,109899272262131;,120719633725184;1,05933979618918;,303365810421471;ASMMAT0_DIC;ASDAGE;ASDMSCL ASBGSEX;INDICATOR INDICATOR;DEFAULT DEFAULT;TOTWGT;JRR;HALF;Y;25-FEB-26;22h21m;75;5;Z:\RandA\Work\AndresStrello\ILSAreport_checks\DB\TIMSS_4_2003.sav;NONE
Moldova;ASDMSCL(1);1,79386572622335;6,04901245944579;1;,261233444999428;1,66982507361937;47,1544093347419;6,56088906543652E-012;ASMMAT0_DIC;ASDAGE;ASDMSCL ASBGSEX;INDICATOR INDICATOR;DEFAULT DEFAULT;TOTWGT;JRR;HALF;Y;25-FEB-26;22h21m;75;5;Z:\RandA\Work\AndresStrello\ILSAreport_checks\DB\TIMSS_4_2003.sav;NONE
Moldova;ASDMSCL(2);,507340317576253;1,66768736121009;1;,256231723810769;,447367583573487;3,92042325065463;,0477028689429688;ASMMAT0_DIC;ASDAGE;ASDMSCL ASBGSEX;INDICATOR INDICATOR;DEFAULT DEFAULT;TOTWGT;JRR;HALF;Y;25-FEB-26;22h21m;75;5;Z:\RandA\Work\AndresStrello\ILSAreport_checks\DB\TIMSS_4_2003.sav;NONE
Moldova;ASBGSEX(1);,206297119633414;1,22935254593084;1;,0856749986680579;,106050787659731;5,79799873008468;,0160444262141053;ASMMAT0_DIC;ASDAGE;ASDMSCL ASBGSEX;INDICATOR INDICATOR;DEFAULT DEFAULT;TOTWGT;JRR;HALF;Y;25-FEB-26;22h21m;75;5;Z:\RandA\Work\AndresStrello\ILSAreport_checks\DB\TIMSS_4_2003.sav;NONE
Morocco;CONSTANT;-10,6411342141848;5,14028626682849;1;8,74706242550692;12,5910759492909;1,47996481258634;,223780027780459;ASMMAT0_DIC;ASDAGE;ASDMSCL ASBGSEX;INDICATOR INDICATOR;DEFAULT DEFAULT;TOTWGT;JRR;HALF;Y;25-FEB-26;22h21m;75;5;Z:\RandA\Work\AndresStrello\ILSAreport_checks\DB\TIMSS_4_2003.sav;NONE
Morocco;ASDAGE;-,66720004074976;,515139129114311;1;,195722477686205;,105067228421756;11,6206579599161;,000652233242691452;ASMMAT0_DIC;ASDAGE;ASDMSCL ASBGSEX;INDICATOR INDICATOR;DEFAULT DEFAULT;TOTWGT;JRR;HALF;Y;25-FEB-26;22h21m;75;5;Z:\RandA\Work\AndresStrello\ILSAreport_checks\DB\TIMSS_4_2003.sav;NONE
Morocco;ASDMSCL(1);13,5346248651147;15260745,8988018;1;7,87689918727664;11079534,572957;2,9524453789616;,0857477189772477;ASMMAT0_DIC;ASDAGE;ASDMSCL ASBGSEX;INDICATOR INDICATOR;DEFAULT DEFAULT;TOTWGT;JRR;HALF;Y;25-FEB-26;22h21m;75;5;Z:\RandA\Work\AndresStrello\ILSAreport_checks\DB\TIMSS_4_2003.sav;NONE
Morocco;ASDMSCL(2);12,4404618577285;5219019,53153942;1;7,93183721546111;4864910,16086811;2,45994514526095;,116782860437089;ASMMAT0_DIC;ASDAGE;ASDMSCL ASBGSEX;INDICATOR INDICATOR;DEFAULT DEFAULT;TOTWGT;JRR;HALF;Y;25-FEB-26;22h21m;75;5;Z:\RandA\Work\AndresStrello\ILSAreport_checks\DB\TIMSS_4_2003.sav;NONE
Morocco;ASBGSEX(1);-,464796308940186;,662429488154838;1;,623567145312808;,345416040380644;,555595719782887;,456040257184792;ASMMAT0_DIC;ASDAGE;ASDMSCL ASBGSEX;INDICATOR INDICATOR;DEFAULT DEFAULT;TOTWGT;JRR;HALF;Y;25-FEB-26;22h21m;75;5;Z:\RandA\Work\AndresStrello\ILSAreport_checks\DB\TIMSS_4_2003.sav;NONE
Netherlands;CONSTANT;7,98077888872583;4812,77558663025;1;1,58140994273883;7137,53122646482;25,4683979552875;4,49688774428365E-007;ASMMAT0_DIC;ASDAGE;ASDMSCL ASBGSEX;INDICATOR INDICATOR;DEFAULT DEFAULT;TOTWGT;JRR;HALF;Y;25-FEB-26;22h21m;75;5;Z:\RandA\Work\AndresStrello\ILSAreport_checks\DB\TIMSS_4_2003.sav;NONE
Netherlands;ASDAGE;-,979882579688646;,3767127074621;1;,151303933647447;,0583584214965022;41,9418551023226;9,40282322643044E-011;ASMMAT0_DIC;ASDAGE;ASDMSCL ASBGSEX;INDICATOR INDICATOR;DEFAULT DEFAULT;TOTWGT;JRR;HALF;Y;25-FEB-26;22h21m;75;5;Z:\RandA\Work\AndresStrello\ILSAreport_checks\DB\TIMSS_4_2003.sav;NONE
Netherlands;ASDMSCL(1);2,26898044457547;9,73544402491603;1;,2098333977989;1,8463332512323;116,926319477212;2,97932752565825E-027;ASMMAT0_DIC;ASDAGE;ASDMSCL ASBGSEX;INDICATOR INDICATOR;DEFAULT DEFAULT;TOTWGT;JRR;HALF;Y;25-FEB-26;22h21m;75;5;Z:\RandA\Work\AndresStrello\ILSAreport_checks\DB\TIMSS_4_2003.sav;NONE
Netherlands;ASDMSCL(2);,833132743081189;2,31437665632662;1;,209823729026549;,421868231316386;15,765915839538;7,16823276662528E-005;ASMMAT0_DIC;ASDAGE;ASDMSCL ASBGSEX;INDICATOR INDICATOR;DEFAULT DEFAULT;TOTWGT;JRR;HALF;Y;25-FEB-26;22h21m;75;5;Z:\RandA\Work\AndresStrello\ILSAreport_checks\DB\TIMSS_4_2003.sav;NONE
Netherlands;ASBGSEX(1);,0584044913977242;1,06128613761215;1;,109402866704131;,12362550911705;,284993587690427;,593446765723433;ASMMAT0_DIC;ASDAGE;ASDMSCL ASBGSEX;INDICATOR INDICATOR;DEFAULT DEFAULT;TOTWGT;JRR;HALF;Y;25-FEB-26;22h21m;75;5;Z:\RandA\Work\AndresStrello\ILSAreport_checks\DB\TIMSS_4_2003.sav;NONE
New Zealand;CONSTANT;-5,3924013592269;,00600777954368968;1;1,66695045791178;,00664098640681107;10,4645132827296;,00121689604901009;ASMMAT0_DIC;ASDAGE;ASDMSCL ASBGSEX;INDICATOR INDICATOR;DEFAULT DEFAULT;TOTWGT;JRR;HALF;Y;25-FEB-26;22h21m;75;5;Z:\RandA\Work\AndresStrello\ILSAreport_checks\DB\TIMSS_4_2003.sav;NONE
New Zealand;ASDAGE;,25810428054801;1,29748807844145;1;,160663808559734;,215426499357936;2,58079969576909;,108167002686157;ASMMAT0_DIC;ASDAGE;ASDMSCL ASBGSEX;INDICATOR INDICATOR;DEFAULT DEFAULT;TOTWGT;JRR;HALF;Y;25-FEB-26;22h21m;75;5;Z:\RandA\Work\AndresStrello\ILSAreport_checks\DB\TIMSS_4_2003.sav;NONE
New Zealand;ASDMSCL(1);2,38843305784783;10,9425747855441;1;,267833953136523;3,00165418424487;79,52338981263;4,76550148345252E-019;ASMMAT0_DIC;ASDAGE;ASDMSCL ASBGSEX;INDICATOR INDICATOR;DEFAULT DEFAULT;TOTWGT;JRR;HALF;Y;25-FEB-26;22h21m;75;5;Z:\RandA\Work\AndresStrello\ILSAreport_checks\DB\TIMSS_4_2003.sav;NONE
New Zealand;ASDMSCL(2);,841585504933117;2,32663031145007;1;,273631233399102;,700086554980434;9,45943413266516;,00210065865994049;ASMMAT0_DIC;ASDAGE;ASDMSCL ASBGSEX;INDICATOR INDICATOR;DEFAULT DEFAULT;TOTWGT;JRR;HALF;Y;25-FEB-26;22h21m;75;5;Z:\RandA\Work\AndresStrello\ILSAreport_checks\DB\TIMSS_4_2003.sav;NONE
New Zealand;ASBGSEX(1);,0421267278126102;1,04373871726654;1;,0933611509290738;,0936899903085756;,203602478048741;,651828609014711;ASMMAT0_DIC;ASDAGE;ASDMSCL ASBGSEX;INDICATOR INDICATOR;DEFAULT DEFAULT;TOTWGT;JRR;HALF;Y;25-FEB-26;22h21m;75;5;Z:\RandA\Work\AndresStrello\ILSAreport_checks\DB\TIMSS_4_2003.sav;NONE
Norway;CONSTANT;-10,2108919347886;4,69630841274793E-005;1;2,04697632495975;4,42126014516243E-005;24,8829416108832;6,0919097925423E-007;ASMMAT0_DIC;ASDAGE;ASDMSCL ASBGSEX;INDICATOR INDICATOR;DEFAULT DEFAULT;TOTWGT;JRR;HALF;Y;25-FEB-26;22h21m;75;5;Z:\RandA\Work\AndresStrello\ILSAreport_checks\DB\TIMSS_4_2003.sav;NONE
Norway;ASDAGE;,619349097957392;1,8629787349953;1;,184068737221026;,374479603702816;11,3216820160365;,000766072890094483;ASMMAT0_DIC;ASDAGE;ASDMSCL ASBGSEX;INDICATOR INDICATOR;DEFAULT DEFAULT;TOTWGT;JRR;HALF;Y;25-FEB-26;22h21m;75;5;Z:\RandA\Work\AndresStrello\ILSAreport_checks\DB\TIMSS_4_2003.sav;NONE
Norway;ASDMSCL(1);2,43150596231753;11,7207832017859;1;1,05630955576381;17,941307557003;5,29868693334396;,0213415066502357;ASMMAT0_DIC;ASDAGE;ASDMSCL ASBGSEX;INDICATOR INDICATOR;DEFAULT DEFAULT;TOTWGT;JRR;HALF;Y;25-FEB-26;22h21m;75;5;Z:\RandA\Work\AndresStrello\ILSAreport_checks\DB\TIMSS_4_2003.sav;NONE
Norway;ASDMSCL(2);,964001314932236;2,740501154164;1;1,02505408667069;3,33648076392038;,884426383783689;,346992187890112;ASMMAT0_DIC;ASDAGE;ASDMSCL ASBGSEX;INDICATOR INDICATOR;DEFAULT DEFAULT;TOTWGT;JRR;HALF;Y;25-FEB-26;22h21m;75;5;Z:\RandA\Work\AndresStrello\ILSAreport_checks\DB\TIMSS_4_2003.sav;NONE
Norway;ASBGSEX(1);-,205218454668821;,816089945323973;1;,127558837261474;,108579175508761;2,58828277564133;,107656999042987;ASMMAT0_DIC;ASDAGE;ASDMSCL ASBGSEX;INDICATOR INDICATOR;DEFAULT DEFAULT;TOTWGT;JRR;HALF;Y;25-FEB-26;22h21m;75;5;Z:\RandA\Work\AndresStrello\ILSAreport_checks\DB\TIMSS_4_2003.sav;NONE
Philippines;CONSTANT;-1,72333216961796;,185850615134444;1;,871355021999585;,235343913079427;3,91153943541414;,0479556504749714;ASMMAT0_DIC;ASDAGE;ASDMSCL ASBGSEX;INDICATOR INDICATOR;DEFAULT DEFAULT;TOTWGT;JRR;HALF;Y;25-FEB-26;22h21m;75;5;Z:\RandA\Work\AndresStrello\ILSAreport_checks\DB\TIMSS_4_2003.sav;NONE
Philippines;ASDAGE;-,23472963517805;,791073119322525;1;,0721273506367175;,0553551025543412;10,5909736462733;,00113641114236227;ASMMAT0_DIC;ASDAGE;ASDMSCL ASBGSEX;INDICATOR INDICATOR;DEFAULT DEFAULT;TOTWGT;JRR;HALF;Y;25-FEB-26;22h21m;75;5;Z:\RandA\Work\AndresStrello\ILSAreport_checks\DB\TIMSS_4_2003.sav;NONE
Philippines;ASDMSCL(1);1,98532511801623;7,43729458447451;1;,413744763826462;3,21077209293628;23,0249265432643;1,59914502606137E-006;ASMMAT0_DIC;ASDAGE;ASDMSCL ASBGSEX;INDICATOR INDICATOR;DEFAULT DEFAULT;TOTWGT;JRR;HALF;Y;25-FEB-26;22h21m;75;5;Z:\RandA\Work\AndresStrello\ILSAreport_checks\DB\TIMSS_4_2003.sav;NONE
Philippines;ASDMSCL(2);,659111501292992;1,96402476887328;1;,356533311320944;,692314139620946;3,41757106912667;,0645058571726882;ASMMAT0_DIC;ASDAGE;ASDMSCL ASBGSEX;INDICATOR INDICATOR;DEFAULT DEFAULT;TOTWGT;JRR;HALF;Y;25-FEB-26;22h21m;75;5;Z:\RandA\Work\AndresStrello\ILSAreport_checks\DB\TIMSS_4_2003.sav;NONE
Philippines;ASBGSEX(1);,0988235104547255;1,10880332361672;1;,159426957239715;,176902862212981;,384235103532144;,5353453503783;ASMMAT0_DIC;ASDAGE;ASDMSCL ASBGSEX;INDICATOR INDICATOR;DEFAULT DEFAULT;TOTWGT;JRR;HALF;Y;25-FEB-26;22h21m;75;5;Z:\RandA\Work\AndresStrello\ILSAreport_checks\DB\TIMSS_4_2003.sav;NONE
Russian Federation;CONSTANT;1,03397277612886;2,8764509189542;1;1,13318385251055;3,05853147554488;,832563665701343;,361532264393407;ASMMAT0_DIC;ASDAGE;ASDMSCL ASBGSEX;INDICATOR INDICATOR;DEFAULT DEFAULT;TOTWGT;JRR;HALF;Y;25-FEB-26;22h21m;75;5;Z:\RandA\Work\AndresStrello\ILSAreport_checks\DB\TIMSS_4_2003.sav;NONE
Russian Federation;ASDAGE;-,196132018996706;,822108476311052;1;,103922436289447;,0861636208228222;3,5618724141604;,0591210148287909;ASMMAT0_DIC;ASDAGE;ASDMSCL ASBGSEX;INDICATOR INDICATOR;DEFAULT DEFAULT;TOTWGT;JRR;HALF;Y;25-FEB-26;22h21m;75;5;Z:\RandA\Work\AndresStrello\ILSAreport_checks\DB\TIMSS_4_2003.sav;NONE
Russian Federation;ASDMSCL(1);1,29341897413436;3,65341156064788;1;,161701449397687;,570753043150232;63,98094199333;1,25628632076932E-015;ASMMAT0_DIC;ASDAGE;ASDMSCL ASBGSEX;INDICATOR INDICATOR;DEFAULT DEFAULT;TOTWGT;JRR;HALF;Y;25-FEB-26;22h21m;75;5;Z:\RandA\Work\AndresStrello\ILSAreport_checks\DB\TIMSS_4_2003.sav;NONE
Russian Federation;ASDMSCL(2);,273567228105938;1,31746038498522;1;,15975390743817;,20854072445227;2,93241316891362;,0868176337762352;ASMMAT0_DIC;ASDAGE;ASDMSCL ASBGSEX;INDICATOR INDICATOR;DEFAULT DEFAULT;TOTWGT;JRR;HALF;Y;25-FEB-26;22h21m;75;5;Z:\RandA\Work\AndresStrello\ILSAreport_checks\DB\TIMSS_4_2003.sav;NONE
Russian Federation;ASBGSEX(1);-,0892324763820529;,915022020019016;1;,094159922779927;,0855441289914163;,898077268692072;,34329778973911;ASMMAT0_DIC;ASDAGE;ASDMSCL ASBGSEX;INDICATOR INDICATOR;DEFAULT DEFAULT;TOTWGT;JRR;HALF;Y;25-FEB-26;22h21m;75;5;Z:\RandA\Work\AndresStrello\ILSAreport_checks\DB\TIMSS_4_2003.sav;NONE
Scotland;CONSTANT;-4,11633690001438;,0260356569434758;1;1,79826297857552;,103428030359592;5,23980853070464;,0220757034705242;ASMMAT0_DIC;ASDAGE;ASDMSCL ASBGSEX;INDICATOR INDICATOR;DEFAULT DEFAULT;TOTWGT;JRR;HALF;Y;25-FEB-26;22h21m;75;5;Z:\RandA\Work\AndresStrello\ILSAreport_checks\DB\TIMSS_4_2003.sav;NONE
Scotland;ASDAGE;,18530955248834;1,20885518794308;1;,17305084811321;,190526032318215;1,1466956112785;,284241943693673;ASMMAT0_DIC;ASDAGE;ASDMSCL ASBGSEX;INDICATOR INDICATOR;DEFAULT DEFAULT;TOTWGT;JRR;HALF;Y;25-FEB-26;22h21m;75;5;Z:\RandA\Work\AndresStrello\ILSAreport_checks\DB\TIMSS_4_2003.sav;NONE
Scotland;ASDMSCL(1);1,59803592528951;4,96105062908526;1;,276010574506121;1,36033696597771;33,5213603538811;7,04856368307296E-009;ASMMAT0_DIC;ASDAGE;ASDMSCL ASBGSEX;INDICATOR INDICATOR;DEFAULT DEFAULT;TOTWGT;JRR;HALF;Y;25-FEB-26;22h21m;75;5;Z:\RandA\Work\AndresStrello\ILSAreport_checks\DB\TIMSS_4_2003.sav;NONE
Scotland;ASDMSCL(2);,577878413217956;1,78922115818619;1;,298150903162764;,533108924740771;3,75664956869264;,0525978726005933;ASMMAT0_DIC;ASDAGE;ASDMSCL ASBGSEX;INDICATOR INDICATOR;DEFAULT DEFAULT;TOTWGT;JRR;HALF;Y;25-FEB-26;22h21m;75;5;Z:\RandA\Work\AndresStrello\ILSAreport_checks\DB\TIMSS_4_2003.sav;NONE
Scotland;ASBGSEX(1);-,373686235132847;,68838538129734;1;,107759404996972;,0775492916401842;12,0255190891857;,000524770818083302;ASMMAT0_DIC;ASDAGE;ASDMSCL ASBGSEX;INDICATOR INDICATOR;DEFAULT DEFAULT;TOTWGT;JRR;HALF;Y;25-FEB-26;22h21m;75;5;Z:\RandA\Work\AndresStrello\ILSAreport_checks\DB\TIMSS_4_2003.sav;NONE
Singapore;CONSTANT;-2,15830348160737;,133235593093862;1;1,07355499668581;,11469504397941;4,04181496307677;,0443860614961268;ASMMAT0_DIC;ASDAGE;ASDMSCL ASBGSEX;INDICATOR INDICATOR;DEFAULT DEFAULT;TOTWGT;JRR;HALF;Y;25-FEB-26;22h21m;75;5;Z:\RandA\Work\AndresStrello\ILSAreport_checks\DB\TIMSS_4_2003.sav;NONE
Singapore;ASDAGE;,176857118255518;1,19496213005341;1;,102266333783655;,125678698130334;2,99074726812809;,0837415164634646;ASMMAT0_DIC;ASDAGE;ASDMSCL ASBGSEX;INDICATOR INDICATOR;DEFAULT DEFAULT;TOTWGT;JRR;HALF;Y;25-FEB-26;22h21m;75;5;Z:\RandA\Work\AndresStrello\ILSAreport_checks\DB\TIMSS_4_2003.sav;NONE
Singapore;ASDMSCL(1);2,12423565387006;8,3824545740611;1;,1401724722937;1,10212256676371;229,657123682903;7,08138862330768E-052;ASMMAT0_DIC;ASDAGE;ASDMSCL ASBGSEX;INDICATOR INDICATOR;DEFAULT DEFAULT;TOTWGT;JRR;HALF;Y;25-FEB-26;22h21m;75;5;Z:\RandA\Work\AndresStrello\ILSAreport_checks\DB\TIMSS_4_2003.sav;NONE
Singapore;ASDMSCL(2);,702515737838851;2,02061580654076;1;,118283949352893;,225060264951054;35,2744687918578;2,86361554088141E-009;ASMMAT0_DIC;ASDAGE;ASDMSCL ASBGSEX;INDICATOR INDICATOR;DEFAULT DEFAULT;TOTWGT;JRR;HALF;Y;25-FEB-26;22h21m;75;5;Z:\RandA\Work\AndresStrello\ILSAreport_checks\DB\TIMSS_4_2003.sav;NONE
Singapore;ASBGSEX(1);,51892859261445;1,68121588241033;1;,0964877673864858;,154515959546696;28,9248214291677;7,52425203745273E-008;ASMMAT0_DIC;ASDAGE;ASDMSCL ASBGSEX;INDICATOR INDICATOR;DEFAULT DEFAULT;TOTWGT;JRR;HALF;Y;25-FEB-26;22h21m;75;5;Z:\RandA\Work\AndresStrello\ILSAreport_checks\DB\TIMSS_4_2003.sav;NONE
Slovenia;CONSTANT;-9,84382912286791;,0758042798570626;1;10,457416418353;,127497020277153;,886093045988732;,346538256008114;ASMMAT0_DIC;ASDAGE;ASDMSCL ASBGSEX;INDICATOR INDICATOR;DEFAULT DEFAULT;TOTWGT;JRR;HALF;Y;25-FEB-26;22h21m;75;5;Z:\RandA\Work\AndresStrello\ILSAreport_checks\DB\TIMSS_4_2003.sav;NONE
Slovenia;ASDAGE;-,116261576090179;,897105308110217;1;,253314929139877;,26184990870788;,210644847655644;,646262447914289;ASMMAT0_DIC;ASDAGE;ASDMSCL ASBGSEX;INDICATOR INDICATOR;DEFAULT DEFAULT;TOTWGT;JRR;HALF;Y;25-FEB-26;22h21m;75;5;Z:\RandA\Work\AndresStrello\ILSAreport_checks\DB\TIMSS_4_2003.sav;NONE
Slovenia;ASDMSCL(1);9,90975174497178;192554501,183862;1;10,124017347232;288860861,832006;,958119741033341;,327661062746147;ASMMAT0_DIC;ASDAGE;ASDMSCL ASBGSEX;INDICATOR INDICATOR;DEFAULT DEFAULT;TOTWGT;JRR;HALF;Y;25-FEB-26;22h21m;75;5;Z:\RandA\Work\AndresStrello\ILSAreport_checks\DB\TIMSS_4_2003.sav;NONE
Slovenia;ASDMSCL(2);7,77438822141657;26171708,0230078;1;10,2647147172963;39345437,3638756;,57363901320805;,448816482200349;ASMMAT0_DIC;ASDAGE;ASDMSCL ASBGSEX;INDICATOR INDICATOR;DEFAULT DEFAULT;TOTWGT;JRR;HALF;Y;25-FEB-26;22h21m;75;5;Z:\RandA\Work\AndresStrello\ILSAreport_checks\DB\TIMSS_4_2003.sav;NONE
Slovenia;ASBGSEX(1);-,286645514972079;,752627094332913;1;,146101777161671;,108655863610639;3,84927823913128;,0497674026053817;ASMMAT0_DIC;ASDAGE;ASDMSCL ASBGSEX;INDICATOR INDICATOR;DEFAULT DEFAULT;TOTWGT;JRR;HALF;Y;25-FEB-26;22h21m;75;5;Z:\RandA\Work\AndresStrello\ILSAreport_checks\DB\TIMSS_4_2003.sav;NONE
Tunisia;CONSTANT;3,41536473882216;42,5419339744836;1;15,8533471677064;87,5755354925831;,0464122091043733;,829428239031964;ASMMAT0_DIC;ASDAGE;ASDMSCL ASBGSEX;INDICATOR INDICATOR;DEFAULT DEFAULT;TOTWGT;JRR;HALF;Y;25-FEB-26;22h21m;75;5;Z:\RandA\Work\AndresStrello\ILSAreport_checks\DB\TIMSS_4_2003.sav;NONE
Tunisia;ASDAGE;-,844276383745733;,431891176946047;1;,175062267837282;,0750724172303312;23,25863279359;1,41613359989335E-006;ASMMAT0_DIC;ASDAGE;ASDMSCL ASBGSEX;INDICATOR INDICATOR;DEFAULT DEFAULT;TOTWGT;JRR;HALF;Y;25-FEB-26;22h21m;75;5;Z:\RandA\Work\AndresStrello\ILSAreport_checks\DB\TIMSS_4_2003.sav;NONE
Tunisia;ASDMSCL(1);1,50351518056493;4,5165666325193;1;15,7698802545693;30684343,8883952;,00908989451853199;,924044026663047;ASMMAT0_DIC;ASDAGE;ASDMSCL ASBGSEX;INDICATOR INDICATOR;DEFAULT DEFAULT;TOTWGT;JRR;HALF;Y;25-FEB-26;22h21m;75;5;Z:\RandA\Work\AndresStrello\ILSAreport_checks\DB\TIMSS_4_2003.sav;NONE
Tunisia;ASDMSCL(2);,182513203313856;1,21852459578678;1;15,774795477604;10703485,8347255;,000133863168536101;,990768741288594;ASMMAT0_DIC;ASDAGE;ASDMSCL ASBGSEX;INDICATOR INDICATOR;DEFAULT DEFAULT;TOTWGT;JRR;HALF;Y;25-FEB-26;22h21m;75;5;Z:\RandA\Work\AndresStrello\ILSAreport_checks\DB\TIMSS_4_2003.sav;NONE
Tunisia;ASBGSEX(1);-,239909713269243;,797664792587492;1;,356446355987943;,309218319583172;,453009495121029;,500909247091045;ASMMAT0_DIC;ASDAGE;ASDMSCL ASBGSEX;INDICATOR INDICATOR;DEFAULT DEFAULT;TOTWGT;JRR;HALF;Y;25-FEB-26;22h21m;75;5;Z:\RandA\Work\AndresStrello\ILSAreport_checks\DB\TIMSS_4_2003.sav;NONE
United States;CONSTANT;1,43000902106756;4,36141882141346;1;,844198901481655;3,89853123146412;2,86937948522885;,0902796714636808;ASMMAT0_DIC;ASDAGE;ASDMSCL ASBGSEX;INDICATOR INDICATOR;DEFAULT DEFAULT;TOTWGT;JRR;HALF;Y;25-FEB-26;22h21m;75;5;Z:\RandA\Work\AndresStrello\ILSAreport_checks\DB\TIMSS_4_2003.sav;NONE
United States;ASDAGE;-,319348938703866;,726900208003011;1;,0789208757964044;,057131593745456;16,3737125688423;5,20014609540102E-005;ASMMAT0_DIC;ASDAGE;ASDMSCL ASBGSEX;INDICATOR INDICATOR;DEFAULT DEFAULT;TOTWGT;JRR;HALF;Y;25-FEB-26;22h21m;75;5;Z:\RandA\Work\AndresStrello\ILSAreport_checks\DB\TIMSS_4_2003.sav;NONE
United States;ASDMSCL(1);1,79464725643514;6,03596721255791;1;,139006584182307;,802172293238338;166,681521323985;3,92641586471175E-038;ASMMAT0_DIC;ASDAGE;ASDMSCL ASBGSEX;INDICATOR INDICATOR;DEFAULT DEFAULT;TOTWGT;JRR;HALF;Y;25-FEB-26;22h21m;75;5;Z:\RandA\Work\AndresStrello\ILSAreport_checks\DB\TIMSS_4_2003.sav;NONE
United States;ASDMSCL(2);,357046023979491;1,43242703287647;1;,132913726658726;,187494581112652;7,21620284166561;,00722483821667052;ASMMAT0_DIC;ASDAGE;ASDMSCL ASBGSEX;INDICATOR INDICATOR;DEFAULT DEFAULT;TOTWGT;JRR;HALF;Y;25-FEB-26;22h21m;75;5;Z:\RandA\Work\AndresStrello\ILSAreport_checks\DB\TIMSS_4_2003.sav;NONE
United States;ASBGSEX(1);-,154046749996781;,857454490753928;1;,0551645115172305;,0480988604457976;7,79804122407432;,00523029025466039;ASMMAT0_DIC;ASDAGE;ASDMSCL ASBGSEX;INDICATOR INDICATOR;DEFAULT DEFAULT;TOTWGT;JRR;HALF;Y;25-FEB-26;22h21m;75;5;Z:\RandA\Work\AndresStrello\ILSAreport_checks\DB\TIMSS_4_2003.sav;NONE
United States (Indiana);CONSTANT;3,7425245228733;55,4484747427462;1;1,48597787876134;137,529230699123;6,34314473305334;,0117835787955103;ASMMAT0_DIC;ASDAGE;ASDMSCL ASBGSEX;INDICATOR INDICATOR;DEFAULT DEFAULT;TOTWGT;JRR;HALF;Y;25-FEB-26;22h21m;75;5;Z:\RandA\Work\AndresStrello\ILSAreport_checks\DB\TIMSS_4_2003.sav;NONE
United States (Indiana);ASDAGE;-,506811911571717;,603850616822572;1;,135370130152758;,0782554385324825;14,016769581185;,000181187486866621;ASMMAT0_DIC;ASDAGE;ASDMSCL ASBGSEX;INDICATOR INDICATOR;DEFAULT DEFAULT;TOTWGT;JRR;HALF;Y;25-FEB-26;22h21m;75;5;Z:\RandA\Work\AndresStrello\ILSAreport_checks\DB\TIMSS_4_2003.sav;NONE
United States (Indiana);ASDMSCL(1);1,62901306335825;5,13736096731927;1;,297816573547783;1,25524072649765;29,9192986404601;4,50407414077775E-008;ASMMAT0_DIC;ASDAGE;ASDMSCL ASBGSEX;INDICATOR INDICATOR;DEFAULT DEFAULT;TOTWGT;JRR;HALF;Y;25-FEB-26;22h21m;75;5;Z:\RandA\Work\AndresStrello\ILSAreport_checks\DB\TIMSS_4_2003.sav;NONE
United States (Indiana);ASDMSCL(2);,479496526223745;1,62893942283902;1;,253410310269953;,373653859648968;3,58032432491813;,0584677352061614;ASMMAT0_DIC;ASDAGE;ASDMSCL ASBGSEX;INDICATOR INDICATOR;DEFAULT DEFAULT;TOTWGT;JRR;HALF;Y;25-FEB-26;22h21m;75;5;Z:\RandA\Work\AndresStrello\ILSAreport_checks\DB\TIMSS_4_2003.sav;NONE
United States (Indiana);ASBGSEX(1);,014216159556548;1,01512515477124;1;,127124993432196;,138821112040592;,0125055469591833;,910959625112271;ASMMAT0_DIC;ASDAGE;ASDMSCL ASBGSEX;INDICATOR INDICATOR;DEFAULT DEFAULT;TOTWGT;JRR;HALF;Y;25-FEB-26;22h21m;75;5;Z:\RandA\Work\AndresStrello\ILSAreport_checks\DB\TIMSS_4_2003.sav;NONE
Yemen;CONSTANT;-16,9391247418029;,000238736734466983;1;17,438657625947;,00142131136188565;,943530253458284;,331371601466383;ASMMAT0_DIC;ASDAGE;ASDMSCL ASBGSEX;INDICATOR INDICATOR;DEFAULT DEFAULT;TOTWGT;JRR;HALF;Y;25-FEB-26;22h21m;75;5;Z:\RandA\Work\AndresStrello\ILSAreport_checks\DB\TIMSS_4_2003.sav;NONE
Yemen;ASDAGE;,184046021567778;1,20406358622275;1;,217483143005903;,263589374692049;,716146158331261;,397410955987859;ASMMAT0_DIC;ASDAGE;ASDMSCL ASBGSEX;INDICATOR INDICATOR;DEFAULT DEFAULT;TOTWGT;JRR;HALF;Y;25-FEB-26;22h21m;75;5;Z:\RandA\Work\AndresStrello\ILSAreport_checks\DB\TIMSS_4_2003.sav;NONE
Yemen;ASDMSCL(1);11,2830095369484;22519226,3754597;1;17,8932475202712;43490532,4230607;,397623067300564;,528319363916602;ASMMAT0_DIC;ASDAGE;ASDMSCL ASBGSEX;INDICATOR INDICATOR;DEFAULT DEFAULT;TOTWGT;JRR;HALF;Y;25-FEB-26;22h21m;75;5;Z:\RandA\Work\AndresStrello\ILSAreport_checks\DB\TIMSS_4_2003.sav;NONE
Yemen;ASDMSCL(2);10,4075130344809;9947304,9088096;1;17,9398304719241;17470318,0136746;,336555938073769;,561823978056275;ASMMAT0_DIC;ASDAGE;ASDMSCL ASBGSEX;INDICATOR INDICATOR;DEFAULT DEFAULT;TOTWGT;JRR;HALF;Y;25-FEB-26;22h21m;75;5;Z:\RandA\Work\AndresStrello\ILSAreport_checks\DB\TIMSS_4_2003.sav;NONE
Yemen;ASBGSEX(1);-,424995948770527;,668154105342516;1;,846505373986858;,748638907347285;,252063603893654;,61562576421287;ASMMAT0_DIC;ASDAGE;ASDMSCL ASBGSEX;INDICATOR INDICATOR;DEFAULT DEFAULT;TOTWGT;JRR;HALF;Y;25-FEB-26;22h21m;75;5;Z:\RandA\Work\AndresStrello\ILSAreport_checks\DB\TIMSS_4_2003.sav;NONE
Table Average;CONSTANT;-2,20276411081334;257,737114385246;1;,971691624227698;266,014676552189;5,13900529956253;,0233940484419495;ASMMAT0_DIC;ASDAGE;ASDMSCL ASBGSEX;INDICATOR INDICATOR;DEFAULT DEFAULT;TOTWGT;JRR;HALF;Y;25-FEB-26;22h21m;75;5;Z:\RandA\Work\AndresStrello\ILSAreport_checks\DB\TIMSS_4_2003.sav;NONE
Table Average;ASDAGE;-,120219764095909;,967952973678796;1;,0277607139524089;,0305182841956448;18,7538518359526;1,48722663061637E-005;ASMMAT0_DIC;ASDAGE;ASDMSCL ASBGSEX;INDICATOR INDICATOR;DEFAULT DEFAULT;TOTWGT;JRR;HALF;Y;25-FEB-26;22h21m;75;5;Z:\RandA\Work\AndresStrello\ILSAreport_checks\DB\TIMSS_4_2003.sav;NONE
Table Average;ASDMSCL(1);2,91809252810765;7942575,14227744;1;,936166446407665;10135603,1197191;9,71609996669175;,0018266072182176;ASMMAT0_DIC;ASDAGE;ASDMSCL ASBGSEX;INDICATOR INDICATOR;DEFAULT DEFAULT;TOTWGT;JRR;HALF;Y;25-FEB-26;22h21m;75;5;Z:\RandA\Work\AndresStrello\ILSAreport_checks\DB\TIMSS_4_2003.sav;NONE
Table Average;ASDMSCL(2);1,58841978921461;1425451,15577294;1;,939849296997261;1538838,2250667;2,85636785053764;,0910127952300684;ASMMAT0_DIC;ASDAGE;ASDMSCL ASBGSEX;INDICATOR INDICATOR;DEFAULT DEFAULT;TOTWGT;JRR;HALF;Y;25-FEB-26;22h21m;75;5;Z:\RandA\Work\AndresStrello\ILSAreport_checks\DB\TIMSS_4_2003.sav;NONE
Table Average;ASBGSEX(1);-,0502031130616116;,976942100948561;1;,043795075003757;,0370649575489397;1,31404654191483;,251663311831238;ASMMAT0_DIC;ASDAGE;ASDMSCL ASBGSEX;INDICATOR INDICATOR;DEFAULT DEFAULT;TOTWGT;JRR;HALF;Y;25-FEB-26;22h21m;75;5;Z:\RandA\Work\AndresStrello\ILSAreport_checks\DB\TIMSS_4_2003.sav;NONE
