IDCNTRY;pvvar;cutvar;bnchmrks;n;TOTWGT;sumw_se;pct;pct_se;weight;reps;method;jk2type;npv;shortcut;date;time;infile;selcrit
Australia;BSMMAT0;1.Below 400;400 475 550 625;1236,2;28209,9238398;2604,30894514678;10,5871559141649;1,01624371163781;TOTWGT;150;JRR;FULL;5;N;25-FEB-26;22h35m;Z:\RandA\Work\AndresStrello\ILSAreport_checks\DB\TIMSS_8_2015.sav;NONE
Australia;BSMMAT0;2.From 400 to Below 475;400 475 550 625;2393,2;66560,0777131998;2968,31584466181;24,9799299143934;1,02823301891109;TOTWGT;150;JRR;FULL;5;N;25-FEB-26;22h35m;Z:\RandA\Work\AndresStrello\ILSAreport_checks\DB\TIMSS_8_2015.sav;NONE
Australia;BSMMAT0;3.From 475 to Below 550;400 475 550 625;3287,8;90501,4784853998;3507,49007683918;33,9651134341439;1,13576776069772;TOTWGT;150;JRR;FULL;5;N;25-FEB-26;22h35m;Z:\RandA\Work\AndresStrello\ILSAreport_checks\DB\TIMSS_8_2015.sav;NONE
Australia;BSMMAT0;4.From 550 to Below 625;400 475 550 625;2584,6;62815,7694706;2905,45636271916;23,5746948141423;,99448067387239;TOTWGT;150;JRR;FULL;5;N;25-FEB-26;22h35m;Z:\RandA\Work\AndresStrello\ILSAreport_checks\DB\TIMSS_8_2015.sav;NONE
Australia;BSMMAT0;5.At or Above 625;400 475 550 625;836,2;18366,971705;2253,01766990743;6,89310592315549;,84064238689513;TOTWGT;150;JRR;FULL;5;N;25-FEB-26;22h35m;Z:\RandA\Work\AndresStrello\ILSAreport_checks\DB\TIMSS_8_2015.sav;NONE
Bahrain;BSMMAT0;1.Below 400;400 475 550 625;1238;3686,03972400001;128,772766047164;25,4719087540839;,882968307264902;TOTWGT;150;JRR;FULL;5;N;25-FEB-26;22h35m;Z:\RandA\Work\AndresStrello\ILSAreport_checks\DB\TIMSS_8_2015.sav;NONE
Bahrain;BSMMAT0;2.From 400 to Below 475;400 475 550 625;1674,6;5072,68383539999;128,703455388395;35,054136544521;,859250524509209;TOTWGT;150;JRR;FULL;5;N;25-FEB-26;22h35m;Z:\RandA\Work\AndresStrello\ILSAreport_checks\DB\TIMSS_8_2015.sav;NONE
Bahrain;BSMMAT0;3.From 475 to Below 550;400 475 550 625;1387;4027,72433800001;119,057614429408;27,83307682664;,800700091283268;TOTWGT;150;JRR;FULL;5;N;25-FEB-26;22h35m;Z:\RandA\Work\AndresStrello\ILSAreport_checks\DB\TIMSS_8_2015.sav;NONE
Bahrain;BSMMAT0;4.From 550 to Below 625;400 475 550 625;516,8;1407,4171232;68,9672297914658;9,72577704674936;,478790470327933;TOTWGT;150;JRR;FULL;5;N;25-FEB-26;22h35m;Z:\RandA\Work\AndresStrello\ILSAreport_checks\DB\TIMSS_8_2015.sav;NONE
Bahrain;BSMMAT0;5.At or Above 625;400 475 550 625;101,6;277,1342264;49,709460737187;1,91510082800573;,345189550310493;TOTWGT;150;JRR;FULL;5;N;25-FEB-26;22h35m;Z:\RandA\Work\AndresStrello\ILSAreport_checks\DB\TIMSS_8_2015.sav;NONE
Botswana;BSMMAT0;1.Below 400;400 475 550 625;2936;21701,2083915998;493,813850444221;52,6125358866508;1,06631527436614;TOTWGT;150;JRR;FULL;5;N;25-FEB-26;22h35m;Z:\RandA\Work\AndresStrello\ILSAreport_checks\DB\TIMSS_8_2015.sav;NONE
Botswana;BSMMAT0;2.From 400 to Below 475;400 475 550 625;1822,4;13128,0489676;434,579688290625;31,8277182987156;1,00054684968598;TOTWGT;150;JRR;FULL;5;N;25-FEB-26;22h35m;Z:\RandA\Work\AndresStrello\ILSAreport_checks\DB\TIMSS_8_2015.sav;NONE
Botswana;BSMMAT0;3.From 475 to Below 550;400 475 550 625;940,6;5628,51689700002;329,38601358033;13,6458091129461;,771432291348588;TOTWGT;150;JRR;FULL;5;N;25-FEB-26;22h35m;Z:\RandA\Work\AndresStrello\ILSAreport_checks\DB\TIMSS_8_2015.sav;NONE
Botswana;BSMMAT0;4.From 550 to Below 625;400 475 550 625;240,6;748,439262799999;100,822936410164;1,81452050330459;,240129846759367;TOTWGT;150;JRR;FULL;5;N;25-FEB-26;22h35m;Z:\RandA\Work\AndresStrello\ILSAreport_checks\DB\TIMSS_8_2015.sav;NONE
Botswana;BSMMAT0;5.At or Above 625;400 475 550 625;24,4;41,006418;16,1228008025144;,0994161983829029;,0390416786884902;TOTWGT;150;JRR;FULL;5;N;25-FEB-26;22h35m;Z:\RandA\Work\AndresStrello\ILSAreport_checks\DB\TIMSS_8_2015.sav;NONE
Canada;BSMMAT0;1.Below 400;400 475 550 625;298,8;9831,65534140001;1143,79790601407;4,29001986027863;,489961290364597;TOTWGT;150;JRR;FULL;5;N;25-FEB-26;22h35m;Z:\RandA\Work\AndresStrello\ILSAreport_checks\DB\TIMSS_8_2015.sav;NONE
Canada;BSMMAT0;2.From 400 to Below 475;400 475 550 625;1414,4;41358,2247976001;2064,68456225751;18,0465648567281;,881172200699884;TOTWGT;150;JRR;FULL;5;N;25-FEB-26;22h35m;Z:\RandA\Work\AndresStrello\ILSAreport_checks\DB\TIMSS_8_2015.sav;NONE
Canada;BSMMAT0;3.From 475 to Below 550;400 475 550 625;3209,2;87879,2962141999;2873,99772670622;38,3459257851223;1,0430231302156;TOTWGT;150;JRR;FULL;5;N;25-FEB-26;22h35m;Z:\RandA\Work\AndresStrello\ILSAreport_checks\DB\TIMSS_8_2015.sav;NONE
Canada;BSMMAT0;4.From 550 to Below 625;400 475 550 625;3104,2;74103,8869397999;2975,39187650247;32,3350581012448;1,14039523825579;TOTWGT;150;JRR;FULL;5;N;25-FEB-26;22h35m;Z:\RandA\Work\AndresStrello\ILSAreport_checks\DB\TIMSS_8_2015.sav;NONE
Canada;BSMMAT0;5.At or Above 625;400 475 550 625;730,4;16001,99094;1387,36181722778;6,98243139662614;,59181096075555;TOTWGT;150;JRR;FULL;5;N;25-FEB-26;22h35m;Z:\RandA\Work\AndresStrello\ILSAreport_checks\DB\TIMSS_8_2015.sav;NONE
Chile;BSMMAT0;1.Below 400;400 475 550 625;1454,4;89205,4206935998;5060,17221979358;36,8827335922894;2,00063401166789;TOTWGT;150;JRR;FULL;5;N;25-FEB-26;22h35m;Z:\RandA\Work\AndresStrello\ILSAreport_checks\DB\TIMSS_8_2015.sav;NONE
Chile;BSMMAT0;2.From 400 to Below 475;400 475 550 625;1651,6;85196,2247863991;3428,1188249416;35,2250977287416;1,31806167342797;TOTWGT;150;JRR;FULL;5;N;25-FEB-26;22h35m;Z:\RandA\Work\AndresStrello\ILSAreport_checks\DB\TIMSS_8_2015.sav;NONE
Chile;BSMMAT0;3.From 475 to Below 550;400 475 550 625;1238,6;51533,4333761999;2698,64202756139;21,3069326900977;1,05295752000091;TOTWGT;150;JRR;FULL;5;N;25-FEB-26;22h35m;Z:\RandA\Work\AndresStrello\ILSAreport_checks\DB\TIMSS_8_2015.sav;NONE
Chile;BSMMAT0;4.From 550 to Below 625;400 475 550 625;449,4;14379,2294772;1519,84997985115;5,94521370950736;,617497691948357;TOTWGT;150;JRR;FULL;5;N;25-FEB-26;22h35m;Z:\RandA\Work\AndresStrello\ILSAreport_checks\DB\TIMSS_8_2015.sav;NONE
Chile;BSMMAT0;5.At or Above 625;400 475 550 625;55;1547,9724826;497,117530191609;,64002227936387;,204157904234007;TOTWGT;150;JRR;FULL;5;N;25-FEB-26;22h35m;Z:\RandA\Work\AndresStrello\ILSAreport_checks\DB\TIMSS_8_2015.sav;NONE
Chinese Taipei;BSMMAT0;1.Below 400;400 475 550 625;187,4;9169,3213262;1003,12692707964;3,43534417131091;,371663901969649;TOTWGT;150;JRR;FULL;5;N;25-FEB-26;22h35m;Z:\RandA\Work\AndresStrello\ILSAreport_checks\DB\TIMSS_8_2015.sav;NONE
Chinese Taipei;BSMMAT0;2.From 400 to Below 475;400 475 550 625;479,4;23405,9118136;1323,84456025337;8,76917275145714;,47562875702823;TOTWGT;150;JRR;FULL;5;N;25-FEB-26;22h35m;Z:\RandA\Work\AndresStrello\ILSAreport_checks\DB\TIMSS_8_2015.sav;NONE
Chinese Taipei;BSMMAT0;3.From 475 to Below 550;400 475 550 625;892,8;42208,4022397999;1957,07581540158;15,81364459336;,710553276497729;TOTWGT;150;JRR;FULL;5;N;25-FEB-26;22h35m;Z:\RandA\Work\AndresStrello\ILSAreport_checks\DB\TIMSS_8_2015.sav;NONE
Chinese Taipei;BSMMAT0;4.From 550 to Below 625;400 475 550 625;1554,8;73603,8678219997;2157,6224284263;27,5761541462998;,791511660664166;TOTWGT;150;JRR;FULL;5;N;25-FEB-26;22h35m;Z:\RandA\Work\AndresStrello\ILSAreport_checks\DB\TIMSS_8_2015.sav;NONE
Chinese Taipei;BSMMAT0;5.At or Above 625;400 475 550 625;2596,6;118523,783381399;3157,41731635644;44,4056843375722;1,16650229102978;TOTWGT;150;JRR;FULL;5;N;25-FEB-26;22h35m;Z:\RandA\Work\AndresStrello\ILSAreport_checks\DB\TIMSS_8_2015.sav;NONE
Georgia;BSMMAT0;1.Below 400;400 475 550 625;1086,4;10999,5965058;668,574445276011;28,2112912381529;1,57623498828381;TOTWGT;150;JRR;FULL;5;N;25-FEB-26;22h35m;Z:\RandA\Work\AndresStrello\ILSAreport_checks\DB\TIMSS_8_2015.sav;NONE
Georgia;BSMMAT0;2.From 400 to Below 475;400 475 550 625;1221;11686,6694964;609,208630527163;29,9734664442584;1,32884730712795;TOTWGT;150;JRR;FULL;5;N;25-FEB-26;22h35m;Z:\RandA\Work\AndresStrello\ILSAreport_checks\DB\TIMSS_8_2015.sav;NONE
Georgia;BSMMAT0;3.From 475 to Below 550;400 475 550 625;1090,2;10424,2403412;578,019461196504;26,7356425344357;1,13292954635351;TOTWGT;150;JRR;FULL;5;N;25-FEB-26;22h35m;Z:\RandA\Work\AndresStrello\ILSAreport_checks\DB\TIMSS_8_2015.sav;NONE
Georgia;BSMMAT0;4.From 550 to Below 625;400 475 550 625;525,6;5024,28494860001;463,158796071623;12,8860695820691;1,09806105376643;TOTWGT;150;JRR;FULL;5;N;25-FEB-26;22h35m;Z:\RandA\Work\AndresStrello\ILSAreport_checks\DB\TIMSS_8_2015.sav;NONE
Georgia;BSMMAT0;5.At or Above 625;400 475 550 625;111,8;855,258518;137,937688147646;2,19353020108388;,357304349183669;TOTWGT;150;JRR;FULL;5;N;25-FEB-26;22h35m;Z:\RandA\Work\AndresStrello\ILSAreport_checks\DB\TIMSS_8_2015.sav;NONE
Hong Kong, SAR;BSMMAT0;1.Below 400;400 475 550 625;92,8;1203,324431;362,665539372862;2,03101020817143;,62117547358846;TOTWGT;150;JRR;FULL;5;N;25-FEB-26;22h35m;Z:\RandA\Work\AndresStrello\ILSAreport_checks\DB\TIMSS_8_2015.sav;NONE
Hong Kong, SAR;BSMMAT0;2.From 400 to Below 475;400 475 550 625;259;3495,4386554;540,607962449909;5,89971532885334;,947822064562427;TOTWGT;150;JRR;FULL;5;N;25-FEB-26;22h35m;Z:\RandA\Work\AndresStrello\ILSAreport_checks\DB\TIMSS_8_2015.sav;NONE
Hong Kong, SAR;BSMMAT0;3.From 475 to Below 550;400 475 550 625;724,2;10095,9290336;639,572167704005;17,0402381934319;1,15090010795943;TOTWGT;150;JRR;FULL;5;N;25-FEB-26;22h35m;Z:\RandA\Work\AndresStrello\ILSAreport_checks\DB\TIMSS_8_2015.sav;NONE
Hong Kong, SAR;BSMMAT0;4.From 550 to Below 625;400 475 550 625;1570;22597,5480716;850,909482064112;38,1408784120866;1,32321414803521;TOTWGT;150;JRR;FULL;5;N;25-FEB-26;22h35m;Z:\RandA\Work\AndresStrello\ILSAreport_checks\DB\TIMSS_8_2015.sav;NONE
Hong Kong, SAR;BSMMAT0;5.At or Above 625;400 475 550 625;1509;21855,3414383999;1522,64785965075;36,8881578574567;2,25549458657475;TOTWGT;150;JRR;FULL;5;N;25-FEB-26;22h35m;Z:\RandA\Work\AndresStrello\ILSAreport_checks\DB\TIMSS_8_2015.sav;NONE
Hungary;BSMMAT0;1.Below 400;400 475 550 625;445,6;9920,60158119999;1012,84136024866;11,6675270896316;1,12609994583652;TOTWGT;150;JRR;FULL;5;N;25-FEB-26;22h35m;Z:\RandA\Work\AndresStrello\ILSAreport_checks\DB\TIMSS_8_2015.sav;NONE
Hungary;BSMMAT0;2.From 400 to Below 475;400 475 550 625;954,2;18256,5517896;1217,30774786062;21,4713604638736;1,25518063707515;TOTWGT;150;JRR;FULL;5;N;25-FEB-26;22h35m;Z:\RandA\Work\AndresStrello\ILSAreport_checks\DB\TIMSS_8_2015.sav;NONE
Hungary;BSMMAT0;3.From 475 to Below 550;400 475 550 625;1470;25436,3671334;1092,40809017528;29,9154743955417;1,05797299648743;TOTWGT;150;JRR;FULL;5;N;25-FEB-26;22h35m;Z:\RandA\Work\AndresStrello\ILSAreport_checks\DB\TIMSS_8_2015.sav;NONE
Hungary;BSMMAT0;4.From 550 to Below 625;400 475 550 625;1351,6;21504,3424384;1011,16407913004;25,2910567863362;1,13457394808278;TOTWGT;150;JRR;FULL;5;N;25-FEB-26;22h35m;Z:\RandA\Work\AndresStrello\ILSAreport_checks\DB\TIMSS_8_2015.sav;NONE
Hungary;BSMMAT0;5.At or Above 625;400 475 550 625;671,6;9909,5940754;1029,22547199492;11,6545812646169;1,18353795515812;TOTWGT;150;JRR;FULL;5;N;25-FEB-26;22h35m;Z:\RandA\Work\AndresStrello\ILSAreport_checks\DB\TIMSS_8_2015.sav;NONE
Iran, Islamic Republic of;BSMMAT0;1.Below 400;400 475 550 625;2103,2;352275,149272201;18155,5527952603;36,6875226052901;1,87382238280678;TOTWGT;150;JRR;FULL;5;N;25-FEB-26;22h35m;Z:\RandA\Work\AndresStrello\ILSAreport_checks\DB\TIMSS_8_2015.sav;NONE
Iran, Islamic Republic of;BSMMAT0;2.From 400 to Below 475;400 475 550 625;1746,2;280060,7356576;9946,83436823276;29,1667879256312;,987978258856046;TOTWGT;150;JRR;FULL;5;N;25-FEB-26;22h35m;Z:\RandA\Work\AndresStrello\ILSAreport_checks\DB\TIMSS_8_2015.sav;NONE
Iran, Islamic Republic of;BSMMAT0;3.From 475 to Below 550;400 475 550 625;1423,6;213254,513998;12323,998768842;22,2092867440286;1,25146519497829;TOTWGT;150;JRR;FULL;5;N;25-FEB-26;22h35m;Z:\RandA\Work\AndresStrello\ILSAreport_checks\DB\TIMSS_8_2015.sav;NONE
Iran, Islamic Republic of;BSMMAT0;4.From 550 to Below 625;400 475 550 625;659,8;90690,8341684002;9480,33365541492;9,44495243425436;,975761509602351;TOTWGT;150;JRR;FULL;5;N;25-FEB-26;22h35m;Z:\RandA\Work\AndresStrello\ILSAreport_checks\DB\TIMSS_8_2015.sav;NONE
Iran, Islamic Republic of;BSMMAT0;5.At or Above 625;400 475 550 625;197,2;23923,0114428;6962,90708003662;2,49145029079574;,723760659784035;TOTWGT;150;JRR;FULL;5;N;25-FEB-26;22h35m;Z:\RandA\Work\AndresStrello\ILSAreport_checks\DB\TIMSS_8_2015.sav;NONE
Ireland;BSMMAT0;1.Below 400;400 475 550 625;247,2;3498,4536424;468,614548986238;5,97503375952215;,803047538816721;TOTWGT;150;JRR;FULL;5;N;25-FEB-26;22h35m;Z:\RandA\Work\AndresStrello\ILSAreport_checks\DB\TIMSS_8_2015.sav;NONE
Ireland;BSMMAT0;2.From 400 to Below 475;400 475 550 625;821,6;10538,6313254;637,491815434368;17,9990030981875;1,03803162575315;TOTWGT;150;JRR;FULL;5;N;25-FEB-26;22h35m;Z:\RandA\Work\AndresStrello\ILSAreport_checks\DB\TIMSS_8_2015.sav;NONE
Ireland;BSMMAT0;3.From 475 to Below 550;400 475 550 625;1781,4;22101,2297199999;842,653822465791;37,7468468078261;1,26646267333107;TOTWGT;150;JRR;FULL;5;N;25-FEB-26;22h35m;Z:\RandA\Work\AndresStrello\ILSAreport_checks\DB\TIMSS_8_2015.sav;NONE
Ireland;BSMMAT0;4.From 550 to Below 625;400 475 550 625;1516,2;18426,4414009999;793,607317242378;31,4706498049527;1,22315993347221;TOTWGT;150;JRR;FULL;5;N;25-FEB-26;22h35m;Z:\RandA\Work\AndresStrello\ILSAreport_checks\DB\TIMSS_8_2015.sav;NONE
Ireland;BSMMAT0;5.At or Above 625;400 475 550 625;337,6;3986,4384852;482,538435807628;6,80846652951161;,804402723675281;TOTWGT;150;JRR;FULL;5;N;25-FEB-26;22h35m;Z:\RandA\Work\AndresStrello\ILSAreport_checks\DB\TIMSS_8_2015.sav;NONE
Israel;BSMMAT0;1.Below 400;400 475 550 625;851,4;14907,4637027999;1095,6566362292;15,5623033270881;1,17683131532321;TOTWGT;150;JRR;FULL;5;N;25-FEB-26;22h35m;Z:\RandA\Work\AndresStrello\ILSAreport_checks\DB\TIMSS_8_2015.sav;NONE
Israel;BSMMAT0;2.From 400 to Below 475;400 475 550 625;1053,4;18350,3125154;867,020668041663;19,1563860362027;,930164338439197;TOTWGT;150;JRR;FULL;5;N;25-FEB-26;22h35m;Z:\RandA\Work\AndresStrello\ILSAreport_checks\DB\TIMSS_8_2015.sav;NONE
Israel;BSMMAT0;3.From 475 to Below 550;400 475 550 625;1466,2;25830,3292740001;1005,47253304521;26,9649772231243;,96954384092528;TOTWGT;150;JRR;FULL;5;N;25-FEB-26;22h35m;Z:\RandA\Work\AndresStrello\ILSAreport_checks\DB\TIMSS_8_2015.sav;NONE
Israel;BSMMAT0;4.From 550 to Below 625;400 475 550 625;1399,4;24344,0637386001;1342,98001439408;25,4134245547688;1,24302592249937;TOTWGT;150;JRR;FULL;5;N;25-FEB-26;22h35m;Z:\RandA\Work\AndresStrello\ILSAreport_checks\DB\TIMSS_8_2015.sav;NONE
Israel;BSMMAT0;5.At or Above 625;400 475 550 625;741,6;12359,9727772;1047,88355442027;12,9029088588162;1,04636939668475;TOTWGT;150;JRR;FULL;5;N;25-FEB-26;22h35m;Z:\RandA\Work\AndresStrello\ILSAreport_checks\DB\TIMSS_8_2015.sav;NONE
Italy;BSMMAT0;1.Below 400;400 475 550 625;430;57188,3416622;5217,48841766182;10,8139430372574;,991020081948679;TOTWGT;150;JRR;FULL;5;N;25-FEB-26;22h35m;Z:\RandA\Work\AndresStrello\ILSAreport_checks\DB\TIMSS_8_2015.sav;NONE
Italy;BSMMAT0;2.From 400 to Below 475;400 475 550 625;1162,8;141883,6479856;7802,16068515709;26,8292739855527;1,4726593207403;TOTWGT;150;JRR;FULL;5;N;25-FEB-26;22h35m;Z:\RandA\Work\AndresStrello\ILSAreport_checks\DB\TIMSS_8_2015.sav;NONE
Italy;BSMMAT0;3.From 475 to Below 550;400 475 550 625;1765,4;204980,652307001;7894,11867333275;38,7605066585262;1,37961094430289;TOTWGT;150;JRR;FULL;5;N;25-FEB-26;22h35m;Z:\RandA\Work\AndresStrello\ILSAreport_checks\DB\TIMSS_8_2015.sav;NONE
Italy;BSMMAT0;4.From 550 to Below 625;400 475 550 625;978,6;108445,2252202;6784,02898474727;20,5062859685776;1,24974315484491;TOTWGT;150;JRR;FULL;5;N;25-FEB-26;22h35m;Z:\RandA\Work\AndresStrello\ILSAreport_checks\DB\TIMSS_8_2015.sav;NONE
Italy;BSMMAT0;5.At or Above 625;400 475 550 625;144,2;16341,072194;2571,69221557785;3,08999035008614;,480449709213767;TOTWGT;150;JRR;FULL;5;N;25-FEB-26;22h35m;Z:\RandA\Work\AndresStrello\ILSAreport_checks\DB\TIMSS_8_2015.sav;NONE
Japan;BSMMAT0;1.Below 400;400 475 550 625;110,2;25936,9344564;3523,54700903266;2,26618379277559;,305476869347224;TOTWGT;150;JRR;FULL;5;N;25-FEB-26;22h35m;Z:\RandA\Work\AndresStrello\ILSAreport_checks\DB\TIMSS_8_2015.sav;NONE
Japan;BSMMAT0;2.From 400 to Below 475;400 475 550 625;411,4;98798,2243070001;8845,1592674435;8,63228208622337;,736630629822883;TOTWGT;150;JRR;FULL;5;N;25-FEB-26;22h35m;Z:\RandA\Work\AndresStrello\ILSAreport_checks\DB\TIMSS_8_2015.sav;NONE
Japan;BSMMAT0;3.From 475 to Below 550;400 475 550 625;1056,4;252187,946937199;12569,7699011225;22,0343787752994;1,01692610041373;TOTWGT;150;JRR;FULL;5;N;25-FEB-26;22h35m;Z:\RandA\Work\AndresStrello\ILSAreport_checks\DB\TIMSS_8_2015.sav;NONE
Japan;BSMMAT0;4.From 550 to Below 625;400 475 550 625;1573,4;380126,220649998;10378,5491284187;33,2127099250738;,809742266392397;TOTWGT;150;JRR;FULL;5;N;25-FEB-26;22h35m;Z:\RandA\Work\AndresStrello\ILSAreport_checks\DB\TIMSS_8_2015.sav;NONE
Japan;BSMMAT0;5.At or Above 625;400 475 550 625;1593,6;387471,013927397;13572,2118806434;33,8544454206278;1,1693320334966;TOTWGT;150;JRR;FULL;5;N;25-FEB-26;22h35m;Z:\RandA\Work\AndresStrello\ILSAreport_checks\DB\TIMSS_8_2015.sav;NONE
Kazakhstan;BSMMAT0;1.Below 400;400 475 550 625;433,6;21224,893563;2477,97245961084;9,17531958338558;1,05271534804482;TOTWGT;150;JRR;FULL;5;N;25-FEB-26;22h35m;Z:\RandA\Work\AndresStrello\ILSAreport_checks\DB\TIMSS_8_2015.sav;NONE
Kazakhstan;BSMMAT0;2.From 400 to Below 475;400 475 550 625;934,6;45390,2713684002;3856,70902388264;19,6217825331136;1,55936993557465;TOTWGT;150;JRR;FULL;5;N;25-FEB-26;22h35m;Z:\RandA\Work\AndresStrello\ILSAreport_checks\DB\TIMSS_8_2015.sav;NONE
Kazakhstan;BSMMAT0;3.From 475 to Below 550;400 475 550 625;1400,2;68986,9650141999;4658,69863900126;29,8224087303106;1,64571213783375;TOTWGT;150;JRR;FULL;5;N;25-FEB-26;22h35m;Z:\RandA\Work\AndresStrello\ILSAreport_checks\DB\TIMSS_8_2015.sav;NONE
Kazakhstan;BSMMAT0;4.From 550 to Below 625;400 475 550 625;1321,8;61182,9350529999;3972,14955055622;26,4488008146907;1,60639457218191;TOTWGT;150;JRR;FULL;5;N;25-FEB-26;22h35m;Z:\RandA\Work\AndresStrello\ILSAreport_checks\DB\TIMSS_8_2015.sav;NONE
Kazakhstan;BSMMAT0;5.At or Above 625;400 475 550 625;796,8;34540,8672494;3803,62473366057;14,9316883384996;1,6805403854316;TOTWGT;150;JRR;FULL;5;N;25-FEB-26;22h35m;Z:\RandA\Work\AndresStrello\ILSAreport_checks\DB\TIMSS_8_2015.sav;NONE
Jordan;BSMMAT0;1.Below 400;400 475 550 625;4428,8;68896,7418803997;2144,39314048322;55,3042653249452;1,48580201158472;TOTWGT;150;JRR;FULL;5;N;25-FEB-26;22h35m;Z:\RandA\Work\AndresStrello\ILSAreport_checks\DB\TIMSS_8_2015.sav;NONE
Jordan;BSMMAT0;2.From 400 to Below 475;400 475 550 625;2135,4;33459,7152964;1521,21980213863;26,8585265709883;1,04155006609715;TOTWGT;150;JRR;FULL;5;N;25-FEB-26;22h35m;Z:\RandA\Work\AndresStrello\ILSAreport_checks\DB\TIMSS_8_2015.sav;NONE
Jordan;BSMMAT0;3.From 475 to Below 550;400 475 550 625;1082,8;18020,1606496;1094,39313514664;14,4650054351429;,803685326360616;TOTWGT;150;JRR;FULL;5;N;25-FEB-26;22h35m;Z:\RandA\Work\AndresStrello\ILSAreport_checks\DB\TIMSS_8_2015.sav;NONE
Jordan;BSMMAT0;4.From 550 to Below 625;400 475 550 625;204,6;3877,9413922;548,092268250865;3,11287143361752;,421740177874748;TOTWGT;150;JRR;FULL;5;N;25-FEB-26;22h35m;Z:\RandA\Work\AndresStrello\ILSAreport_checks\DB\TIMSS_8_2015.sav;NONE
Jordan;BSMMAT0;5.At or Above 625;400 475 550 625;13,4;323,0687014;147,068743062039;,259331235306122;,11752491078036;TOTWGT;150;JRR;FULL;5;N;25-FEB-26;22h35m;Z:\RandA\Work\AndresStrello\ILSAreport_checks\DB\TIMSS_8_2015.sav;NONE
Korea, Republic of;BSMMAT0;1.Below 400;400 475 550 625;69,8;7227,0449634;1303,84704687062;1,27394792741691;,229623133065749;TOTWGT;150;JRR;FULL;5;N;25-FEB-26;22h35m;Z:\RandA\Work\AndresStrello\ILSAreport_checks\DB\TIMSS_8_2015.sav;NONE
Korea, Republic of;BSMMAT0;2.From 400 to Below 475;400 475 550 625;331,8;34299,1274112;2834,9183568126;6,04608142041366;,494553778694552;TOTWGT;150;JRR;FULL;5;N;25-FEB-26;22h35m;Z:\RandA\Work\AndresStrello\ILSAreport_checks\DB\TIMSS_8_2015.sav;NONE
Korea, Republic of;BSMMAT0;3.From 475 to Below 550;400 475 550 625;931,4;98455,4085956001;5024,88094390943;17,3552350038711;,859030488379389;TOTWGT;150;JRR;FULL;5;N;25-FEB-26;22h35m;Z:\RandA\Work\AndresStrello\ILSAreport_checks\DB\TIMSS_8_2015.sav;NONE
Korea, Republic of;BSMMAT0;4.From 550 to Below 625;400 475 550 625;1715,4;180565,971490401;5237,85466347532;31,829281028023;,847544474970704;TOTWGT;150;JRR;FULL;5;N;25-FEB-26;22h35m;Z:\RandA\Work\AndresStrello\ILSAreport_checks\DB\TIMSS_8_2015.sav;NONE
Korea, Republic of;BSMMAT0;5.At or Above 625;400 475 550 625;2260,6;246747,609913401;8318,15663559498;43,4954546202753;1,36016225429425;TOTWGT;150;JRR;FULL;5;N;25-FEB-26;22h35m;Z:\RandA\Work\AndresStrello\ILSAreport_checks\DB\TIMSS_8_2015.sav;NONE
Kuwait;BSMMAT0;1.Below 400;400 475 550 625;2632,6;21432,8353765997;905,156881680685;55,1354500667564;1,93406331500222;TOTWGT;150;JRR;FULL;5;N;25-FEB-26;22h35m;Z:\RandA\Work\AndresStrello\ILSAreport_checks\DB\TIMSS_8_2015.sav;NONE
Kuwait;BSMMAT0;2.From 400 to Below 475;400 475 550 625;1187,6;10341,0812662001;476,008931022833;26,6021811753074;1,21770239696834;TOTWGT;150;JRR;FULL;5;N;25-FEB-26;22h35m;Z:\RandA\Work\AndresStrello\ILSAreport_checks\DB\TIMSS_8_2015.sav;NONE
Kuwait;BSMMAT0;3.From 475 to Below 550;400 475 550 625;542,6;5165,65726360001;415,983505564197;13,2885282378528;1,06250792577101;TOTWGT;150;JRR;FULL;5;N;25-FEB-26;22h35m;Z:\RandA\Work\AndresStrello\ILSAreport_checks\DB\TIMSS_8_2015.sav;NONE
Kuwait;BSMMAT0;4.From 550 to Below 625;400 475 550 625;125,6;1677,7251708;389,895986731717;4,31590738019558;1,00347906562589;TOTWGT;150;JRR;FULL;5;N;25-FEB-26;22h35m;Z:\RandA\Work\AndresStrello\ILSAreport_checks\DB\TIMSS_8_2015.sav;NONE
Kuwait;BSMMAT0;5.At or Above 625;400 475 550 625;14,6;255,7587298;106,998067074937;,657933139887817;,27617006667682;TOTWGT;150;JRR;FULL;5;N;25-FEB-26;22h35m;Z:\RandA\Work\AndresStrello\ILSAreport_checks\DB\TIMSS_8_2015.sav;NONE
Lebanon;BSMMAT0;1.Below 400;400 475 550 625;1025;17516,7661086;1410,14036164952;29,4609399932076;2,04904269331082;TOTWGT;150;JRR;FULL;5;N;25-FEB-26;22h35m;Z:\RandA\Work\AndresStrello\ILSAreport_checks\DB\TIMSS_8_2015.sav;NONE
Lebanon;BSMMAT0;2.From 400 to Below 475;400 475 550 625;1346,2;21257,0388654001;981,139678576608;35,7515960745385;1,46889597419611;TOTWGT;150;JRR;FULL;5;N;25-FEB-26;22h35m;Z:\RandA\Work\AndresStrello\ILSAreport_checks\DB\TIMSS_8_2015.sav;NONE
Lebanon;BSMMAT0;3.From 475 to Below 550;400 475 550 625;1146,6;16179,7998506;953,420539804794;27,2123352875396;1,49797046194323;TOTWGT;150;JRR;FULL;5;N;25-FEB-26;22h35m;Z:\RandA\Work\AndresStrello\ILSAreport_checks\DB\TIMSS_8_2015.sav;NONE
Lebanon;BSMMAT0;4.From 550 to Below 625;400 475 550 625;336,6;4282,7006206;440,429260737086;7,20294974598216;,730929800938574;TOTWGT;150;JRR;FULL;5;N;25-FEB-26;22h35m;Z:\RandA\Work\AndresStrello\ILSAreport_checks\DB\TIMSS_8_2015.sav;NONE
Lebanon;BSMMAT0;5.At or Above 625;400 475 550 625;18,6;221,2886188;95,0668493304093;,372178898732104;,160072911363658;TOTWGT;150;JRR;FULL;5;N;25-FEB-26;22h35m;Z:\RandA\Work\AndresStrello\ILSAreport_checks\DB\TIMSS_8_2015.sav;NONE
Lithuania;BSMMAT0;1.Below 400;400 475 550 625;430,6;2258,5140734;207,334262702745;8,2842427027715;,753196020258;TOTWGT;150;JRR;FULL;5;N;25-FEB-26;22h35m;Z:\RandA\Work\AndresStrello\ILSAreport_checks\DB\TIMSS_8_2015.sav;NONE
Lithuania;BSMMAT0;2.From 400 to Below 475;400 475 550 625;1107,6;6473,25822179998;287,593556449487;23,743948651324;1,01058268403099;TOTWGT;150;JRR;FULL;5;N;25-FEB-26;22h35m;Z:\RandA\Work\AndresStrello\ILSAreport_checks\DB\TIMSS_8_2015.sav;NONE
Lithuania;BSMMAT0;3.From 475 to Below 550;400 475 550 625;1501,8;9468,99068959999;341,150929085174;34,7323126947977;1,08412158625128;TOTWGT;150;JRR;FULL;5;N;25-FEB-26;22h35m;Z:\RandA\Work\AndresStrello\ILSAreport_checks\DB\TIMSS_8_2015.sav;NONE
Lithuania;BSMMAT0;4.From 550 to Below 625;400 475 550 625;1070,6;7392,90742159999;379,773620903211;27,1172272428909;1,22579697205591;TOTWGT;150;JRR;FULL;5;N;25-FEB-26;22h35m;Z:\RandA\Work\AndresStrello\ILSAreport_checks\DB\TIMSS_8_2015.sav;NONE
Lithuania;BSMMAT0;5.At or Above 625;400 475 550 625;236,4;1669,1000656;215,16229114345;6,12226870821598;,772370470489516;TOTWGT;150;JRR;FULL;5;N;25-FEB-26;22h35m;Z:\RandA\Work\AndresStrello\ILSAreport_checks\DB\TIMSS_8_2015.sav;NONE
Malaysia;BSMMAT0;1.Below 400;400 475 550 625;1433;108244,8223398;8443,99881918864;24,2212504378516;1,85133894030845;TOTWGT;150;JRR;FULL;5;N;25-FEB-26;22h35m;Z:\RandA\Work\AndresStrello\ILSAreport_checks\DB\TIMSS_8_2015.sav;NONE
Malaysia;BSMMAT0;2.From 400 to Below 475;400 475 550 625;2161,4;136279,5541032;8292,59413787336;30,4944027634906;1,67513628715969;TOTWGT;150;JRR;FULL;5;N;25-FEB-26;22h35m;Z:\RandA\Work\AndresStrello\ILSAreport_checks\DB\TIMSS_8_2015.sav;NONE
Malaysia;BSMMAT0;3.From 475 to Below 550;400 475 550 625;2936,6;123183,8669584;5816,48032683395;27,5640647470058;1,22580458670538;TOTWGT;150;JRR;FULL;5;N;25-FEB-26;22h35m;Z:\RandA\Work\AndresStrello\ILSAreport_checks\DB\TIMSS_8_2015.sav;NONE
Malaysia;BSMMAT0;4.From 550 to Below 625;400 475 550 625;2534;65153,2075525999;4024,16472750201;14,5789158580438;,892743814459898;TOTWGT;150;JRR;FULL;5;N;25-FEB-26;22h35m;Z:\RandA\Work\AndresStrello\ILSAreport_checks\DB\TIMSS_8_2015.sav;NONE
Malaysia;BSMMAT0;5.At or Above 625;400 475 550 625;661;14038,77254;1569,12155416609;3,1413661936082;,352840916953024;TOTWGT;150;JRR;FULL;5;N;25-FEB-26;22h35m;Z:\RandA\Work\AndresStrello\ILSAreport_checks\DB\TIMSS_8_2015.sav;NONE
Malta;BSMMAT0;1.Below 400;400 475 550 625;567;620,569799800001;19,428335865162;15,5882916954145;,482395937192924;TOTWGT;150;JRR;FULL;5;N;25-FEB-26;22h35m;Z:\RandA\Work\AndresStrello\ILSAreport_checks\DB\TIMSS_8_2015.sav;NONE
Malta;BSMMAT0;2.From 400 to Below 475;400 475 550 625;868,8;907,1095734;29,4211596005712;22,7859761052172;,735184350519483;TOTWGT;150;JRR;FULL;5;N;25-FEB-26;22h35m;Z:\RandA\Work\AndresStrello\ILSAreport_checks\DB\TIMSS_8_2015.sav;NONE
Malta;BSMMAT0;3.From 475 to Below 550;400 475 550 625;1271,6;1312,359023;35,6202301023128;32,9655669132246;,907177795119696;TOTWGT;150;JRR;FULL;5;N;25-FEB-26;22h35m;Z:\RandA\Work\AndresStrello\ILSAreport_checks\DB\TIMSS_8_2015.sav;NONE
Malta;BSMMAT0;4.From 550 to Below 625;400 475 550 625;929;955,185406000001;25,9775965340299;23,9936083527263;,638345017818595;TOTWGT;150;JRR;FULL;5;N;25-FEB-26;22h35m;Z:\RandA\Work\AndresStrello\ILSAreport_checks\DB\TIMSS_8_2015.sav;NONE
Malta;BSMMAT0;5.At or Above 625;400 475 550 625;180,6;185,7756038;14,0369298208483;4,66655693341743;,351742087268641;TOTWGT;150;JRR;FULL;5;N;25-FEB-26;22h35m;Z:\RandA\Work\AndresStrello\ILSAreport_checks\DB\TIMSS_8_2015.sav;NONE
Morocco;BSMMAT0;1.Below 400;400 475 550 625;7774,6;266848,450774597;5709,88947141622;59,2733145776486;1,13233093135063;TOTWGT;150;JRR;FULL;5;N;25-FEB-26;22h35m;Z:\RandA\Work\AndresStrello\ILSAreport_checks\DB\TIMSS_8_2015.sav;NONE
Morocco;BSMMAT0;2.From 400 to Below 475;400 475 550 625;3512,4;120056,6773336;3958,48572484508;26,6674105923615;,786899372685068;TOTWGT;150;JRR;FULL;5;N;25-FEB-26;22h35m;Z:\RandA\Work\AndresStrello\ILSAreport_checks\DB\TIMSS_8_2015.sav;NONE
Morocco;BSMMAT0;3.From 475 to Below 550;400 475 550 625;1489;53482,1892014002;2891,26486264153;11,8796515986283;,58942857636765;TOTWGT;150;JRR;FULL;5;N;25-FEB-26;22h35m;Z:\RandA\Work\AndresStrello\ILSAreport_checks\DB\TIMSS_8_2015.sav;NONE
Morocco;BSMMAT0;4.From 550 to Below 625;400 475 550 625;251;9478,60112500001;1288,86557766329;2,10542015367647;,282790958866544;TOTWGT;150;JRR;FULL;5;N;25-FEB-26;22h35m;Z:\RandA\Work\AndresStrello\ILSAreport_checks\DB\TIMSS_8_2015.sav;NONE
Morocco;BSMMAT0;5.At or Above 625;400 475 550 625;8;334,0622414;167,871053066957;,074203077685252;,0372126528552987;TOTWGT;150;JRR;FULL;5;N;25-FEB-26;22h35m;Z:\RandA\Work\AndresStrello\ILSAreport_checks\DB\TIMSS_8_2015.sav;NONE
Oman;BSMMAT0;1.Below 400;400 475 550 625;4220,8;22295,2827432;666,337753240246;47,9550900206171;1,1529153417861;TOTWGT;150;JRR;FULL;5;N;25-FEB-26;22h35m;Z:\RandA\Work\AndresStrello\ILSAreport_checks\DB\TIMSS_8_2015.sav;NONE
Oman;BSMMAT0;2.From 400 to Below 475;400 475 550 625;2527,8;13324,6848104001;429,155799190702;28,6601639880066;,759713134493999;TOTWGT;150;JRR;FULL;5;N;25-FEB-26;22h35m;Z:\RandA\Work\AndresStrello\ILSAreport_checks\DB\TIMSS_8_2015.sav;NONE
Oman;BSMMAT0;3.From 475 to Below 550;400 475 550 625;1561,4;8053,31644820001;359,376785878274;17,3219384425944;,673851027729478;TOTWGT;150;JRR;FULL;5;N;25-FEB-26;22h35m;Z:\RandA\Work\AndresStrello\ILSAreport_checks\DB\TIMSS_8_2015.sav;NONE
Oman;BSMMAT0;4.From 550 to Below 625;400 475 550 625;501;2505,68125299999;212,253004832142;5,3894885045688;,429557658716754;TOTWGT;150;JRR;FULL;5;N;25-FEB-26;22h35m;Z:\RandA\Work\AndresStrello\ILSAreport_checks\DB\TIMSS_8_2015.sav;NONE
Oman;BSMMAT0;5.At or Above 625;400 475 550 625;72;313,0395222;55,6685968943376;,673319044213088;,117916920151991;TOTWGT;150;JRR;FULL;5;N;25-FEB-26;22h35m;Z:\RandA\Work\AndresStrello\ILSAreport_checks\DB\TIMSS_8_2015.sav;NONE
New Zealand;BSMMAT0;1.Below 400;400 475 550 625;1082;8455,35826880003;694,503646584487;15,1175494115992;1,19559792467005;TOTWGT;150;JRR;FULL;5;N;25-FEB-26;22h35m;Z:\RandA\Work\AndresStrello\ILSAreport_checks\DB\TIMSS_8_2015.sav;NONE
New Zealand;BSMMAT0;2.From 400 to Below 475;400 475 550 625;1997,6;14848,108904;564,968607343725;26,5473103432294;,749465166719919;TOTWGT;150;JRR;FULL;5;N;25-FEB-26;22h35m;Z:\RandA\Work\AndresStrello\ILSAreport_checks\DB\TIMSS_8_2015.sav;NONE
New Zealand;BSMMAT0;3.From 475 to Below 550;400 475 550 625;2555,6;17512,2690528;668,479698317736;31,3106298158664;1,01537588312214;TOTWGT;150;JRR;FULL;5;N;25-FEB-26;22h35m;Z:\RandA\Work\AndresStrello\ILSAreport_checks\DB\TIMSS_8_2015.sav;NONE
New Zealand;BSMMAT0;4.From 550 to Below 625;400 475 550 625;1907,2;11662,6661076;572,138295038179;20,8519764092322;,900535147725746;TOTWGT;150;JRR;FULL;5;N;25-FEB-26;22h35m;Z:\RandA\Work\AndresStrello\ILSAreport_checks\DB\TIMSS_8_2015.sav;NONE
New Zealand;BSMMAT0;5.At or Above 625;400 475 550 625;599,6;3452,34436780001;466,292781057885;6,17253402007287;,804688251945898;TOTWGT;150;JRR;FULL;5;N;25-FEB-26;22h35m;Z:\RandA\Work\AndresStrello\ILSAreport_checks\DB\TIMSS_8_2015.sav;NONE
Norway;BSMMAT0;1.Below 400;400 475 550 625;295,6;3656,3341606;305,539039194965;6,14571182487047;,525340115260407;TOTWGT;150;JRR;FULL;5;N;25-FEB-26;22h35m;Z:\RandA\Work\AndresStrello\ILSAreport_checks\DB\TIMSS_8_2015.sav;NONE
Norway;BSMMAT0;2.From 400 to Below 475;400 475 550 625;1068,6;13974,9137634;667,823689521837;23,4895906650881;1,06686919283254;TOTWGT;150;JRR;FULL;5;N;25-FEB-26;22h35m;Z:\RandA\Work\AndresStrello\ILSAreport_checks\DB\TIMSS_8_2015.sav;NONE
Norway;BSMMAT0;3.From 475 to Below 550;400 475 550 625;1882,8;24095,6765911999;823,202804023148;40,5009712051294;1,15675244393179;TOTWGT;150;JRR;FULL;5;N;25-FEB-26;22h35m;Z:\RandA\Work\AndresStrello\ILSAreport_checks\DB\TIMSS_8_2015.sav;NONE
Norway;BSMMAT0;4.From 550 to Below 625;400 475 550 625;1224,4;15061,0800178;636,456377847524;25,3152620890441;,968159449597074;TOTWGT;150;JRR;FULL;5;N;25-FEB-26;22h35m;Z:\RandA\Work\AndresStrello\ILSAreport_checks\DB\TIMSS_8_2015.sav;NONE
Norway;BSMMAT0;5.At or Above 625;400 475 550 625;225,6;2706,066533;312,174335412952;4,54846421586786;,514018108983165;TOTWGT;150;JRR;FULL;5;N;25-FEB-26;22h35m;Z:\RandA\Work\AndresStrello\ILSAreport_checks\DB\TIMSS_8_2015.sav;NONE
Qatar;BSMMAT0;1.Below 400;400 475 550 625;1950,8;5806,67219259999;226,429595050907;37,0991305865185;1,35837095061401;TOTWGT;150;JRR;FULL;5;N;25-FEB-26;22h35m;Z:\RandA\Work\AndresStrello\ILSAreport_checks\DB\TIMSS_8_2015.sav;NONE
Qatar;BSMMAT0;2.From 400 to Below 475;400 475 550 625;1473,4;4203,68649559997;180,241201293817;26,8575716128412;1,12461905428638;TOTWGT;150;JRR;FULL;5;N;25-FEB-26;22h35m;Z:\RandA\Work\AndresStrello\ILSAreport_checks\DB\TIMSS_8_2015.sav;NONE
Qatar;BSMMAT0;3.From 475 to Below 550;400 475 550 625;1202,8;3409,77345879999;134,705767707005;21,7852199371056;,883482234631278;TOTWGT;150;JRR;FULL;5;N;25-FEB-26;22h35m;Z:\RandA\Work\AndresStrello\ILSAreport_checks\DB\TIMSS_8_2015.sav;NONE
Qatar;BSMMAT0;4.From 550 to Below 625;400 475 550 625;603;1724,5165604;109,997959572754;11,0180259795666;,710168784664638;TOTWGT;150;JRR;FULL;5;N;25-FEB-26;22h35m;Z:\RandA\Work\AndresStrello\ILSAreport_checks\DB\TIMSS_8_2015.sav;NONE
Qatar;BSMMAT0;5.At or Above 625;400 475 550 625;173;507,1256086;73,6865590092648;3,24005188396815;,468705341788425;TOTWGT;150;JRR;FULL;5;N;25-FEB-26;22h35m;Z:\RandA\Work\AndresStrello\ILSAreport_checks\DB\TIMSS_8_2015.sav;NONE
Russian Federation;BSMMAT0;1.Below 400;400 475 550 625;240,8;65372,03096;10615,2080941392;5,19725521911668;,814842390688798;TOTWGT;150;JRR;FULL;5;N;25-FEB-26;22h35m;Z:\RandA\Work\AndresStrello\ILSAreport_checks\DB\TIMSS_8_2015.sav;NONE
Russian Federation;BSMMAT0;2.From 400 to Below 475;400 475 550 625;825;216442,600380801;17777,9328974198;17,2077785858698;1,29791244827981;TOTWGT;150;JRR;FULL;5;N;25-FEB-26;22h35m;Z:\RandA\Work\AndresStrello\ILSAreport_checks\DB\TIMSS_8_2015.sav;NONE
Russian Federation;BSMMAT0;3.From 475 to Below 550;400 475 550 625;1508,4;397903,878939798;21994,2241751286;31,6344464315636;1,43205396795917;TOTWGT;150;JRR;FULL;5;N;25-FEB-26;22h35m;Z:\RandA\Work\AndresStrello\ILSAreport_checks\DB\TIMSS_8_2015.sav;NONE
Russian Federation;BSMMAT0;4.From 550 to Below 625;400 475 550 625;1529;399771,568780798;23201,9409675842;31,7829328810633;1,6478805240208;TOTWGT;150;JRR;FULL;5;N;25-FEB-26;22h35m;Z:\RandA\Work\AndresStrello\ILSAreport_checks\DB\TIMSS_8_2015.sav;NONE
Russian Federation;BSMMAT0;5.At or Above 625;400 475 550 625;676,8;178328,2924426;17514,1332523852;14,1775868823867;1,37152415692412;TOTWGT;150;JRR;FULL;5;N;25-FEB-26;22h35m;Z:\RandA\Work\AndresStrello\ILSAreport_checks\DB\TIMSS_8_2015.sav;NONE
Saudi Arabia;BSMMAT0;1.Below 400;400 475 550 625;2460,8;243069,9959188;10444,5752739574;65,9495274675095;1,83571684370402;TOTWGT;150;JRR;FULL;5;N;25-FEB-26;22h35m;Z:\RandA\Work\AndresStrello\ILSAreport_checks\DB\TIMSS_8_2015.sav;NONE
Saudi Arabia;BSMMAT0;2.From 400 to Below 475;400 475 550 625;887,2;84527,6973606;5323,64997435777;22,933977012574;1,28462816813959;TOTWGT;150;JRR;FULL;5;N;25-FEB-26;22h35m;Z:\RandA\Work\AndresStrello\ILSAreport_checks\DB\TIMSS_8_2015.sav;NONE
Saudi Arabia;BSMMAT0;3.From 475 to Below 550;400 475 550 625;339,6;33062,5794212;3065,98652425623;8,97050860367625;,820441953578625;TOTWGT;150;JRR;FULL;5;N;25-FEB-26;22h35m;Z:\RandA\Work\AndresStrello\ILSAreport_checks\DB\TIMSS_8_2015.sav;NONE
Saudi Arabia;BSMMAT0;4.From 550 to Below 625;400 475 550 625;63,2;6812,748699;2110,43181929883;1,84842870365634;,567995039476953;TOTWGT;150;JRR;FULL;5;N;25-FEB-26;22h35m;Z:\RandA\Work\AndresStrello\ILSAreport_checks\DB\TIMSS_8_2015.sav;NONE
Saudi Arabia;BSMMAT0;5.At or Above 625;400 475 550 625;8,2;1096,7095034;684,335204009164;,29755821258383;,183682915417791;TOTWGT;150;JRR;FULL;5;N;25-FEB-26;22h35m;Z:\RandA\Work\AndresStrello\ILSAreport_checks\DB\TIMSS_8_2015.sav;NONE
Singapore;BSMMAT0;1.Below 400;400 475 550 625;79,2;510,2954;109,661261101851;1,07213931540842;,230400174764942;TOTWGT;150;JRR;FULL;5;N;25-FEB-26;22h35m;Z:\RandA\Work\AndresStrello\ILSAreport_checks\DB\TIMSS_8_2015.sav;NONE
Singapore;BSMMAT0;2.From 400 to Below 475;400 475 550 625;358,2;2557,9809864;396,647128342416;5,37436156309982;,833362362792998;TOTWGT;150;JRR;FULL;5;N;25-FEB-26;22h35m;Z:\RandA\Work\AndresStrello\ILSAreport_checks\DB\TIMSS_8_2015.sav;NONE
Singapore;BSMMAT0;3.From 475 to Below 550;400 475 550 625;803,4;5851,39871400001;463,855772276247;12,2938882290722;,974568868414536;TOTWGT;150;JRR;FULL;5;N;25-FEB-26;22h35m;Z:\RandA\Work\AndresStrello\ILSAreport_checks\DB\TIMSS_8_2015.sav;NONE
Singapore;BSMMAT0;4.From 550 to Below 625;400 475 550 625;1715,2;12839,6727596;621,86561071012;26,976370867826;1,30655022201695;TOTWGT;150;JRR;FULL;5;N;25-FEB-26;22h35m;Z:\RandA\Work\AndresStrello\ILSAreport_checks\DB\TIMSS_8_2015.sav;NONE
Singapore;BSMMAT0;5.At or Above 625;400 475 550 625;3160;25836,649476;873,545183515924;54,2832400245935;1,8353332970865;TOTWGT;150;JRR;FULL;5;N;25-FEB-26;22h35m;Z:\RandA\Work\AndresStrello\ILSAreport_checks\DB\TIMSS_8_2015.sav;NONE
Slovenia;BSMMAT0;1.Below 400;400 475 550 625;202,8;857,854264999999;96,5744027864573;5,0266896330178;,562892075951882;TOTWGT;150;JRR;FULL;5;N;25-FEB-26;22h35m;Z:\RandA\Work\AndresStrello\ILSAreport_checks\DB\TIMSS_8_2015.sav;NONE
Slovenia;BSMMAT0;2.From 400 to Below 475;400 475 550 625;930,4;3828,2651636;181,412130653986;22,4321328172348;1,03886298455777;TOTWGT;150;JRR;FULL;5;N;25-FEB-26;22h35m;Z:\RandA\Work\AndresStrello\ILSAreport_checks\DB\TIMSS_8_2015.sav;NONE
Slovenia;BSMMAT0;3.From 475 to Below 550;400 475 550 625;1718,4;6890,33457420002;250,007999457767;40,3746589429795;1,45005386312655;TOTWGT;150;JRR;FULL;5;N;25-FEB-26;22h35m;Z:\RandA\Work\AndresStrello\ILSAreport_checks\DB\TIMSS_8_2015.sav;NONE
Slovenia;BSMMAT0;4.From 550 to Below 625;400 475 550 625;1163,8;4528,515571;174,092714747262;26,5353256403119;,991176316674292;TOTWGT;150;JRR;FULL;5;N;25-FEB-26;22h35m;Z:\RandA\Work\AndresStrello\ILSAreport_checks\DB\TIMSS_8_2015.sav;NONE
Slovenia;BSMMAT0;5.At or Above 625;400 475 550 625;241,6;961,0187332;104,905518256327;5,63119296645607;,60646459280315;TOTWGT;150;JRR;FULL;5;N;25-FEB-26;22h35m;Z:\RandA\Work\AndresStrello\ILSAreport_checks\DB\TIMSS_8_2015.sav;NONE
South Africa;BSMMAT0;1.Below 400;400 475 550 625;8411,8;570896,752890805;21247,9768782695;65,6651609793235;2,33131326861957;TOTWGT;150;JRR;FULL;5;N;25-FEB-26;22h35m;Z:\RandA\Work\AndresStrello\ILSAreport_checks\DB\TIMSS_8_2015.sav;NONE
South Africa;BSMMAT0;2.From 400 to Below 475;400 475 550 625;2752,4;186884,730186;13073,2123861164;21,4956834665836;1,37423514489713;TOTWGT;150;JRR;FULL;5;N;25-FEB-26;22h35m;Z:\RandA\Work\AndresStrello\ILSAreport_checks\DB\TIMSS_8_2015.sav;NONE
South Africa;BSMMAT0;3.From 475 to Below 550;400 475 550 625;1031;83763,8389312;11715,6068548753;9,6346072031617;1,2579565213831;TOTWGT;150;JRR;FULL;5;N;25-FEB-26;22h35m;Z:\RandA\Work\AndresStrello\ILSAreport_checks\DB\TIMSS_8_2015.sav;NONE
South Africa;BSMMAT0;4.From 550 to Below 625;400 475 550 625;256,4;22776,9908344;5649,64702195027;2,61983408066699;,639576423568463;TOTWGT;150;JRR;FULL;5;N;25-FEB-26;22h35m;Z:\RandA\Work\AndresStrello\ILSAreport_checks\DB\TIMSS_8_2015.sav;NONE
South Africa;BSMMAT0;5.At or Above 625;400 475 550 625;62,4;5083,5400886;2039,78862617078;,584714270264227;,234047425944153;TOTWGT;150;JRR;FULL;5;N;25-FEB-26;22h35m;Z:\RandA\Work\AndresStrello\ILSAreport_checks\DB\TIMSS_8_2015.sav;NONE
Sweden;BSMMAT0;1.Below 400;400 475 550 625;343,6;8498,54189199999;1033,95486112558;8,77675240449054;1,06799314568944;TOTWGT;150;JRR;FULL;5;N;25-FEB-26;22h35m;Z:\RandA\Work\AndresStrello\ILSAreport_checks\DB\TIMSS_8_2015.sav;NONE
Sweden;BSMMAT0;2.From 400 to Below 475;400 475 550 625;1048,6;25490,9704958001;1406,48162867719;26,3254496400629;1,31945196912849;TOTWGT;150;JRR;FULL;5;N;25-FEB-26;22h35m;Z:\RandA\Work\AndresStrello\ILSAreport_checks\DB\TIMSS_8_2015.sav;NONE
Sweden;BSMMAT0;3.From 475 to Below 550;400 475 550 625;1569,2;37266,7010618;1745,238476674;38,4866736327413;1,15620950861071;TOTWGT;150;JRR;FULL;5;N;25-FEB-26;22h35m;Z:\RandA\Work\AndresStrello\ILSAreport_checks\DB\TIMSS_8_2015.sav;NONE
Sweden;BSMMAT0;4.From 550 to Below 625;400 475 550 625;985,4;22392,8847106;1604,3105232173;23,1259441001575;1,3554733431459;TOTWGT;150;JRR;FULL;5;N;25-FEB-26;22h35m;Z:\RandA\Work\AndresStrello\ILSAreport_checks\DB\TIMSS_8_2015.sav;NONE
Sweden;BSMMAT0;5.At or Above 625;400 475 550 625;143,2;3181,0447028;563,610073016211;3,28518022254774;,562970900773183;TOTWGT;150;JRR;FULL;5;N;25-FEB-26;22h35m;Z:\RandA\Work\AndresStrello\ILSAreport_checks\DB\TIMSS_8_2015.sav;NONE
Thailand;BSMMAT0;1.Below 400;400 475 550 625;2152,8;255488,004717799;14256,065885386;37,9777917268982;2,15725108577786;TOTWGT;150;JRR;FULL;5;N;25-FEB-26;22h35m;Z:\RandA\Work\AndresStrello\ILSAreport_checks\DB\TIMSS_8_2015.sav;NONE
Thailand;BSMMAT0;2.From 400 to Below 475;400 475 550 625;1949,4;221368,170972598;13071,1930391748;32,9059452378119;1,60573729764526;TOTWGT;150;JRR;FULL;5;N;25-FEB-26;22h35m;Z:\RandA\Work\AndresStrello\ILSAreport_checks\DB\TIMSS_8_2015.sav;NONE
Thailand;BSMMAT0;3.From 475 to Below 550;400 475 550 625;1329;130336,2143662;10177,479919874;19,3742231035047;1,41499807284921;TOTWGT;150;JRR;FULL;5;N;25-FEB-26;22h35m;Z:\RandA\Work\AndresStrello\ILSAreport_checks\DB\TIMSS_8_2015.sav;NONE
Thailand;BSMMAT0;4.From 550 to Below 625;400 475 550 625;677,6;48336,0653238001;6583,77737534268;7,18506148182047;,967172865898296;TOTWGT;150;JRR;FULL;5;N;25-FEB-26;22h35m;Z:\RandA\Work\AndresStrello\ILSAreport_checks\DB\TIMSS_8_2015.sav;NONE
Thailand;BSMMAT0;5.At or Above 625;400 475 550 625;373,2;17201,5615596;4962,20638800647;2,55697844996475;,740422763414862;TOTWGT;150;JRR;FULL;5;N;25-FEB-26;22h35m;Z:\RandA\Work\AndresStrello\ILSAreport_checks\DB\TIMSS_8_2015.sav;NONE
United Arab Emirates;BSMMAT0;1.Below 400;400 475 550 625;5297,2;15254,0128732;448,869390585672;26,6071983456932;,739340770536451;TOTWGT;150;JRR;FULL;5;N;25-FEB-26;22h35m;Z:\RandA\Work\AndresStrello\ILSAreport_checks\DB\TIMSS_8_2015.sav;NONE
United Arab Emirates;BSMMAT0;2.From 400 to Below 475;400 475 550 625;5084;15450,924917;462,758043726747;26,9506671659699;,687425939403748;TOTWGT;150;JRR;FULL;5;N;25-FEB-26;22h35m;Z:\RandA\Work\AndresStrello\ILSAreport_checks\DB\TIMSS_8_2015.sav;NONE
United Arab Emirates;BSMMAT0;3.From 475 to Below 550;400 475 550 625;4459,6;14967,3124698001;532,715265023364;26,1071139048014;,721528177308452;TOTWGT;150;JRR;FULL;5;N;25-FEB-26;22h35m;Z:\RandA\Work\AndresStrello\ILSAreport_checks\DB\TIMSS_8_2015.sav;NONE
United Arab Emirates;BSMMAT0;4.From 550 to Below 625;400 475 550 625;2448,4;8932,760562;330,955880235629;15,5811938814668;,548295647465957;TOTWGT;150;JRR;FULL;5;N;25-FEB-26;22h35m;Z:\RandA\Work\AndresStrello\ILSAreport_checks\DB\TIMSS_8_2015.sav;NONE
United Arab Emirates;BSMMAT0;5.At or Above 625;400 475 550 625;722,8;2725,387798;220,304052437456;4,75382670206872;,386236209271787;TOTWGT;150;JRR;FULL;5;N;25-FEB-26;22h35m;Z:\RandA\Work\AndresStrello\ILSAreport_checks\DB\TIMSS_8_2015.sav;NONE
Turkey;BSMMAT0;1.Below 400;400 475 550 625;1864,6;357444,6939592;19713,3134055237;30,090643030207;1,57372581280911;TOTWGT;150;JRR;FULL;5;N;25-FEB-26;22h35m;Z:\RandA\Work\AndresStrello\ILSAreport_checks\DB\TIMSS_8_2015.sav;NONE
Turkey;BSMMAT0;2.From 400 to Below 475;400 475 550 625;1668,2;326957,7477196;13973,3149850138;27,5241709804593;1,00495934485762;TOTWGT;150;JRR;FULL;5;N;25-FEB-26;22h35m;Z:\RandA\Work\AndresStrello\ILSAreport_checks\DB\TIMSS_8_2015.sav;NONE
Turkey;BSMMAT0;3.From 475 to Below 550;400 475 550 625;1366,2;265215,3452646;11407,7377160462;22,3265316715013;,91315916687227;TOTWGT;150;JRR;FULL;5;N;25-FEB-26;22h35m;Z:\RandA\Work\AndresStrello\ILSAreport_checks\DB\TIMSS_8_2015.sav;NONE
Turkey;BSMMAT0;4.From 550 to Below 625;400 475 550 625;834,2;165435,0220914;11970,9627645475;13,926759240172;,933326831846797;TOTWGT;150;JRR;FULL;5;N;25-FEB-26;22h35m;Z:\RandA\Work\AndresStrello\ILSAreport_checks\DB\TIMSS_8_2015.sav;NONE
Turkey;BSMMAT0;5.At or Above 625;400 475 550 625;345,8;72840,3629401998;10683,238521836;6,13189507766047;,874992270060814;TOTWGT;150;JRR;FULL;5;N;25-FEB-26;22h35m;Z:\RandA\Work\AndresStrello\ILSAreport_checks\DB\TIMSS_8_2015.sav;NONE
Egypt;BSMMAT0;1.Below 400;400 475 550 625;3935,4;708285,950323998;26865,0107817245;52,8176166918442;1,79880043968358;TOTWGT;150;JRR;FULL;5;N;25-FEB-26;22h35m;Z:\RandA\Work\AndresStrello\ILSAreport_checks\DB\TIMSS_8_2015.sav;NONE
Egypt;BSMMAT0;2.From 400 to Below 475;400 475 550 625;2061,8;346844,637600999;13134,6697162421;25,8645637571254;,910770843988623;TOTWGT;150;JRR;FULL;5;N;25-FEB-26;22h35m;Z:\RandA\Work\AndresStrello\ILSAreport_checks\DB\TIMSS_8_2015.sav;NONE
Egypt;BSMMAT0;3.From 475 to Below 550;400 475 550 625;1345,4;213687,9616284;13153,4510358713;15,9349325562472;,971541659664647;TOTWGT;150;JRR;FULL;5;N;25-FEB-26;22h35m;Z:\RandA\Work\AndresStrello\ILSAreport_checks\DB\TIMSS_8_2015.sav;NONE
Egypt;BSMMAT0;4.From 550 to Below 625;400 475 550 625;432,4;65886,4861723999;7161,8123684639;4,91322349431673;,532409217772026;TOTWGT;150;JRR;FULL;5;N;25-FEB-26;22h35m;Z:\RandA\Work\AndresStrello\ILSAreport_checks\DB\TIMSS_8_2015.sav;NONE
Egypt;BSMMAT0;5.At or Above 625;400 475 550 625;47;6298,2027512;1599,62051960902;,469663500466486;,118518000573612;TOTWGT;150;JRR;FULL;5;N;25-FEB-26;22h35m;Z:\RandA\Work\AndresStrello\ILSAreport_checks\DB\TIMSS_8_2015.sav;NONE
United States;BSMMAT0;1.Below 400;400 475 550 625;907,8;311291,7222068;27330,6278971945;8,51273994437362;,74196418783562;TOTWGT;150;JRR;FULL;5;N;25-FEB-26;22h35m;Z:\RandA\Work\AndresStrello\ILSAreport_checks\DB\TIMSS_8_2015.sav;NONE
United States;BSMMAT0;2.From 400 to Below 475;400 475 550 625;2293,6;798674,460314402;35954,7285251359;21,8409533432847;,958205973081575;TOTWGT;150;JRR;FULL;5;N;25-FEB-26;22h35m;Z:\RandA\Work\AndresStrello\ILSAreport_checks\DB\TIMSS_8_2015.sav;NONE
United States;BSMMAT0;3.From 475 to Below 550;400 475 550 625;3367,8;1205988,91886;36210,4843494015;32,9795793131669;,927594045260311;TOTWGT;150;JRR;FULL;5;N;25-FEB-26;22h35m;Z:\RandA\Work\AndresStrello\ILSAreport_checks\DB\TIMSS_8_2015.sav;NONE
United States;BSMMAT0;4.From 550 to Below 625;400 475 550 625;2714,2;984989,706967603;38815,2065183523;26,936023752439;,959477380114631;TOTWGT;150;JRR;FULL;5;N;25-FEB-26;22h35m;Z:\RandA\Work\AndresStrello\ILSAreport_checks\DB\TIMSS_8_2015.sav;NONE
United States;BSMMAT0;5.At or Above 625;400 475 550 625;937,6;355829,9109652;34488,8083305019;9,73070364673579;,926594741992051;TOTWGT;150;JRR;FULL;5;N;25-FEB-26;22h35m;Z:\RandA\Work\AndresStrello\ILSAreport_checks\DB\TIMSS_8_2015.sav;NONE
England;BSMMAT0;1.Below 400;400 475 550 625;287,8;38383,5909626;6369,20345832214;6,85477688259237;1,2052233171203;TOTWGT;150;JRR;FULL;5;N;25-FEB-26;22h35m;Z:\RandA\Work\AndresStrello\ILSAreport_checks\DB\TIMSS_8_2015.sav;NONE
England;BSMMAT0;2.From 400 to Below 475;400 475 550 625;1080,8;137028,7300194;9337,82266292342;24,4714302969518;1,76077475377261;TOTWGT;150;JRR;FULL;5;N;25-FEB-26;22h35m;Z:\RandA\Work\AndresStrello\ILSAreport_checks\DB\TIMSS_8_2015.sav;NONE
England;BSMMAT0;3.From 475 to Below 550;400 475 550 625;1607;184033,4305574;13606,6242141865;32,8658177562964;2,04179999546946;TOTWGT;150;JRR;FULL;5;N;25-FEB-26;22h35m;Z:\RandA\Work\AndresStrello\ILSAreport_checks\DB\TIMSS_8_2015.sav;NONE
England;BSMMAT0;4.From 550 to Below 625;400 475 550 625;1381,2;146064,1226272;12110,0474031013;26,0850260762899;2,02117011084668;TOTWGT;150;JRR;FULL;5;N;25-FEB-26;22h35m;Z:\RandA\Work\AndresStrello\ILSAreport_checks\DB\TIMSS_8_2015.sav;NONE
England;BSMMAT0;5.At or Above 625;400 475 550 625;457,2;54444,0327224001;6295,62966309258;9,72294898786956;1,08407033089995;TOTWGT;150;JRR;FULL;5;N;25-FEB-26;22h35m;Z:\RandA\Work\AndresStrello\ILSAreport_checks\DB\TIMSS_8_2015.sav;NONE
Norway (8);BSMMAT0;1.Below 400;400 475 550 625;458,6;5946,74783600001;504,720485319479;10,1719531779388;,86712658399389;TOTWGT;150;JRR;FULL;5;N;25-FEB-26;22h35m;Z:\RandA\Work\AndresStrello\ILSAreport_checks\DB\TIMSS_8_2015.sav;NONE
Norway (8);BSMMAT0;2.From 400 to Below 475;400 475 550 625;1452;18026,4799722;697,182771394301;30,8344182899822;1,06780446725458;TOTWGT;150;JRR;FULL;5;N;25-FEB-26;22h35m;Z:\RandA\Work\AndresStrello\ILSAreport_checks\DB\TIMSS_8_2015.sav;NONE
Norway (8);BSMMAT0;3.From 475 to Below 550;400 475 550 625;2021,4;24566,918826;926,236966111274;42,0218840475307;1,26553408392899;TOTWGT;150;JRR;FULL;5;N;25-FEB-26;22h35m;Z:\RandA\Work\AndresStrello\ILSAreport_checks\DB\TIMSS_8_2015.sav;NONE
Norway (8);BSMMAT0;4.From 550 to Below 625;400 475 550 625;807,8;9338,555398;583,221960501585;15,9736634001852;,946342866902625;TOTWGT;150;JRR;FULL;5;N;25-FEB-26;22h35m;Z:\RandA\Work\AndresStrello\ILSAreport_checks\DB\TIMSS_8_2015.sav;NONE
Norway (8);BSMMAT0;5.At or Above 625;400 475 550 625;55,2;583,5001818;112,304865956645;,998081084363033;,192305239629961;TOTWGT;150;JRR;FULL;5;N;25-FEB-26;22h35m;Z:\RandA\Work\AndresStrello\ILSAreport_checks\DB\TIMSS_8_2015.sav;NONE
United Arab Emirates (Dubai);BSMMAT0;1.Below 400;400 475 550 625;997,4;1917,1810122;74,5092376246086;11,8566497559437;,459242851094996;TOTWGT;150;JRR;FULL;5;N;25-FEB-26;22h35m;Z:\RandA\Work\AndresStrello\ILSAreport_checks\DB\TIMSS_8_2015.sav;NONE
United Arab Emirates (Dubai);BSMMAT0;2.From 400 to Below 475;400 475 550 625;1490,4;3488,52728199998;145,614667827573;21,5745127265078;,88553671548859;TOTWGT;150;JRR;FULL;5;N;25-FEB-26;22h35m;Z:\RandA\Work\AndresStrello\ILSAreport_checks\DB\TIMSS_8_2015.sav;NONE
United Arab Emirates (Dubai);BSMMAT0;3.From 475 to Below 550;400 475 550 625;1749;4971,13473159997;177,4720298204;30,7435776940811;1,05984363085093;TOTWGT;150;JRR;FULL;5;N;25-FEB-26;22h35m;Z:\RandA\Work\AndresStrello\ILSAreport_checks\DB\TIMSS_8_2015.sav;NONE
United Arab Emirates (Dubai);BSMMAT0;4.From 550 to Below 625;400 475 550 625;1395,8;4201,92125999996;167,665444885685;25,9864396553265;1,02088337354445;TOTWGT;150;JRR;FULL;5;N;25-FEB-26;22h35m;Z:\RandA\Work\AndresStrello\ILSAreport_checks\DB\TIMSS_8_2015.sav;NONE
United Arab Emirates (Dubai);BSMMAT0;5.At or Above 625;400 475 550 625;516,4;1590,9046482;135,200786821402;9,83882016814092;,837091070578745;TOTWGT;150;JRR;FULL;5;N;25-FEB-26;22h35m;Z:\RandA\Work\AndresStrello\ILSAreport_checks\DB\TIMSS_8_2015.sav;NONE
United Arab Emirates (Abu Dhabi);BSMMAT0;1.Below 400;400 475 550 625;1903,4;7471,29568579998;382,449994439229;35,2985607071334;1,87872774254915;TOTWGT;150;JRR;FULL;5;N;25-FEB-26;22h35m;Z:\RandA\Work\AndresStrello\ILSAreport_checks\DB\TIMSS_8_2015.sav;NONE
United Arab Emirates (Abu Dhabi);BSMMAT0;2.From 400 to Below 475;400 475 550 625;1370,6;5885,2202488;324,707617931888;27,8050572435447;1,24892196500071;TOTWGT;150;JRR;FULL;5;N;25-FEB-26;22h35m;Z:\RandA\Work\AndresStrello\ILSAreport_checks\DB\TIMSS_8_2015.sav;NONE
United Arab Emirates (Abu Dhabi);BSMMAT0;3.From 475 to Below 550;400 475 550 625;997,8;4769,1010532;386,583456793777;22,5318887277862;1,41765408647643;TOTWGT;150;JRR;FULL;5;N;25-FEB-26;22h35m;Z:\RandA\Work\AndresStrello\ILSAreport_checks\DB\TIMSS_8_2015.sav;NONE
United Arab Emirates (Abu Dhabi);BSMMAT0;4.From 550 to Below 625;400 475 550 625;448;2332,2247908;239,621916534381;11,0187284539148;1,06865876285159;TOTWGT;150;JRR;FULL;5;N;25-FEB-26;22h35m;Z:\RandA\Work\AndresStrello\ILSAreport_checks\DB\TIMSS_8_2015.sav;NONE
United Arab Emirates (Abu Dhabi);BSMMAT0;5.At or Above 625;400 475 550 625;118,2;708,1648124;155,442826809001;3,34576486762089;,727226940878041;TOTWGT;150;JRR;FULL;5;N;25-FEB-26;22h35m;Z:\RandA\Work\AndresStrello\ILSAreport_checks\DB\TIMSS_8_2015.sav;NONE
Canada (Ontario);BSMMAT0;1.Below 400;400 475 550 625;209,8;7013,3303454;885,622612858363;5,05647220815387;,620175404454315;TOTWGT;150;JRR;FULL;5;N;25-FEB-26;22h35m;Z:\RandA\Work\AndresStrello\ILSAreport_checks\DB\TIMSS_8_2015.sav;NONE
Canada (Ontario);BSMMAT0;2.From 400 to Below 475;400 475 550 625;893,8;27531,1979597999;1536,14525339297;19,8494481915027;1,06911819351143;TOTWGT;150;JRR;FULL;5;N;25-FEB-26;22h35m;Z:\RandA\Work\AndresStrello\ILSAreport_checks\DB\TIMSS_8_2015.sav;NONE
Canada (Ontario);BSMMAT0;3.From 475 to Below 550;400 475 550 625;1721;52910,0100759999;2206,92473792763;38,1470688398289;1,29120099099454;TOTWGT;150;JRR;FULL;5;N;25-FEB-26;22h35m;Z:\RandA\Work\AndresStrello\ILSAreport_checks\DB\TIMSS_8_2015.sav;NONE
Canada (Ontario);BSMMAT0;4.From 550 to Below 625;400 475 550 625;1409,4;42450,3389803999;2217,24750632064;30,6058532408772;1,3687798508958;TOTWGT;150;JRR;FULL;5;N;25-FEB-26;22h35m;Z:\RandA\Work\AndresStrello\ILSAreport_checks\DB\TIMSS_8_2015.sav;NONE
Canada (Ontario);BSMMAT0;5.At or Above 625;400 475 550 625;286;8795,18973440001;1018,08669601;6,34115751963733;,720011999401839;TOTWGT;150;JRR;FULL;5;N;25-FEB-26;22h35m;Z:\RandA\Work\AndresStrello\ILSAreport_checks\DB\TIMSS_8_2015.sav;NONE
Canada (Quebec);BSMMAT0;1.Below 400;400 475 550 625;65,6;1396,9512334;544,376181718857;1,91136742246814;,734644130430497;TOTWGT;150;JRR;FULL;5;N;25-FEB-26;22h35m;Z:\RandA\Work\AndresStrello\ILSAreport_checks\DB\TIMSS_8_2015.sav;NONE
Canada (Quebec);BSMMAT0;2.From 400 to Below 475;400 475 550 625;442,4;9162,08151160002;1439,24275876218;12,5359452102331;1,91820208893333;TOTWGT;150;JRR;FULL;5;N;25-FEB-26;22h35m;Z:\RandA\Work\AndresStrello\ILSAreport_checks\DB\TIMSS_8_2015.sav;NONE
Canada (Quebec);BSMMAT0;3.From 475 to Below 550;400 475 550 625;1365,8;28001,639269;1580,19600973575;38,3130203795352;1,95663648624063;TOTWGT;150;JRR;FULL;5;N;25-FEB-26;22h35m;Z:\RandA\Work\AndresStrello\ILSAreport_checks\DB\TIMSS_8_2015.sav;NONE
Canada (Quebec);BSMMAT0;4.From 550 to Below 625;400 475 550 625;1638,6;27750,7864105999;1609,4868051284;37,9697929497474;2,00788945347363;TOTWGT;150;JRR;FULL;5;N;25-FEB-26;22h35m;Z:\RandA\Work\AndresStrello\ILSAreport_checks\DB\TIMSS_8_2015.sav;NONE
Canada (Quebec);BSMMAT0;5.At or Above 625;400 475 550 625;437,6;6775,02494740001;809,862067031417;9,26987403801614;1,06612664043217;TOTWGT;150;JRR;FULL;5;N;25-FEB-26;22h35m;Z:\RandA\Work\AndresStrello\ILSAreport_checks\DB\TIMSS_8_2015.sav;NONE
Argentina, Buenos Aires;BSMMAT0;1.Below 400;400 475 550 625;1521,2;21766,585413;1053,34261941089;51,8030685372034;2,07679532317907;TOTWGT;150;JRR;FULL;5;N;25-FEB-26;22h35m;Z:\RandA\Work\AndresStrello\ILSAreport_checks\DB\TIMSS_8_2015.sav;NONE
Argentina, Buenos Aires;BSMMAT0;2.From 400 to Below 475;400 475 550 625;956,4;11524,3391372;724,664225317625;27,4271834025834;1,34943445659812;TOTWGT;150;JRR;FULL;5;N;25-FEB-26;22h35m;Z:\RandA\Work\AndresStrello\ILSAreport_checks\DB\TIMSS_8_2015.sav;NONE
Argentina, Buenos Aires;BSMMAT0;3.From 475 to Below 550;400 475 550 625;645,8;7289,094967;590,657730037652;17,347575606607;1,25753760318061;TOTWGT;150;JRR;FULL;5;N;25-FEB-26;22h35m;Z:\RandA\Work\AndresStrello\ILSAreport_checks\DB\TIMSS_8_2015.sav;NONE
Argentina, Buenos Aires;BSMMAT0;4.From 550 to Below 625;400 475 550 625;124,8;1383,018322;286,679184549387;3,29149435078525;,669733053474288;TOTWGT;150;JRR;FULL;5;N;25-FEB-26;22h35m;Z:\RandA\Work\AndresStrello\ILSAreport_checks\DB\TIMSS_8_2015.sav;NONE
Argentina, Buenos Aires;BSMMAT0;5.At or Above 625;400 475 550 625;4,8;54,9082548;50,0628134557916;,130678102821025;,118696692529009;TOTWGT;150;JRR;FULL;5;N;25-FEB-26;22h35m;Z:\RandA\Work\AndresStrello\ILSAreport_checks\DB\TIMSS_8_2015.sav;NONE
Table Average;BSMMAT0;1.Below 400;400 475 550 625; ; ; ;23,1372306853108;,190395574781173;TOTWGT;150;JRR;FULL;5;N;25-FEB-26;22h35m;Z:\RandA\Work\AndresStrello\ILSAreport_checks\DB\TIMSS_8_2015.sav;NONE
Table Average;BSMMAT0;2.From 400 to Below 475;400 475 550 625; ; ; ;23,3891359309031;,170853339605649;TOTWGT;150;JRR;FULL;5;N;25-FEB-26;22h35m;Z:\RandA\Work\AndresStrello\ILSAreport_checks\DB\TIMSS_8_2015.sav;NONE
Table Average;BSMMAT0;3.From 475 to Below 550;400 475 550 625; ; ; ;26,0579937437261;,173214935249574;TOTWGT;150;JRR;FULL;5;N;25-FEB-26;22h35m;Z:\RandA\Work\AndresStrello\ILSAreport_checks\DB\TIMSS_8_2015.sav;NONE
Table Average;BSMMAT0;4.From 550 to Below 625;400 475 550 625; ; ; ;18,5106506007255;,155690305838491;TOTWGT;150;JRR;FULL;5;N;25-FEB-26;22h35m;Z:\RandA\Work\AndresStrello\ILSAreport_checks\DB\TIMSS_8_2015.sav;NONE
Table Average;BSMMAT0;5.At or Above 625;400 475 550 625; ; ; ;8,90498903933441;,126316115317716;TOTWGT;150;JRR;FULL;5;N;25-FEB-26;22h35m;Z:\RandA\Work\AndresStrello\ILSAreport_checks\DB\TIMSS_8_2015.sav;NONE
